{
"type": "FeatureCollection",
"name": "people_1851_geocoded",
"crs": { "type": "name", "properties": { "name": "urn:ogc:def:crs:OGC:1.3:CRS84" } },
"features": [
{ "type": "Feature", "properties": { "surname": "Ackwood", "given": "Wm. sawyer", "occupation": "", "house_no": 13, "street_raw": "Tyson st", "street_matched": "TYSON", "side": "", "confidence": "street_proportional", "anchors_on_street": 0 }, "geometry": { "type": "Point", "coordinates": [ -76.619372553237852, 39.300461310918827 ] } },
{ "type": "Feature", "properties": { "surname": "Adams", "given": "Rllen", "occupation": "", "house_no": 27, "street_raw": "Douglass", "street_matched": "LEXINGTON", "side": "left", "confidence": "extrapolated", "anchors_on_street": 21 }, "geometry": { "type": "Point", "coordinates": [ -76.615245353193259, 39.291065717826946 ] } },
{ "type": "Feature", "properties": { "surname": "Adams", "given": "Geo. porter", "occupation": "", "house_no": 19, "street_raw": "Jew al", "street_matched": "JEW", "side": "", "confidence": "street_proportional", "anchors_on_street": 0 }, "geometry": { "type": "Point", "coordinates": [ -76.621590602765735, 39.291447009072868 ] } },
{ "type": "Feature", "properties": { "surname": "Ajams", "given": "Isaac", "occupation": "blacksmith", "house_no": 9, "street_raw": "Dover", "street_matched": "DOVER", "side": "", "confidence": "street_proportional", "anchors_on_street": 0 }, "geometry": { "type": "Point", "coordinates": [ -76.616407266077928, 39.286053369934969 ] } },
{ "type": "Feature", "properties": { "surname": "Adams", "given": "James", "occupation": "porter", "house_no": 18, "street_raw": "Jefferson", "street_matched": "JEFFERSON", "side": "", "confidence": "street_proportional", "anchors_on_street": 0 }, "geometry": { "type": "Point", "coordinates": [ -76.601802893330941, 39.295922314829127 ] } },
{ "type": "Feature", "properties": { "surname": "Adams", "given": "Nathan", "occupation": "laborer", "house_no": 40, "street_raw": "Burgundy al", "street_matched": "BURGUNDY", "side": "", "confidence": "street_proportional", "anchors_on_street": 0 }, "geometry": { "type": "Point", "coordinates": [ -76.625380002827043, 39.281521355454835 ] } },
{ "type": "Feature", "properties": { "surname": "Adams", "given": "Wm. drayman", "occupation": "", "house_no": 34, "street_raw": "Tyson", "street_matched": "TYSON", "side": "", "confidence": "street_proportional", "anchors_on_street": 0 }, "geometry": { "type": "Point", "coordinates": [ -76.619343443516541, 39.300010861792366 ] } },
{ "type": "Feature", "properties": { "surname": "Addison", "given": "Jos. shoemaker", "occupation": "", "house_no": 217, "street_raw": "Saratoga", "street_matched": "SARATOGA", "side": "right", "confidence": "bracketed", "anchors_on_street": 16 }, "geometry": { "type": "Point", "coordinates": [ -76.625243808629122, 39.292772632118343 ] } },
{ "type": "Feature", "properties": { "surname": "Addison", "given": "Thos. barber", "occupation": "", "house_no": 26, "street_raw": "Vine", "street_matched": "VINE", "side": "", "confidence": "street_proportional", "anchors_on_street": 0 }, "geometry": { "type": "Point", "coordinates": [ -76.629039668107936, 39.290608536164022 ] } },
{ "type": "Feature", "properties": { "surname": "Allen", "given": "Alex", "occupation": "whip sawyer", "house_no": 172, "street_raw": "Bethel", "street_matched": "BETHEL, (S)", "side": "left", "confidence": "bracketed", "anchors_on_street": 9 }, "geometry": { "type": "Point", "coordinates": [ -76.594417450573843, 39.284938500280774 ] } },
{ "type": "Feature", "properties": { "surname": "Allen", "given": "Sarah", "occupation": "washer", "house_no": 301, "street_raw": "Forest", "street_matched": "FORREST", "side": "", "confidence": "street_proportional", "anchors_on_street": 0 }, "geometry": { "type": "Point", "coordinates": [ -76.60302141951928, 39.294479629254212 ] } },
{ "type": "Feature", "properties": { "surname": "Alson", "given": "Thos. laborer", "occupation": "", "house_no": 94, "street_raw": "Henrietta", "street_matched": "HENRIETTA", "side": "", "confidence": "street_proportional", "anchors_on_street": 0 }, "geometry": { "type": "Point", "coordinates": [ -76.615595315183469, 39.27893196549558 ] } },
{ "type": "Feature", "properties": { "surname": "Anderson", "given": "Chas. barber", "occupation": "", "house_no": 52, "street_raw": "Tyson", "street_matched": "TYSON", "side": "", "confidence": "street_proportional", "anchors_on_street": 0 }, "geometry": { "type": "Point", "coordinates": [ -76.619318492621147, 39.299624762486708 ] } },
{ "type": "Feature", "properties": { "surname": "Anderson", "given": "Eliza", "occupation": "", "house_no": 44, "street_raw": "Low", "street_matched": "LOW", "side": "", "confidence": "street_proportional", "anchors_on_street": 0 }, "geometry": { "type": "Point", "coordinates": [ -76.602260799804014, 39.29631661974306 ] } },
{ "type": "Feature", "properties": { "surname": "Anderson", "given": "Km'!", "occupation": "sawyer", "house_no": 16, "street_raw": "Dallas", "street_matched": "DALLAS (S)", "side": "left", "confidence": "bracketed", "anchors_on_street": 9 }, "geometry": { "type": "Point", "coordinates": [ -76.596379767503308, 39.291060318707643 ] } },
{ "type": "Feature", "properties": { "surname": "Anderson", "given": "Emeline", "occupation": "", "house_no": 828, "street_raw": "Carey", "street_matched": "CAREY", "side": "", "confidence": "street_proportional", "anchors_on_street": 0 }, "geometry": { "type": "Point", "coordinates": [ -76.638617337113743, 39.297119470958528 ] } },
{ "type": "Feature", "properties": { "surname": "Anderson", "given": "Henry", "occupation": "laborer", "house_no": 60, "street_raw": "Peirce", "street_matched": "PIERCE", "side": "", "confidence": "street_proportional", "anchors_on_street": 0 }, "geometry": { "type": "Point", "coordinates": [ -76.631078939945311, 39.293962616430939 ] } },
{ "type": "Feature", "properties": { "surname": "Anderson", "given": "Jacob", "occupation": "barber", "house_no": 125, "street_raw": "Hill", "street_matched": "HILL", "side": "left", "confidence": "bracketed", "anchors_on_street": 5 }, "geometry": { "type": "Point", "coordinates": [ -76.618003338815996, 39.280908049002377 ] } },
{ "type": "Feature", "properties": { "surname": "Anderson", "given": "John", "occupation": "1 laborer", "house_no": 83, "street_raw": "Stirling", "street_matched": "STIRLING", "side": "", "confidence": "street_proportional", "anchors_on_street": 0 }, "geometry": { "type": "Point", "coordinates": [ -76.602708016293136, 39.301622096354151 ] } },
{ "type": "Feature", "properties": { "surname": "Anderson", "given": "Peter", "occupation": "sawyer", "house_no": 15, "street_raw": "Tessier", "street_matched": "TESSIER", "side": "", "confidence": "street_proportional", "anchors_on_street": 0 }, "geometry": { "type": "Point", "coordinates": [ -76.625247543528275, 39.29657438849484 ] } },
{ "type": "Feature", "properties": { "surname": "Anderson", "given": "Thos. laborer", "occupation": "", "house_no": 179, "street_raw": "Peirce", "street_matched": "PIERCE", "side": "", "confidence": "street_proportional", "anchors_on_street": 0 }, "geometry": { "type": "Point", "coordinates": [ -76.624877202316441, 39.294191415219565 ] } },
{ "type": "Feature", "properties": { "surname": "Anthony", "given": "Danl. lumber wagoner", "occupation": "", "house_no": 101, "street_raw": "East", "street_matched": "EAST", "side": "", "confidence": "street_proportional", "anchors_on_street": 0 }, "geometry": { "type": "Point", "coordinates": [ -76.573471560348054, 39.30796869690289 ] } },
{ "type": "Feature", "properties": { "surname": "Anthony", "given": "Lucy", "occupation": "washer", "house_no": 47, "street_raw": "Sarah Ann", "street_matched": "SARAH ANN", "side": "", "confidence": "street_proportional", "anchors_on_street": 0 }, "geometry": { "type": "Point", "coordinates": [ -76.626355600624066, 39.293208669415421 ] } },
{ "type": "Feature", "properties": { "surname": "Armstrong", "given": "Elizabeth", "occupation": "", "house_no": 153, "street_raw": "Happy al", "street_matched": "DURHAM (S)", "side": "left", "confidence": "bracketed", "anchors_on_street": 9 }, "geometry": { "type": "Point", "coordinates": [ -76.590844934639833, 39.287702524009759 ] } },
{ "type": "Feature", "properties": { "surname": "Armstrong", "given": "F.lsbury", "occupation": "laborer", "house_no": 102, "street_raw": "s Spring", "street_matched": "SPRING (S.)", "side": "left", "confidence": "bracketed", "anchors_on_street": 8 }, "geometry": { "type": "Point", "coordinates": [ -76.597704654149098, 39.287992083210113 ] } },
{ "type": "Feature", "properties": { "surname": "Ash", "given": "Wilson", "occupation": "MeElderry st. contd.", "house_no": 78, "street_raw": "Bank lane", "street_matched": "BANK", "side": "left", "confidence": "bracketed", "anchors_on_street": 11 }, "geometry": { "type": "Point", "coordinates": [ -76.594886592417382, 39.286539633379832 ] } },
{ "type": "Feature", "properties": { "surname": "Ashton", "given": "Chas. laborer", "occupation": "", "house_no": 153, "street_raw": "Low", "street_matched": "LOW", "side": "", "confidence": "street_proportional", "anchors_on_street": 0 }, "geometry": { "type": "Point", "coordinates": [ -76.607399026164472, 39.292338239660488 ] } },
{ "type": "Feature", "properties": { "surname": "Askius", "given": "Jer. drayman", "occupation": "", "house_no": 218, "street_raw": "Hanover", "street_matched": "HANOVER", "side": "left", "confidence": "bracketed", "anchors_on_street": 12 }, "geometry": { "type": "Point", "coordinates": [ -76.615799326490531, 39.280578894026782 ] } },
{ "type": "Feature", "properties": { "surname": "Augustus", "given": "Mary", "occupation": "huckster", "house_no": 7, "street_raw": "e Fayette", "street_matched": "FAYETTE (E)", "side": "left", "confidence": "extrapolated", "anchors_on_street": 11 }, "geometry": { "type": "Point", "coordinates": [ -76.606215886208261, 39.290721092573143 ] } },
{ "type": "Feature", "properties": { "surname": "Bailey", "given": "Isaac", "occupation": "carpenter", "house_no": 60, "street_raw": "Dover", "street_matched": "DOVER", "side": "", "confidence": "street_proportional", "anchors_on_street": 0 }, "geometry": { "type": "Point", "coordinates": [ -76.622608652679318, 39.285744416907995 ] } },
{ "type": "Feature", "properties": { "surname": "Bailey", "given": "Jacob", "occupation": "laborer", "house_no": 63, "street_raw": "Jasper", "street_matched": "JASPER", "side": "", "confidence": "street_proportional", "anchors_on_street": 0 }, "geometry": { "type": "Point", "coordinates": [ -76.621940091975802, 39.294537040763181 ] } },
{ "type": "Feature", "properties": { "surname": "Bailey", "given": "John", "occupation": "bar keeper", "house_no": 13, "street_raw": "Temple", "street_matched": "TEMPLE", "side": "", "confidence": "street_proportional", "anchors_on_street": 0 }, "geometry": { "type": "Point", "coordinates": [ -76.603734695434255, 39.290299239977976 ] } },
{ "type": "Feature", "properties": { "surname": "Bailey", "given": "John", "occupation": "bar room and cellar, n w cor", "house_no": 13, "street_raw": "Temple", "street_matched": "TEMPLE", "side": "", "confidence": "street_proportional", "anchors_on_street": 0 }, "geometry": { "type": "Point", "coordinates": [ -76.603734695434255, 39.290299239977976 ] } },
{ "type": "Feature", "properties": { "surname": "Bailey", "given": "Lucretia", "occupation": "", "house_no": 16, "street_raw": "Harmony lane", "street_matched": "FORREST", "side": "", "confidence": "street_proportional", "anchors_on_street": 0 }, "geometry": { "type": "Point", "coordinates": [ -76.607947981333709, 39.300917198381313 ] } },
{ "type": "Feature", "properties": { "surname": "Bailey", "given": "Minty", "occupation": "", "house_no": 156, "street_raw": "Dallas", "street_matched": "DALLAS (S)", "side": "left", "confidence": "bracketed", "anchors_on_street": 9 }, "geometry": { "type": "Point", "coordinates": [ -76.596099472470868, 39.286425132715607 ] } },
{ "type": "Feature", "properties": { "surname": "Bailey", "given": "Philis", "occupation": "", "house_no": 15, "street_raw": "Tyson", "street_matched": "TYSON", "side": "", "confidence": "street_proportional", "anchors_on_street": 0 }, "geometry": { "type": "Point", "coordinates": [ -76.619369780867515, 39.300418411004976 ] } },
{ "type": "Feature", "properties": { "surname": "Biiley", "given": "Saml. caulker", "occupation": "", "house_no": 29, "street_raw": "Argyle al", "street_matched": "ARGYLE", "side": "", "confidence": "street_proportional", "anchors_on_street": 0 }, "geometry": { "type": "Point", "coordinates": [ -76.6337590522662, 39.301342124960954 ] } },
{ "type": "Feature", "properties": { "surname": "Baker", "given": "Jane", "occupation": "washer", "house_no": 47, "street_raw": "Sarah Ann", "street_matched": "SARAH ANN", "side": "", "confidence": "street_proportional", "anchors_on_street": 0 }, "geometry": { "type": "Point", "coordinates": [ -76.626355600624066, 39.293208669415421 ] } },
{ "type": "Feature", "properties": { "surname": "Ballard", "given": "Robt. laborer", "occupation": "", "house_no": 47, "street_raw": "n Dallas", "street_matched": "DALLAS (N)", "side": "left", "confidence": "bracketed", "anchors_on_street": 4 }, "geometry": { "type": "Point", "coordinates": [ -76.596564504595065, 39.294115313986936 ] } },
{ "type": "Feature", "properties": { "surname": "Baldwin", "given": "John", "occupation": "coachman", "house_no": 71, "street_raw": "Dover", "street_matched": "DOVER", "side": "", "confidence": "street_proportional", "anchors_on_street": 0 }, "geometry": { "type": "Point", "coordinates": [ -76.623952723107521, 39.28569241071618 ] } },
{ "type": "Feature", "properties": { "surname": "Banks", "given": "Horace", "occupation": "laborer", "house_no": 18, "street_raw": "Union", "street_matched": "COLVIN", "side": "", "confidence": "street_proportional", "anchors_on_street": 0 }, "geometry": { "type": "Point", "coordinates": [ -76.606757581823103, 39.295778206914832 ] } },
{ "type": "Feature", "properties": { "surname": "Banks", "given": "Robt. whip sawyer", "occupation": "", "house_no": 94, "street_raw": "Dallas", "street_matched": "DALLAS (S)", "side": "left", "confidence": "bracketed", "anchors_on_street": 9 }, "geometry": { "type": "Point", "coordinates": [ -76.596234952693038, 39.288665557813971 ] } },
{ "type": "Feature", "properties": { "surname": "Banta", "given": "Horace", "occupation": "", "house_no": 18, "street_raw": "Dallas", "street_matched": "DALLAS (S)", "side": "left", "confidence": "bracketed", "anchors_on_street": 9 }, "geometry": { "type": "Point", "coordinates": [ -76.596376380526507, 39.291004311037703 ] } },
{ "type": "Feature", "properties": { "surname": "Bantum", "given": "Ennals", "occupation": "", "house_no": 192, "street_raw": "Eastern av", "street_matched": "EASTERN", "side": "", "confidence": "street_proportional", "anchors_on_street": 0 }, "geometry": { "type": "Point", "coordinates": [ -76.582943635027746, 39.286030098909237 ] } },
{ "type": "Feature", "properties": { "surname": "Barber", "given": "John", "occupation": "steamboat man", "house_no": 102, "street_raw": "Happy al", "street_matched": "DURHAM (S)", "side": "left", "confidence": "bracketed", "anchors_on_street": 9 }, "geometry": { "type": "Point", "coordinates": [ -76.590906492036837, 39.288723924445442 ] } },
{ "type": "Feature", "properties": { "surname": "Barnes", "given": "David", "occupation": "sailor", "house_no": 8, "street_raw": "Lloyd", "street_matched": "LLOYD", "side": "", "confidence": "street_proportional", "anchors_on_street": 0 }, "geometry": { "type": "Point", "coordinates": [ -76.601167717265312, 39.288887456213054 ] } },
{ "type": "Feature", "properties": { "surname": "Barnes", "given": "Henry", "occupation": "laborer", "house_no": 68, "street_raw": "Spring", "street_matched": "SPRING (S.)", "side": "left", "confidence": "bracketed", "anchors_on_street": 8 }, "geometry": { "type": "Point", "coordinates": [ -76.597754994201921, 39.288788395902593 ] } },
{ "type": "Feature", "properties": { "surname": "Barnes", "given": "James", "occupation": "laborer", "house_no": 68, "street_raw": "Canal", "street_matched": "CANAL", "side": "", "confidence": "street_proportional", "anchors_on_street": 0 }, "geometry": { "type": "Point", "coordinates": [ -76.595224990615776, 39.296959107273864 ] } },
{ "type": "Feature", "properties": { "surname": "Barnes", "given": "Robt. drayman", "occupation": "", "house_no": 49, "street_raw": "Lewis", "street_matched": "LEWIS", "side": "", "confidence": "street_proportional", "anchors_on_street": 0 }, "geometry": { "type": "Point", "coordinates": [ -76.600340172943831, 39.296015610181186 ] } },
{ "type": "Feature", "properties": { "surname": "Barnes", "given": "Wra. laborer", "occupation": "", "house_no": 106, "street_raw": "s Spring", "street_matched": "SPRING (S.)", "side": "left", "confidence": "bracketed", "anchors_on_street": 8 }, "geometry": { "type": "Point", "coordinates": [ -76.597698731811505, 39.287898399352123 ] } },
{ "type": "Feature", "properties": { "surname": "Barnet", "given": "John", "occupation": "tailor", "house_no": 97, "street_raw": "Montgomery", "street_matched": "MONTGOMERY", "side": "left", "confidence": "extrapolated", "anchors_on_street": 7 }, "geometry": { "type": "Point", "coordinates": [ -76.60985412508326, 39.280059233318184 ] } },
{ "type": "Feature", "properties": { "surname": "Barnet", "given": "John", "occupation": "tailor", "house_no": 97, "street_raw": "Montgomery", "street_matched": "MONTGOMERY", "side": "left", "confidence": "extrapolated", "anchors_on_street": 7 }, "geometry": { "type": "Point", "coordinates": [ -76.60985412508326, 39.280059233318184 ] } },
{ "type": "Feature", "properties": { "surname": "Barnet", "given": "Mary A. washer", "occupation": "", "house_no": 38, "street_raw": "Perry", "street_matched": "PERRY", "side": "", "confidence": "street_proportional", "anchors_on_street": 0 }, "geometry": { "type": "Point", "coordinates": [ -76.615449570692064, 39.284913258665775 ] } },
{ "type": "Feature", "properties": { "surname": "Barnet", "given": "Oakley", "occupation": "sailor, 7 Lewis Barnet Wm. laborer. 114 s Eutaw B irney James, carter", "house_no": 13, "street_raw": "Star al", "street_matched": "CHAPEL", "side": "", "confidence": "street_proportional", "anchors_on_street": 0 }, "geometry": { "type": "Point", "coordinates": [ -76.590300089550567, 39.299487320603049 ] } },
{ "type": "Feature", "properties": { "surname": "Barney", "given": "Wm. brickmonkler", "occupation": "", "house_no": 21, "street_raw": "8 Sharp", "street_matched": "SHARP, (S)", "side": "left", "confidence": "extrapolated", "anchors_on_street": 5 }, "geometry": { "type": "Point", "coordinates": [ -76.617515642871879, 39.280923535799914 ] } },
{ "type": "Feature", "properties": { "surname": "Barney", "given": "Win. waiter", "occupation": "", "house_no": 81, "street_raw": "s Spring", "street_matched": "SPRING (S.)", "side": "left", "confidence": "bracketed", "anchors_on_street": 8 }, "geometry": { "type": "Point", "coordinates": [ -76.597735746678026, 39.28848392341682 ] } },
{ "type": "Feature", "properties": { "surname": "Bankani", "given": "Stephen", "occupation": "", "house_no": 228, "street_raw": "Happy al", "street_matched": "DURHAM (S)", "side": "left", "confidence": "bracketed", "anchors_on_street": 9 }, "geometry": { "type": "Point", "coordinates": [ -76.59065042539784, 39.284933668878082 ] } },
{ "type": "Feature", "properties": { "surname": "Barns", "given": "Harriet", "occupation": "washer", "house_no": 174, "street_raw": "Saratoga", "street_matched": "SARATOGA", "side": "left", "confidence": "extrapolated", "anchors_on_street": 16 }, "geometry": { "type": "Point", "coordinates": [ -76.62388484106431, 39.29281628110099 ] } },
{ "type": "Feature", "properties": { "surname": "Barrack", "given": "James", "occupation": "laborer", "house_no": 7, "street_raw": "Philpot al", "street_matched": "PHILPOT", "side": "", "confidence": "street_proportional", "anchors_on_street": 0 }, "geometry": { "type": "Point", "coordinates": [ -76.597441318486133, 39.279835383236112 ] } },
{ "type": "Feature", "properties": { "surname": "Barrett", "given": "Perry", "occupation": "sliip carpenter", "house_no": 163, "street_raw": "Washington", "street_matched": "WASHINGTON", "side": "", "confidence": "street_proportional", "anchors_on_street": 0 }, "geometry": { "type": "Point", "coordinates": [ -76.589535166708444, 39.297560199961239 ] } },
{ "type": "Feature", "properties": { "surname": "Barrett", "given": "Win. drayman", "occupation": "", "house_no": 69, "street_raw": "Orchard", "street_matched": "ORCHARD", "side": "", "confidence": "street_proportional", "anchors_on_street": 0 }, "geometry": { "type": "Point", "coordinates": [ -76.624169575034415, 39.297201966320891 ] } },
{ "type": "Feature", "properties": { "surname": "Barton", "given": "Rebecca", "occupation": "Washer", "house_no": 96, "street_raw": "North", "street_matched": "NORTH", "side": "", "confidence": "street_proportional", "anchors_on_street": 0 }, "geometry": { "type": "Point", "coordinates": [ -76.643719940189172, 39.310024003460811 ] } },
{ "type": "Feature", "properties": { "surname": "Battee", "given": "Thos. slevadore", "occupation": "", "house_no": 184, "street_raw": "s Caroline", "street_matched": "CAROLINE (S.)", "side": "left", "confidence": "bracketed", "anchors_on_street": 10 }, "geometry": { "type": "Point", "coordinates": [ -76.596800158604267, 39.286071793241398 ] } },
{ "type": "Feature", "properties": { "surname": "Baivn", "given": "Henry", "occupation": "laborer", "house_no": 158, "street_raw": "Sarah Ann", "street_matched": "SARAH ANN", "side": "", "confidence": "street_proportional", "anchors_on_street": 0 }, "geometry": { "type": "Point", "coordinates": [ -76.630280304097056, 39.293121873322832 ] } },
{ "type": "Feature", "properties": { "surname": "Beams", "given": "D. laborer", "occupation": "", "house_no": 35, "street_raw": "Clay", "street_matched": "CLAY", "side": "", "confidence": "street_proportional", "anchors_on_street": 0 }, "geometry": { "type": "Point", "coordinates": [ -76.619653350141135, 39.2922167950545 ] } },
{ "type": "Feature", "properties": { "surname": "Beams", "given": "Francis", "occupation": "drayman", "house_no": 54, "street_raw": "Peirce", "street_matched": "PIERCE", "side": "", "confidence": "street_proportional", "anchors_on_street": 0 }, "geometry": { "type": "Point", "coordinates": [ -76.631391631840899, 39.293951076622548 ] } },
{ "type": "Feature", "properties": { "surname": "Becket", "given": "Saml. laborer", "occupation": "", "house_no": 178, "street_raw": "Bethel", "street_matched": "BETHEL, (S)", "side": "left", "confidence": "bracketed", "anchors_on_street": 9 }, "geometry": { "type": "Point", "coordinates": [ -76.594401864627301, 39.284684031745762 ] } },
{ "type": "Feature", "properties": { "surname": "Becket", "given": "Solomon", "occupation": "", "house_no": 97, "street_raw": "Dallas", "street_matched": "DALLAS (S)", "side": "left", "confidence": "bracketed", "anchors_on_street": 9 }, "geometry": { "type": "Point", "coordinates": [ -76.596229653614927, 39.288577930318148 ] } },
{ "type": "Feature", "properties": { "surname": "Bell", "given": "Hanson", "occupation": "waiter", "house_no": 43, "street_raw": "State", "street_matched": "STATE", "side": "", "confidence": "street_proportional", "anchors_on_street": 0 }, "geometry": { "type": "Point", "coordinates": [ -76.620290627398589, 39.293186965685578 ] } },
{ "type": "Feature", "properties": { "surname": "Bell", "given": "John", "occupation": "porter", "house_no": 30, "street_raw": "Cross", "street_matched": "CROSS", "side": "", "confidence": "street_proportional", "anchors_on_street": 0 }, "geometry": { "type": "Point", "coordinates": [ -76.61439228686244, 39.276826794050997 ] } },
{ "type": "Feature", "properties": { "surname": "Bell", "given": "Joseph", "occupation": "drayman", "house_no": 68, "street_raw": "Dover", "street_matched": "DOVER", "side": "", "confidence": "street_proportional", "anchors_on_street": 0 }, "geometry": { "type": "Point", "coordinates": [ -76.623586158469124, 39.285706593069975 ] } },
{ "type": "Feature", "properties": { "surname": "Bennet", "given": "Elias", "occupation": "laborer", "house_no": 91, "street_raw": "s Spring", "street_matched": "SPRING (S.)", "side": "left", "confidence": "bracketed", "anchors_on_street": 8 }, "geometry": { "type": "Point", "coordinates": [ -76.597720940658093, 39.288249713804582 ] } },
{ "type": "Feature", "properties": { "surname": "Bennet", "given": "Louisa", "occupation": "", "house_no": 106, "street_raw": "s Caroline", "street_matched": "CAROLINE (S.)", "side": "left", "confidence": "bracketed", "anchors_on_street": 10 }, "geometry": { "type": "Point", "coordinates": [ -76.596938841364732, 39.288109478172153 ] } },
{ "type": "Feature", "properties": { "surname": "Bennet", "given": "Robt. seaman", "occupation": "", "house_no": 251, "street_raw": "n Gay", "street_matched": "GAY, (N)", "side": "right", "confidence": "extrapolated", "anchors_on_street": 9 }, "geometry": { "type": "Point", "coordinates": [ -76.601308965441916, 39.298082117436834 ] } },
{ "type": "Feature", "properties": { "surname": "Benton", "given": "Aaron", "occupation": "laborer", "house_no": 59, "street_raw": "West", "street_matched": "WEST", "side": "", "confidence": "street_proportional", "anchors_on_street": 0 }, "geometry": { "type": "Point", "coordinates": [ -76.61873806512726, 39.276020492720775 ] } },
{ "type": "Feature", "properties": { "surname": "Benton", "given": "Martha", "occupation": "", "house_no": 12, "street_raw": "Short al", "street_matched": "SHORT", "side": "", "confidence": "street_proportional", "anchors_on_street": 0 }, "geometry": { "type": "Point", "coordinates": [ -76.59769187924141, 39.295885021078178 ] } },
{ "type": "Feature", "properties": { "surname": "Berry", "given": "Geo. drayman", "occupation": "", "house_no": 158, "street_raw": "East", "street_matched": "EAST", "side": "", "confidence": "street_proportional", "anchors_on_street": 0 }, "geometry": { "type": "Point", "coordinates": [ -76.57355980592051, 39.309659062914349 ] } },
{ "type": "Feature", "properties": { "surname": "Berry", "given": "James", "occupation": "laborer", "house_no": 77, "street_raw": "Dallas", "street_matched": "DALLAS (S)", "side": "left", "confidence": "bracketed", "anchors_on_street": 9 }, "geometry": { "type": "Point", "coordinates": [ -76.596265248188047, 39.289166531087261 ] } },
{ "type": "Feature", "properties": { "surname": "Berry", "given": "Leah", "occupation": "", "house_no": 28, "street_raw": "Vine", "street_matched": "VINE", "side": "", "confidence": "street_proportional", "anchors_on_street": 0 }, "geometry": { "type": "Point", "coordinates": [ -76.62935715566833, 39.290596118045279 ] } },
{ "type": "Feature", "properties": { "surname": "Berry", "given": "Mary", "occupation": "tutoress", "house_no": 103, "street_raw": "Pine", "street_matched": "PINE, (N)", "side": "left", "confidence": "bracketed", "anchors_on_street": 10 }, "geometry": { "type": "Point", "coordinates": [ -76.627165624541917, 39.293567035986435 ] } },
{ "type": "Feature", "properties": { "surname": "Berryman", "given": "Chas. laborer", "occupation": "", "house_no": 50, "street_raw": "Forest", "street_matched": "FORREST", "side": "", "confidence": "street_proportional", "anchors_on_street": 0 }, "geometry": { "type": "Point", "coordinates": [ -76.607709190198847, 39.300015566030119 ] } },
{ "type": "Feature", "properties": { "surname": "Bevan", "given": "Perry", "occupation": "", "house_no": 232, "street_raw": "Bethel", "street_matched": "BETHEL, (S)", "side": "right", "confidence": "bracketed", "anchors_on_street": 9 }, "geometry": { "type": "Point", "coordinates": [ -76.594288654590002, 39.283154339384915 ] } },
{ "type": "Feature", "properties": { "surname": "Biddle", "given": "Geo. briekmaker", "occupation": "", "house_no": 38, "street_raw": "Elbow lane", "street_matched": "CAMDEN", "side": "left", "confidence": "bracketed", "anchors_on_street": 6 }, "geometry": { "type": "Point", "coordinates": [ -76.615897988064745, 39.285403682598478 ] } },
{ "type": "Feature", "properties": { "surname": "Bird", "given": "James", "occupation": "laborer", "house_no": 109, "street_raw": "York", "street_matched": "YORK", "side": "", "confidence": "street_proportional", "anchors_on_street": 0 }, "geometry": { "type": "Point", "coordinates": [ -76.611595487570327, 39.281468070557736 ] } },
{ "type": "Feature", "properties": { "surname": "Bishop", "given": "Fanny", "occupation": "washer", "house_no": 29, "street_raw": "East", "street_matched": "EAST", "side": "", "confidence": "street_proportional", "anchors_on_street": 0 }, "geometry": { "type": "Point", "coordinates": [ -76.573360096879568, 39.305833496438979 ] } },
{ "type": "Feature", "properties": { "surname": "Bishop", "given": "Jacob", "occupation": "waiter", "house_no": 54, "street_raw": "Tyson", "street_matched": "TYSON", "side": "", "confidence": "street_proportional", "anchors_on_street": 0 }, "geometry": { "type": "Point", "coordinates": [ -76.619315720316209, 39.29958186256075 ] } },
{ "type": "Feature", "properties": { "surname": "Bishop", "given": "John", "occupation": "laborer", "house_no": 3, "street_raw": "Elbow lane", "street_matched": "CAMDEN", "side": "left", "confidence": "extrapolated", "anchors_on_street": 6 }, "geometry": { "type": "Point", "coordinates": [ -76.613967592459375, 39.285481256377899 ] } },
{ "type": "Feature", "properties": { "surname": "Black", "given": "John", "occupation": "sawyer", "house_no": 4, "street_raw": "State", "street_matched": "STATE", "side": "", "confidence": "street_proportional", "anchors_on_street": 0 }, "geometry": { "type": "Point", "coordinates": [ -76.620393803221546, 39.294889720130499 ] } },
{ "type": "Feature", "properties": { "surname": "Blaue", "given": "Catharine", "occupation": "", "house_no": 5, "street_raw": "Haw", "street_matched": "HAW", "side": "", "confidence": "street_proportional", "anchors_on_street": 0 }, "geometry": { "type": "Point", "coordinates": [ -76.625573543797159, 39.284701656757385 ] } },
{ "type": "Feature", "properties": { "surname": "Blake", "given": "Rev. Cato", "occupation": "stralv cutter", "house_no": 40, "street_raw": "Rock", "street_matched": "ROCK", "side": "", "confidence": "street_proportional", "anchors_on_street": 0 }, "geometry": { "type": "Point", "coordinates": [ -76.631624127099343, 39.292545855443272 ] } },
{ "type": "Feature", "properties": { "surname": "Blake", "given": "Edwd. waiter", "occupation": "", "house_no": 62, "street_raw": "Davis", "street_matched": "DAVIS", "side": "", "confidence": "street_proportional", "anchors_on_street": 0 }, "geometry": { "type": "Point", "coordinates": [ -76.612114409764473, 39.294004542169688 ] } },
{ "type": "Feature", "properties": { "surname": "Blake", "given": "Emily", "occupation": "", "house_no": 51, "street_raw": "East", "street_matched": "EAST", "side": "", "confidence": "street_proportional", "anchors_on_street": 0 }, "geometry": { "type": "Point", "coordinates": [ -76.573394154478621, 39.306485918960021 ] } },
{ "type": "Feature", "properties": { "surname": "BHke", "given": "Geo. laborer", "occupation": "", "house_no": 6, "street_raw": "n Dallas", "street_matched": "DALLAS (N)", "side": "left", "confidence": "bracketed", "anchors_on_street": 4 }, "geometry": { "type": "Point", "coordinates": [ -76.596417789904734, 39.291689078373878 ] } },
{ "type": "Feature", "properties": { "surname": "Blake", "given": "James", "occupation": "", "house_no": 197, "street_raw": "Happy al", "street_matched": "DURHAM (S)", "side": "left", "confidence": "bracketed", "anchors_on_street": 9 }, "geometry": { "type": "Point", "coordinates": [ -76.59074233171404, 39.286143111039912 ] } },
{ "type": "Feature", "properties": { "surname": "Blake", "given": "John", "occupation": "laborer", "house_no": 5, "street_raw": "Spring", "street_matched": "SPRING", "side": "", "confidence": "street_proportional", "anchors_on_street": 0 }, "geometry": { "type": "Point", "coordinates": [ -76.598099583601723, 39.292671044770664 ] } },
{ "type": "Feature", "properties": { "surname": "Blake", "given": "Julia Ann", "occupation": "", "house_no": 32, "street_raw": "Short", "street_matched": "SHORT", "side": "", "confidence": "street_proportional", "anchors_on_street": 0 }, "geometry": { "type": "Point", "coordinates": [ -76.59815293687825, 39.2958655553984 ] } },
{ "type": "Feature", "properties": { "surname": "Blake", "given": "Levin", "occupation": "laborer", "house_no": 72, "street_raw": "n Dallas", "street_matched": "DALLAS (N)", "side": "right", "confidence": "bracketed", "anchors_on_street": 4 }, "geometry": { "type": "Point", "coordinates": [ -76.596587266268259, 39.294491717780723 ] } },
{ "type": "Feature", "properties": { "surname": "Blake", "given": "Sewell", "occupation": "laborer", "house_no": 111, "street_raw": "Jasper", "street_matched": "JASPER", "side": "", "confidence": "street_proportional", "anchors_on_street": 0 }, "geometry": { "type": "Point", "coordinates": [ -76.621802101056929, 39.292394678205021 ] } },
{ "type": "Feature", "properties": { "surname": "Bolden", "given": "S. lumber wagoner", "occupation": "", "house_no": 2, "street_raw": "Short", "street_matched": "SHORT", "side": "", "confidence": "street_proportional", "anchors_on_street": 0 }, "geometry": { "type": "Point", "coordinates": [ -76.597461350328103, 39.295894753239516 ] } },
{ "type": "Feature", "properties": { "surname": "Bolden", "given": "Wash", "occupation": "laborer", "house_no": 149, "street_raw": "Low", "street_matched": "LOW", "side": "", "confidence": "street_proportional", "anchors_on_street": 0 }, "geometry": { "type": "Point", "coordinates": [ -76.607210470051967, 39.292484233440462 ] } },
{ "type": "Feature", "properties": { "surname": "Bond", "given": "Edwd. porter", "occupation": "", "house_no": 25, "street_raw": "Wayne", "street_matched": "WAYNE", "side": "", "confidence": "street_proportional", "anchors_on_street": 0 }, "geometry": { "type": "Point", "coordinates": [ -76.618572252513474, 39.283502125421755 ] } },
{ "type": "Feature", "properties": { "surname": "Bond", "given": "Nathan", "occupation": "waiter", "house_no": 14, "street_raw": "Jasper", "street_matched": "JASPER", "side": "", "confidence": "street_proportional", "anchors_on_street": 0 }, "geometry": { "type": "Point", "coordinates": [ -76.622080957807995, 39.296724034619096 ] } },
{ "type": "Feature", "properties": { "surname": "Bond", "given": "Richd. stevadore", "occupation": "", "house_no": 136, "street_raw": "Low", "street_matched": "LOW", "side": "", "confidence": "street_proportional", "anchors_on_street": 0 }, "geometry": { "type": "Point", "coordinates": [ -76.606597659984558, 39.292958713164381 ] } },
{ "type": "Feature", "properties": { "surname": "Bond", "given": "Saml. porter", "occupation": "", "house_no": 26, "street_raw": "Dover", "street_matched": "DOVER", "side": "", "confidence": "street_proportional", "anchors_on_street": 0 }, "geometry": { "type": "Point", "coordinates": [ -76.618484727337304, 39.285977044858598 ] } },
{ "type": "Feature", "properties": { "surname": "Boon", "given": "Horace", "occupation": "sailor, 12 Short jfjoon Resin, blacksmith", "house_no": 20, "street_raw": "Short", "street_matched": "SHORT", "side": "", "confidence": "street_proportional", "anchors_on_street": 0 }, "geometry": { "type": "Point", "coordinates": [ -76.597876302326512, 39.295877235023397 ] } },
{ "type": "Feature", "properties": { "surname": "Boose", "given": "David", "occupation": "whitewasher", "house_no": 56, "street_raw": "Tyson", "street_matched": "TYSON", "side": "", "confidence": "street_proportional", "anchors_on_street": 0 }, "geometry": { "type": "Point", "coordinates": [ -76.61931294801461, 39.299538962634195 ] } },
{ "type": "Feature", "properties": { "surname": "Booth", "given": "Elijah", "occupation": "carter", "house_no": 140, "street_raw": "Montgomery", "street_matched": "MONTGOMERY", "side": "left", "confidence": "extrapolated", "anchors_on_street": 7 }, "geometry": { "type": "Point", "coordinates": [ -76.610014841889992, 39.280053015573607 ] } },
{ "type": "Feature", "properties": { "surname": "Bordley", "given": "Anthony", "occupation": "laborer", "house_no": 34, "street_raw": "Vine", "street_matched": "VINE", "side": "", "confidence": "street_proportional", "anchors_on_street": 0 }, "geometry": { "type": "Point", "coordinates": [ -76.630309627174285, 39.290559005458626 ] } },
{ "type": "Feature", "properties": { "surname": "Bordley", "given": "Jane", "occupation": "washer", "house_no": 42, "street_raw": "Short", "street_matched": "SHORT", "side": "", "confidence": "street_proportional", "anchors_on_street": 0 }, "geometry": { "type": "Point", "coordinates": [ -76.598383465613296, 39.295855822044814 ] } },
{ "type": "Feature", "properties": { "surname": "Bordley", "given": "Perry", "occupation": "laborer", "house_no": 63, "street_raw": "Orchard", "street_matched": "ORCHARD", "side": "", "confidence": "street_proportional", "anchors_on_street": 0 }, "geometry": { "type": "Point", "coordinates": [ -76.623974434118679, 39.297362525883123 ] } },
{ "type": "Feature", "properties": { "surname": "Bostick", "given": "John", "occupation": "laborer", "house_no": 10, "street_raw": "Clay", "street_matched": "CLAY", "side": "", "confidence": "street_proportional", "anchors_on_street": 0 }, "geometry": { "type": "Point", "coordinates": [ -76.615299369822225, 39.291839306748862 ] } },
{ "type": "Feature", "properties": { "surname": "Boston", "given": "Chas. laborer", "occupation": "", "house_no": 50, "street_raw": "Dallas", "street_matched": "DALLAS (S)", "side": "left", "confidence": "bracketed", "anchors_on_street": 9 }, "geometry": { "type": "Point", "coordinates": [ -76.596320151268245, 39.290074451183337 ] } },
{ "type": "Feature", "properties": { "surname": "Boston", "given": "Danl. hand cartman", "occupation": "", "house_no": 209, "street_raw": "s Charles", "street_matched": "CHARLES (S.)", "side": "left", "confidence": "bracketed", "anchors_on_street": 12 }, "geometry": { "type": "Point", "coordinates": [ -76.614666189322875, 39.281123192036432 ] } },
{ "type": "Feature", "properties": { "surname": "Boston", "given": "Danl. seaman", "occupation": "", "house_no": 7, "street_raw": "Spring", "street_matched": "SPRING", "side": "", "confidence": "street_proportional", "anchors_on_street": 0 }, "geometry": { "type": "Point", "coordinates": [ -76.59806505107926, 39.292535234948076 ] } },
{ "type": "Feature", "properties": { "surname": "Boston", "given": "Danl. carter", "occupation": "", "house_no": 203, "street_raw": "Biddle", "street_matched": "BIDDLE, (W)", "side": "left", "confidence": "bracketed", "anchors_on_street": 11 }, "geometry": { "type": "Point", "coordinates": [ -76.62484042521254, 39.29788383058969 ] } },
{ "type": "Feature", "properties": { "surname": "Boston", "given": "Hester", "occupation": "", "house_no": 21, "street_raw": "Tyson", "street_matched": "TYSON", "side": "", "confidence": "street_proportional", "anchors_on_street": 0 }, "geometry": { "type": "Point", "coordinates": [ -76.619361463776613, 39.300289711259666 ] } },
{ "type": "Feature", "properties": { "surname": "Boston", "given": "John", "occupation": "laborer", "house_no": 153, "street_raw": "Bethel", "street_matched": "BETHEL, (S)", "side": "left", "confidence": "bracketed", "anchors_on_street": 9 }, "geometry": { "type": "Point", "coordinates": [ -76.594471457373203, 39.285714792318657 ] } },
{ "type": "Feature", "properties": { "surname": "Boston", "given": "John", "occupation": "laborer", "house_no": 72, "street_raw": "Dallas", "street_matched": "DALLAS (S)", "side": "left", "confidence": "bracketed", "anchors_on_street": 9 }, "geometry": { "type": "Point", "coordinates": [ -76.596275415319099, 39.289334664458863 ] } },
{ "type": "Feature", "properties": { "surname": "Boston", "given": "Peter", "occupation": "porter", "house_no": 121, "street_raw": "York", "street_matched": "YORK", "side": "", "confidence": "street_proportional", "anchors_on_street": 0 }, "geometry": { "type": "Point", "coordinates": [ -76.61275267221653, 39.281424353066356 ] } },
{ "type": "Feature", "properties": { "surname": "Boston", "given": "Richd. laborer", "occupation": "", "house_no": 12, "street_raw": "Biddle al", "street_matched": "BIDDLE, (W)", "side": "left", "confidence": "extrapolated", "anchors_on_street": 11 }, "geometry": { "type": "Point", "coordinates": [ -76.618744156380203, 39.302988368688077 ] } },
{ "type": "Feature", "properties": { "surname": "Boston", "given": "Richd. laborer", "occupation": "", "house_no": 50, "street_raw": "Dallas", "street_matched": "DALLAS (S)", "side": "left", "confidence": "bracketed", "anchors_on_street": 9 }, "geometry": { "type": "Point", "coordinates": [ -76.596320151268245, 39.290074451183337 ] } },
{ "type": "Feature", "properties": { "surname": "Boston", "given": "Thos. laborer", "occupation": "", "house_no": 123, "street_raw": "North", "street_matched": "NORTH", "side": "", "confidence": "street_proportional", "anchors_on_street": 0 }, "geometry": { "type": "Point", "coordinates": [ -76.643162853663085, 39.310054028943384 ] } },
{ "type": "Feature", "properties": { "surname": "Bowen", "given": "Chas. laborer", "occupation": "", "house_no": 35, "street_raw": "State", "street_matched": "STATE", "side": "", "confidence": "street_proportional", "anchors_on_street": 0 }, "geometry": { "type": "Point", "coordinates": [ -76.62031179109168, 39.293536248733176 ] } },
{ "type": "Feature", "properties": { "surname": "Bowen", "given": "Ephraim", "occupation": "drayman", "house_no": 74, "street_raw": "n Canal", "street_matched": "CANAL", "side": "", "confidence": "street_proportional", "anchors_on_street": 0 }, "geometry": { "type": "Point", "coordinates": [ -76.595518568187444, 39.296949025140954 ] } },
{ "type": "Feature", "properties": { "surname": "Bowen", "given": "John", "occupation": "hay dealer", "house_no": 81, "street_raw": "Orchard", "street_matched": "ORCHARD", "side": "", "confidence": "street_proportional", "anchors_on_street": 0 }, "geometry": { "type": "Point", "coordinates": [ -76.624559854215548, 39.296880846200857 ] } },
{ "type": "Feature", "properties": { "surname": "Bower", "given": "John", "occupation": "drayman", "house_no": 23, "street_raw": "Tyson", "street_matched": "TYSON", "side": "", "confidence": "street_proportional", "anchors_on_street": 0 }, "geometry": { "type": "Point", "coordinates": [ -76.619358691419691, 39.300246811343314 ] } },
{ "type": "Feature", "properties": { "surname": "Bowers", "given": "Francis", "occupation": "laborer", "house_no": 15, "street_raw": "Johnson", "street_matched": "JOHNSON", "side": "", "confidence": "street_proportional", "anchors_on_street": 0 }, "geometry": { "type": "Point", "coordinates": [ -76.609303665106367, 39.269922267993621 ] } },
{ "type": "Feature", "properties": { "surname": "Bower's", "given": "James", "occupation": "laborer", "house_no": 38, "street_raw": "Vine", "street_matched": "VINE", "side": "", "confidence": "street_proportional", "anchors_on_street": 0 }, "geometry": { "type": "Point", "coordinates": [ -76.63094461042877, 39.290534302841849 ] } },
{ "type": "Feature", "properties": { "surname": "Bovvers", "given": "Nathaniel", "occupation": "", "house_no": 15, "street_raw": "Sarah Ann", "street_matched": "SARAH ANN", "side": "", "confidence": "street_proportional", "anchors_on_street": 0 }, "geometry": { "type": "Point", "coordinates": [ -76.625218555498165, 39.293244725482452 ] } },
{ "type": "Feature", "properties": { "surname": "Bowie", "given": "Solomon", "occupation": "laborer", "house_no": 245, "street_raw": "s Charles", "street_matched": "CHARLES (S.)", "side": "left", "confidence": "bracketed", "anchors_on_street": 12 }, "geometry": { "type": "Point", "coordinates": [ -76.614584842322714, 39.27989508277404 ] } },
{ "type": "Feature", "properties": { "surname": "Bowles", "given": "John", "occupation": "barker", "house_no": 190, "street_raw": "Eastern av", "street_matched": "EASTERN", "side": "", "confidence": "street_proportional", "anchors_on_street": 0 }, "geometry": { "type": "Point", "coordinates": [ -76.582498255261399, 39.2860469527036 ] } },
{ "type": "Feature", "properties": { "surname": "Bowley", "given": "Danl. mariner", "occupation": "", "house_no": 63, "street_raw": "Bond", "street_matched": "BOND,(S)", "side": "left", "confidence": "bracketed", "anchors_on_street": 9 }, "geometry": { "type": "Point", "coordinates": [ -76.595614180034687, 39.289651647178985 ] } },
{ "type": "Feature", "properties": { "surname": "Bowley", "given": "Gabriel", "occupation": "drayman", "house_no": 131, "street_raw": "Montgomery", "street_matched": "MONTGOMERY", "side": "left", "confidence": "extrapolated", "anchors_on_street": 7 }, "geometry": { "type": "Point", "coordinates": [ -76.60985412508326, 39.280059233318184 ] } },
{ "type": "Feature", "properties": { "surname": "Bo", "given": "wly Richd. blacksmith", "occupation": "", "house_no": 51, "street_raw": "Dallas", "street_matched": "DALLAS (S)", "side": "left", "confidence": "bracketed", "anchors_on_street": 9 }, "geometry": { "type": "Point", "coordinates": [ -76.596318117795775, 39.290040824517945 ] } },
{ "type": "Feature", "properties": { "surname": "Bowly", "given": "Wash", "occupation": "mariner", "house_no": 98, "street_raw": "Henrietta", "street_matched": "HENRIETTA", "side": "", "confidence": "street_proportional", "anchors_on_street": 0 }, "geometry": { "type": "Point", "coordinates": [ -76.617507354111751, 39.279189641764845 ] } },
{ "type": "Feature", "properties": { "surname": "Bowman", "given": "Chloe", "occupation": "", "house_no": 149, "street_raw": "Happy al", "street_matched": "DURHAM (S)", "side": "left", "confidence": "bracketed", "anchors_on_street": 9 }, "geometry": { "type": "Point", "coordinates": [ -76.590850776788528, 39.28779792563914 ] } },
{ "type": "Feature", "properties": { "surname": "Bowser", "given": "James", "occupation": "carriage driver", "house_no": 37, "street_raw": "Burgundy a", "street_matched": "BURGUNDY", "side": "", "confidence": "street_proportional", "anchors_on_street": 0 }, "geometry": { "type": "Point", "coordinates": [ -76.625242544174398, 39.281812004069387 ] } },
{ "type": "Feature", "properties": { "surname": "Bowser", "given": "James", "occupation": "caulker", "house_no": 153, "street_raw": "Bethel", "street_matched": "BETHEL, (S)", "side": "left", "confidence": "bracketed", "anchors_on_street": 9 }, "geometry": { "type": "Point", "coordinates": [ -76.594471457373203, 39.285714792318657 ] } },
{ "type": "Feature", "properties": { "surname": "Bowser", "given": "Jos. stevador?", "occupation": "", "house_no": 43, "street_raw": "Jefferson", "street_matched": "JEFFERSON", "side": "", "confidence": "street_proportional", "anchors_on_street": 0 }, "geometry": { "type": "Point", "coordinates": [ -76.590567204969545, 39.296396047348473 ] } },
{ "type": "Feature", "properties": { "surname": "Bowser", "given": "Lydia", "occupation": "", "house_no": 26, "street_raw": "Park", "street_matched": "PARK", "side": "left", "confidence": "bracketed", "anchors_on_street": 9 }, "geometry": { "type": "Point", "coordinates": [ -76.618024756378645, 39.29122004068013 ] } },
{ "type": "Feature", "properties": { "surname": "Bowser", "given": "Rachel", "occupation": "", "house_no": 174, "street_raw": "Bethel", "street_matched": "BETHEL, (S)", "side": "left", "confidence": "bracketed", "anchors_on_street": 9 }, "geometry": { "type": "Point", "coordinates": [ -76.594412255245913, 39.284853677438122 ] } },
{ "type": "Feature", "properties": { "surname": "Bowser", "given": "Solomon", "occupation": "laborer", "house_no": 179, "street_raw": "Peirce", "street_matched": "PIERCE", "side": "", "confidence": "street_proportional", "anchors_on_street": 0 }, "geometry": { "type": "Point", "coordinates": [ -76.624877202316441, 39.294191415219565 ] } },
{ "type": "Feature", "properties": { "surname": "Boyd", "given": "Thos. water.nan", "occupation": "", "house_no": 21, "street_raw": "Welcome al", "street_matched": "WELCOME", "side": "", "confidence": "street_proportional", "anchors_on_street": 0 }, "geometry": { "type": "Point", "coordinates": [ -76.615215035004724, 39.282666844280804 ] } },
{ "type": "Feature", "properties": { "surname": "Boyer", "given": "Milly", "occupation": "", "house_no": 61, "street_raw": "Jasper", "street_matched": "JASPER", "side": "", "confidence": "street_proportional", "anchors_on_street": 0 }, "geometry": { "type": "Point", "coordinates": [ -76.621945841735013, 39.294626305838129 ] } },
{ "type": "Feature", "properties": { "surname": "Bradford", "given": "John", "occupation": "hackman", "house_no": 46, "street_raw": "Welcome al", "street_matched": "WELCOME", "side": "", "confidence": "street_proportional", "anchors_on_street": 0 }, "geometry": { "type": "Point", "coordinates": [ -76.617944619907647, 39.282569149387662 ] } },
{ "type": "Feature", "properties": { "surname": "Brady", "given": "Jane", "occupation": "washer", "house_no": 57, "street_raw": "Perry", "street_matched": "PERRY", "side": "", "confidence": "street_proportional", "anchors_on_street": 0 }, "geometry": { "type": "Point", "coordinates": [ -76.618526571916703, 39.284788136612526 ] } },
{ "type": "Feature", "properties": { "surname": "Braenvood", "given": "Coas. laborer", "occupation": "", "house_no": 199, "street_raw": "Dallas", "street_matched": "DALLAS (S)", "side": "left", "confidence": "bracketed", "anchors_on_street": 9 }, "geometry": { "type": "Point", "coordinates": [ -76.59602411834922, 39.285179009238959 ] } },
{ "type": "Feature", "properties": { "surname": "Brice", "given": "Henry", "occupation": "sailctr", "house_no": 231, "street_raw": "Ensor", "street_matched": "ENSOR", "side": "", "confidence": "street_proportional", "anchors_on_street": 0 }, "geometry": { "type": "Point", "coordinates": [ -76.603632187264424, 39.305119629115389 ] } },
{ "type": "Feature", "properties": { "surname": "Brice", "given": "McKenzey", "occupation": "waiter", "house_no": 66, "street_raw": "Short", "street_matched": "SHORT", "side": "", "confidence": "street_proportional", "anchors_on_street": 0 }, "geometry": { "type": "Point", "coordinates": [ -76.59893673432552, 39.295832460239964 ] } },
{ "type": "Feature", "properties": { "surname": "Brickart", "given": "James", "occupation": "saddler", "house_no": 5, "street_raw": "s Greene", "street_matched": "GREENE, (S)", "side": "left", "confidence": "bracketed", "anchors_on_street": 5 }, "geometry": { "type": "Point", "coordinates": [ -76.623677993374969, 39.289013381396096 ] } },
{ "type": "Feature", "properties": { "surname": "Bright", "given": "Cloudsberry", "occupation": "career", "house_no": 45, "street_raw": "Bethel", "street_matched": "BETHEL, (S)", "side": "left", "confidence": "bracketed", "anchors_on_street": 9 }, "geometry": { "type": "Point", "coordinates": [ -76.594778962215173, 39.289905095786658 ] } },
{ "type": "Feature", "properties": { "surname": "Bright", "given": "Elizabeth", "occupation": "ivasher", "house_no": 8, "street_raw": "Painter^ court", "street_matched": "PAINTERS", "side": "", "confidence": "street_proportional", "anchors_on_street": 0 }, "geometry": { "type": "Point", "coordinates": [ -76.603084083769019, 39.290865361263002 ] } },
{ "type": "Feature", "properties": { "surname": "Bright", "given": "Willy", "occupation": "", "house_no": 9, "street_raw": "Forest", "street_matched": "FORREST", "side": "", "confidence": "street_proportional", "anchors_on_street": 0 }, "geometry": { "type": "Point", "coordinates": [ -76.60799689183726, 39.301102868917049 ] } },
{ "type": "Feature", "properties": { "surname": "Briscoe", "given": "Atrnes", "occupation": "", "house_no": 15, "street_raw": "Marion", "street_matched": "MARION", "side": "", "confidence": "street_proportional", "anchors_on_street": 0 }, "geometry": { "type": "Point", "coordinates": [ -76.619798717270925, 39.290948776377448 ] } },
{ "type": "Feature", "properties": { "surname": "Briscoe", "given": "Alfred", "occupation": "barber", "house_no": 212, "street_raw": "w Pratt", "street_matched": "PRATT, (W)", "side": "left", "confidence": "bracketed", "anchors_on_street": 22 }, "geometry": { "type": "Point", "coordinates": [ -76.616813837847673, 39.286411919348176 ] } },
{ "type": "Feature", "properties": { "surname": "Bristo", "given": "Susan", "occupation": "", "house_no": 89, "street_raw": "Pearl", "street_matched": "PEARL", "side": "", "confidence": "street_proportional", "anchors_on_street": 0 }, "geometry": { "type": "Point", "coordinates": [ -76.624669469252112, 39.292330138353954 ] } },
{ "type": "Feature", "properties": { "surname": "Brooks", "given": "Da:'", "occupation": "drayman", "house_no": 38, "street_raw": "Short", "street_matched": "SHORT", "side": "", "confidence": "street_proportional", "anchors_on_street": 0 }, "geometry": { "type": "Point", "coordinates": [ -76.598291254125812, 39.295859715425642 ] } },
{ "type": "Feature", "properties": { "surname": "Brooks", "given": "John", "occupation": "c irjXviner", "house_no": 103, "street_raw": "Hill", "street_matched": "HILL", "side": "left", "confidence": "bracketed", "anchors_on_street": 5 }, "geometry": { "type": "Point", "coordinates": [ -76.617072948720974, 39.280936100036357 ] } },
{ "type": "Feature", "properties": { "surname": "Bro", "given": "iks J ihn", "occupation": "slevadore", "house_no": 8, "street_raw": "Painter's court", "street_matched": "PAINTERS", "side": "", "confidence": "street_proportional", "anchors_on_street": 0 }, "geometry": { "type": "Point", "coordinates": [ -76.603084083769019, 39.290865361263002 ] } },
{ "type": "Feature", "properties": { "surname": "Brooks", "given": "M.mty", "occupation": "", "house_no": 130, "street_raw": "Dallas", "street_matched": "DALLAS (S)", "side": "left", "confidence": "bracketed", "anchors_on_street": 9 }, "geometry": { "type": "Point", "coordinates": [ -76.596171367009944, 39.287614027610289 ] } },
{ "type": "Feature", "properties": { "surname": "Broom", "given": "Henry", "occupation": "sawyer", "house_no": 124, "street_raw": "Hill", "street_matched": "HILL", "side": "left", "confidence": "bracketed", "anchors_on_street": 5 }, "geometry": { "type": "Point", "coordinates": [ -76.61795900283515, 39.280909457083787 ] } },
{ "type": "Feature", "properties": { "surname": "Broughton", "given": "Hannah", "occupation": "washer", "house_no": 4, "street_raw": "Wayne", "street_matched": "WAYNE", "side": "", "confidence": "street_proportional", "anchors_on_street": 0 }, "geometry": { "type": "Point", "coordinates": [ -76.619094967776775, 39.2834769999683 ] } },
{ "type": "Feature", "properties": { "surname": "Brown", "given": "Anna", "occupation": "washer", "house_no": 81, "street_raw": "Orchard", "street_matched": "ORCHARD", "side": "", "confidence": "street_proportional", "anchors_on_street": 0 }, "geometry": { "type": "Point", "coordinates": [ -76.624559854215548, 39.296880846200857 ] } },
{ "type": "Feature", "properties": { "surname": "Brown", "given": "Benj. laborer", "occupation": "", "house_no": 31, "street_raw": "Argyle al", "street_matched": "ARGYLE", "side": "", "confidence": "street_proportional", "anchors_on_street": 0 }, "geometry": { "type": "Point", "coordinates": [ -76.633205736009927, 39.300894914295554 ] } },
{ "type": "Feature", "properties": { "surname": "Brown", "given": "Chas. lurn. carier", "occupation": "", "house_no": 9, "street_raw": "State", "street_matched": "STATE", "side": "", "confidence": "street_proportional", "anchors_on_street": 0 }, "geometry": { "type": "Point", "coordinates": [ -76.620380575089442, 39.294671418338972 ] } },
{ "type": "Feature", "properties": { "surname": "Brown", "given": "Chas. laborer", "occupation": "o4 East Brown Chas. 2ol Happy al brown 'Clement, laboier", "house_no": 7, "street_raw": "Mullikin", "street_matched": "MULLIKIN", "side": "right", "confidence": "bracketed", "anchors_on_street": 9 }, "geometry": { "type": "Point", "coordinates": [ -76.601503799341643, 39.294317398200398 ] } },
{ "type": "Feature", "properties": { "surname": "Brown", "given": "Edmund", "occupation": "teamster", "house_no": 29, "street_raw": "Douglass", "street_matched": "LEXINGTON", "side": "left", "confidence": "extrapolated", "anchors_on_street": 21 }, "geometry": { "type": "Point", "coordinates": [ -76.615245353193259, 39.291065717826946 ] } },
{ "type": "Feature", "properties": { "surname": "Brown", "given": "Ezekiel", "occupation": "whip sawyer", "house_no": 216, "street_raw": "Happy al", "street_matched": "DURHAM (S)", "side": "left", "confidence": "bracketed", "anchors_on_street": 9 }, "geometry": { "type": "Point", "coordinates": [ -76.590691035969797, 39.285444556363913 ] } },
{ "type": "Feature", "properties": { "surname": "Brown", "given": "John", "occupation": "laborer", "house_no": 218, "street_raw": "German", "street_matched": "PRATT, (W)", "side": "left", "confidence": "bracketed", "anchors_on_street": 22 }, "geometry": { "type": "Point", "coordinates": [ -76.617102882046481, 39.286401190402614 ] } },
{ "type": "Feature", "properties": { "surname": "Brown", "given": "Joseph", "occupation": "carter", "house_no": 52, "street_raw": "Dallas", "street_matched": "DALLAS (S)", "side": "left", "confidence": "bracketed", "anchors_on_street": 9 }, "geometry": { "type": "Point", "coordinates": [ -76.596316084325224, 39.290007197852184 ] } },
{ "type": "Feature", "properties": { "surname": "Brown", "given": "Joshua", "occupation": "drayman", "house_no": 49, "street_raw": "East", "street_matched": "EAST", "side": "", "confidence": "street_proportional", "anchors_on_street": 0 }, "geometry": { "type": "Point", "coordinates": [ -76.573391058308346, 39.306426607827447 ] } },
{ "type": "Feature", "properties": { "surname": "Brown", "given": "Julia", "occupation": "", "house_no": 10, "street_raw": "McElderry al", "street_matched": "MCELDERRY", "side": "", "confidence": "street_proportional", "anchors_on_street": 0 }, "geometry": { "type": "Point", "coordinates": [ -76.572610860055121, 39.298119174069129 ] } },
{ "type": "Feature", "properties": { "surname": "Brown", "given": "Mary", "occupation": "washer", "house_no": 64, "street_raw": "Lewis", "street_matched": "LEWIS", "side": "", "confidence": "street_proportional", "anchors_on_street": 0 }, "geometry": { "type": "Point", "coordinates": [ -76.600373188006785, 39.296530646431044 ] } },
{ "type": "Feature", "properties": { "surname": "Brown", "given": "Nicholas", "occupation": "", "house_no": 36, "street_raw": "Peirce", "street_matched": "PIERCE", "side": "", "confidence": "street_proportional", "anchors_on_street": 0 }, "geometry": { "type": "Point", "coordinates": [ -76.632329707647813, 39.293916464156837 ] } },
{ "type": "Feature", "properties": { "surname": "Brown", "given": "l\\otly", "occupation": "coachman", "house_no": 46, "street_raw": "Vine", "street_matched": "VINE", "side": "", "confidence": "street_proportional", "anchors_on_street": 0 }, "geometry": { "type": "Point", "coordinates": [ -76.632214575610831, 39.290484887311337 ] } },
{ "type": "Feature", "properties": { "surname": "Brown", "given": "Peier", "occupation": "white washer", "house_no": 89, "street_raw": "Watson", "street_matched": "WATSON", "side": "", "confidence": "street_proportional", "anchors_on_street": 0 }, "geometry": { "type": "Point", "coordinates": [ -76.60339286707223, 39.289776302863473 ] } },
{ "type": "Feature", "properties": { "surname": "Biown", "given": "Richd. laborer", "occupation": "", "house_no": 57, "street_raw": "Jasper", "street_matched": "JASPER", "side": "", "confidence": "street_proportional", "anchors_on_street": 0 }, "geometry": { "type": "Point", "coordinates": [ -76.621957341296863, 39.294804835979988 ] } },
{ "type": "Feature", "properties": { "surname": "Brown", "given": "Robt. caulker", "occupation": "", "house_no": 32, "street_raw": "Argyle al", "street_matched": "ARGYLE", "side": "", "confidence": "street_proportional", "anchors_on_street": 0 }, "geometry": { "type": "Point", "coordinates": [ -76.632929079857362, 39.300671308441835 ] } },
{ "type": "Feature", "properties": { "surname": "Brown", "given": "Solomon", "occupation": "sawyer", "house_no": 118, "street_raw": "Sarah Ann", "street_matched": "SARAH ANN", "side": "", "confidence": "street_proportional", "anchors_on_street": 0 }, "geometry": { "type": "Point", "coordinates": [ -76.62887751511488, 39.293115255800828 ] } },
{ "type": "Feature", "properties": { "surname": "Brown", "given": "Susan", "occupation": "washer", "house_no": 58, "street_raw": "n Exeter", "street_matched": "EXETER", "side": "left", "confidence": "bracketed", "anchors_on_street": 9 }, "geometry": { "type": "Point", "coordinates": [ -76.601177342107448, 39.287365091423347 ] } },
{ "type": "Feature", "properties": { "surname": "Brown", "given": "Thos. whip sawyer", "occupation": "", "house_no": 216, "street_raw": "Happy al", "street_matched": "DURHAM (S)", "side": "left", "confidence": "bracketed", "anchors_on_street": 9 }, "geometry": { "type": "Point", "coordinates": [ -76.590691035969797, 39.285444556363913 ] } },
{ "type": "Feature", "properties": { "surname": "Brown", "given": "Thos. laborer", "occupation": "", "house_no": 18, "street_raw": "Harmony lane", "street_matched": "FORREST", "side": "", "confidence": "street_proportional", "anchors_on_street": 0 }, "geometry": { "type": "Point", "coordinates": [ -76.60793400695114, 39.300864149651183 ] } },
{ "type": "Feature", "properties": { "surname": "Brown", "given": "Wm. H. barber", "occupation": "", "house_no": 5, "street_raw": "Peirce st", "street_matched": "PIERCE", "side": "", "confidence": "street_proportional", "anchors_on_street": 0 }, "geometry": { "type": "Point", "coordinates": [ -76.633945411374569, 39.293859034598277 ] } },
{ "type": "Feature", "properties": { "surname": "Brown", "given": "Win. sievadore", "occupation": "", "house_no": 20, "street_raw": "Argyle al", "street_matched": "ARGYLE", "side": "", "confidence": "street_proportional", "anchors_on_street": 0 }, "geometry": { "type": "Point", "coordinates": [ -76.636248989155646, 39.303354594194531 ] } },
{ "type": "Feature", "properties": { "surname": "Brown", "given": "Zachariah", "occupation": "drayriian", "house_no": 12, "street_raw": "Jew al", "street_matched": "JEW", "side": "", "confidence": "street_proportional", "anchors_on_street": 0 }, "geometry": { "type": "Point", "coordinates": [ -76.621573383512427, 39.291186137187637 ] } },
{ "type": "Feature", "properties": { "surname": "Brumniel", "given": "Henry", "occupation": "blacksmith", "house_no": 23, "street_raw": "Dover", "street_matched": "DOVER", "side": "", "confidence": "street_proportional", "anchors_on_street": 0 }, "geometry": { "type": "Point", "coordinates": [ -76.61811811665109, 39.285990513362805 ] } },
{ "type": "Feature", "properties": { "surname": "Brown", "given": "J a me.-", "occupation": "wood dealer", "house_no": 119, "street_raw": "Stirling", "street_matched": "STIRLING", "side": "", "confidence": "street_proportional", "anchors_on_street": 0 }, "geometry": { "type": "Point", "coordinates": [ -76.602802251462876, 39.301018134749306 ] } },
{ "type": "Feature", "properties": { "surname": "Brown", "given": "John", "occupation": "teamster", "house_no": 175, "street_raw": "Happy al", "street_matched": "DURHAM (S)", "side": "left", "confidence": "bracketed", "anchors_on_street": 9 }, "geometry": { "type": "Point", "coordinates": [ -76.590794353540758, 39.286904037890572 ] } },
{ "type": "Feature", "properties": { "surname": "Biown", "given": "John", "occupation": "nightman", "house_no": 93, "street_raw": "Happy al", "street_matched": "DURHAM (S)", "side": "left", "confidence": "bracketed", "anchors_on_street": 9 }, "geometry": { "type": "Point", "coordinates": [ -76.5909171610801, 39.288901243333655 ] } },
{ "type": "Feature", "properties": { "surname": "Buchanan", "given": "Frank", "occupation": "Laborer", "house_no": 235, "street_raw": "Happy al", "street_matched": "DURHAM (S)", "side": "right", "confidence": "bracketed", "anchors_on_street": 9 }, "geometry": { "type": "Point", "coordinates": [ -76.59065042539784, 39.284933668878082 ] } },
{ "type": "Feature", "properties": { "surname": "Bucliauan", "given": "Mmly", "occupation": "", "house_no": 3, "street_raw": "Forest", "street_matched": "FORREST", "side": "", "confidence": "street_proportional", "anchors_on_street": 0 }, "geometry": { "type": "Point", "coordinates": [ -76.608038815329834, 39.301262015066044 ] } },
{ "type": "Feature", "properties": { "surname": "Buchan", "given": "Thos. laboier", "occupation": "", "house_no": 50, "street_raw": "Centre", "street_matched": "CENTRE, (W)", "side": "left", "confidence": "extrapolated", "anchors_on_street": 4 }, "geometry": { "type": "Point", "coordinates": [ -76.61561127001282, 39.296304955378602 ] } },
{ "type": "Feature", "properties": { "surname": "Buck", "given": "Benj. stevadore", "occupation": "", "house_no": 200, "street_raw": "Dallas", "street_matched": "DALLAS (S)", "side": "left", "confidence": "bracketed", "anchors_on_street": 9 }, "geometry": { "type": "Point", "coordinates": [ -76.596022569424193, 39.285153394681728 ] } },
{ "type": "Feature", "properties": { "surname": "Buck", "given": "John", "occupation": "dra) man", "house_no": 198, "street_raw": "Dallas", "street_matched": "DALLAS (S)", "side": "left", "confidence": "bracketed", "anchors_on_street": 9 }, "geometry": { "type": "Point", "coordinates": [ -76.59602566727537, 39.285204623795977 ] } },
{ "type": "Feature", "properties": { "surname": "Bulleu", "given": "Harriei", "occupation": "dress maker", "house_no": 42, "street_raw": "St. Mary", "street_matched": "SEMINARY", "side": "", "confidence": "street_proportional", "anchors_on_street": 0 }, "geometry": { "type": "Point", "coordinates": [ -76.62406891984881, 39.29531776008745 ] } },
{ "type": "Feature", "properties": { "surname": "Buuday", "given": "Win. A. shoemaker", "occupation": "", "house_no": 202, "street_raw": "Sharp", "street_matched": "SHARP, (S)", "side": "left", "confidence": "bracketed", "anchors_on_street": 5 }, "geometry": { "type": "Point", "coordinates": [ -76.617808512866873, 39.280290448517846 ] } },
{ "type": "Feature", "properties": { "surname": "Burgess", "given": "Alex", "occupation": "laborer", "house_no": 66, "street_raw": "East", "street_matched": "EAST", "side": "", "confidence": "street_proportional", "anchors_on_street": 0 }, "geometry": { "type": "Point", "coordinates": [ -76.573417375920769, 39.306930752417642 ] } },
{ "type": "Feature", "properties": { "surname": "Buigtss", "given": "El. en", "occupation": "washer", "house_no": 6, "street_raw": "State", "street_matched": "STATE", "side": "", "confidence": "street_proportional", "anchors_on_street": 0 }, "geometry": { "type": "Point", "coordinates": [ -76.620388511958936, 39.294802399415786 ] } },
{ "type": "Feature", "properties": { "surname": "Burgess", "given": "Susan", "occupation": "washer", "house_no": 12, "street_raw": "Tyson al", "street_matched": "TYSON", "side": "", "confidence": "street_proportional", "anchors_on_street": 0 }, "geometry": { "type": "Point", "coordinates": [ -76.619373939424293, 39.300482760875511 ] } },
{ "type": "Feature", "properties": { "surname": "Burke", "given": "David", "occupation": "laborer", "house_no": 15, "street_raw": "Burgundy al", "street_matched": "BURGUNDY", "side": "", "confidence": "street_proportional", "anchors_on_street": 0 }, "geometry": { "type": "Point", "coordinates": [ -76.623188330027801, 39.28334574193314 ] } },
{ "type": "Feature", "properties": { "surname": "Burke", "given": "David", "occupation": "sawyer", "house_no": 250, "street_raw": "Happy al", "street_matched": "DURHAM (S)", "side": "right", "confidence": "bracketed", "anchors_on_street": 9 }, "geometry": { "type": "Point", "coordinates": [ -76.590617472654742, 39.28445755480444 ] } },
{ "type": "Feature", "properties": { "surname": "Burke", "given": "(ieo. laborer", "occupation": "", "house_no": 18, "street_raw": "Peirce", "street_matched": "PIERCE", "side": "", "confidence": "street_proportional", "anchors_on_street": 0 }, "geometry": { "type": "Point", "coordinates": [ -76.63326783510837, 39.293882727325553 ] } },
{ "type": "Feature", "properties": { "surname": "Burke", "given": "Henry", "occupation": "drayman", "house_no": 86, "street_raw": "Jasper", "street_matched": "JASPER", "side": "", "confidence": "street_proportional", "anchors_on_street": 0 }, "geometry": { "type": "Point", "coordinates": [ -76.621873970854793, 39.293510492206977 ] } },
{ "type": "Feature", "properties": { "surname": "Buike", "given": "Margaret", "occupation": "", "house_no": 1, "street_raw": "23 Montgomery", "street_matched": "MONTGOMERY", "side": "left", "confidence": "extrapolated", "anchors_on_street": 7 }, "geometry": { "type": "Point", "coordinates": [ -76.60985412508326, 39.280059233318184 ] } },
{ "type": "Feature", "properties": { "surname": "Burke", "given": "Mary", "occupation": "washer", "house_no": 5, "street_raw": ") East", "street_matched": "EAST", "side": "", "confidence": "street_proportional", "anchors_on_street": 0 }, "geometry": { "type": "Point", "coordinates": [ -76.573322943840026, 39.305121762621567 ] } },
{ "type": "Feature", "properties": { "surname": "Burke", "given": "Saml. wagoner", "occupation": "", "house_no": 46, "street_raw": "s Caroline", "street_matched": "CAROLINE (S.)", "side": "left", "confidence": "bracketed", "anchors_on_street": 10 }, "geometry": { "type": "Point", "coordinates": [ -76.59704992405527, 39.289741627482243 ] } },
{ "type": "Feature", "properties": { "surname": "Burke", "given": "Wi. laborer", "occupation": "", "house_no": 194, "street_raw": "Dallas", "street_matched": "DALLAS (S)", "side": "left", "confidence": "bracketed", "anchors_on_street": 9 }, "geometry": { "type": "Point", "coordinates": [ -76.59603186299114, 39.285307082021859 ] } },
{ "type": "Feature", "properties": { "surname": "Burr", "given": "Elias", "occupation": "waiter", "house_no": 47, "street_raw": "State", "street_matched": "STATE", "side": "", "confidence": "street_proportional", "anchors_on_street": 0 }, "geometry": { "type": "Point", "coordinates": [ -76.620280045630196, 39.29301232414663 ] } },
{ "type": "Feature", "properties": { "surname": "Bash", "given": "Richd. laborer", "occupation": "", "house_no": 42, "street_raw": "Jefferson", "street_matched": "JEFFERSON", "side": "", "confidence": "street_proportional", "anchors_on_street": 0 }, "geometry": { "type": "Point", "coordinates": [ -76.591016640480518, 39.296377193425293 ] } },
{ "type": "Feature", "properties": { "surname": "Butler", "given": "Biggs", "occupation": "drayman", "house_no": 117, "street_raw": "Low", "street_matched": "LOW", "side": "", "confidence": "street_proportional", "anchors_on_street": 0 }, "geometry": { "type": "Point", "coordinates": [ -76.605702012656778, 39.293652187720397 ] } },
{ "type": "Feature", "properties": { "surname": "Builer", "given": "Geo. laborer", "occupation": "", "house_no": 9, "street_raw": "Arch", "street_matched": "ARCH", "side": "", "confidence": "street_proportional", "anchors_on_street": 0 }, "geometry": { "type": "Point", "coordinates": [ -76.625109339220842, 39.288485461335135 ] } },
{ "type": "Feature", "properties": { "surname": "Butler", "given": "Henry", "occupation": "porter", "house_no": 26, "street_raw": "n Sharp", "street_matched": "SHARP, (S)", "side": "left", "confidence": "extrapolated", "anchors_on_street": 5 }, "geometry": { "type": "Point", "coordinates": [ -76.617515642871879, 39.280923535799914 ] } },
{ "type": "Feature", "properties": { "surname": "Butler", "given": "H. D. white washer", "occupation": "", "house_no": 21, "street_raw": "Welcome al", "street_matched": "WELCOME", "side": "", "confidence": "street_proportional", "anchors_on_street": 0 }, "geometry": { "type": "Point", "coordinates": [ -76.615215035004724, 39.282666844280804 ] } },
{ "type": "Feature", "properties": { "surname": "Butler", "given": "Isaiah", "occupation": "coope-", "house_no": 19, "street_raw": "Vine", "street_matched": "VINE", "side": "", "confidence": "street_proportional", "anchors_on_street": 0 }, "geometry": { "type": "Point", "coordinates": [ -76.627928460771273, 39.290651992822326 ] } },
{ "type": "Feature", "properties": { "surname": "Bullet", "given": "John", "occupation": "", "house_no": 129, "street_raw": "Low", "street_matched": "LOW", "side": "", "confidence": "street_proportional", "anchors_on_street": 0 }, "geometry": { "type": "Point", "coordinates": [ -76.606267684896778, 39.29321420320251 ] } },
{ "type": "Feature", "properties": { "surname": "Butler", "given": "Josiah", "occupation": "oak cooper", "house_no": 242, "street_raw": "German", "street_matched": "PRATT, (W)", "side": "left", "confidence": "bracketed", "anchors_on_street": 22 }, "geometry": { "type": "Point", "coordinates": [ -76.618259151602217, 39.286359868261563 ] } },
{ "type": "Feature", "properties": { "surname": "Builer", "given": "Wm. drayman", "occupation": "", "house_no": 45, "street_raw": "Wayne", "street_matched": "WAYNE", "side": "", "confidence": "street_proportional", "anchors_on_street": 0 }, "geometry": { "type": "Point", "coordinates": [ -76.618074428108997, 39.283526052262346 ] } },
{ "type": "Feature", "properties": { "surname": "Builer", "given": "Wm.- cook", "occupation": "", "house_no": 62, "street_raw": "Orchard", "street_matched": "ORCHARD", "side": "", "confidence": "street_proportional", "anchors_on_street": 0 }, "geometry": { "type": "Point", "coordinates": [ -76.623941910546833, 39.297389285777896 ] } },
{ "type": "Feature", "properties": { "surname": "By", "given": "as Allied", "occupation": "porter", "house_no": 71, "street_raw": "Orchard", "street_matched": "ORCHARD", "side": "", "confidence": "street_proportional", "anchors_on_street": 0 }, "geometry": { "type": "Point", "coordinates": [ -76.624234621810004, 39.297148446393059 ] } },
{ "type": "Feature", "properties": { "surname": "Btaa", "given": "Sliadnack", "occupation": "stevadore", "house_no": 215, "street_raw": "Happy al", "street_matched": "DURHAM (S)", "side": "left", "confidence": "bracketed", "anchors_on_street": 9 }, "geometry": { "type": "Point", "coordinates": [ -76.590694420210539, 39.28548713031693 ] } },
{ "type": "Feature", "properties": { "surname": "Byas", "given": "Thos. cracner baker", "occupation": "93 Watson livers Roht. steamboat hand", "house_no": 84, "street_raw": "Conway", "street_matched": "CONWAY", "side": "", "confidence": "street_proportional", "anchors_on_street": 0 }, "geometry": { "type": "Point", "coordinates": [ -76.61912598230596, 39.283978882355328 ] } },
{ "type": "Feature", "properties": { "surname": "Caldwell", "given": "Win. hackman", "occupation": "", "house_no": 249, "street_raw": "n Gay", "street_matched": "GAY, (N)", "side": "right", "confidence": "extrapolated", "anchors_on_street": 9 }, "geometry": { "type": "Point", "coordinates": [ -76.601308965441916, 39.298082117436834 ] } },
{ "type": "Feature", "properties": { "surname": "Campbell", "given": "Isabella", "occupation": "washer", "house_no": 4, "street_raw": "Diamond", "street_matched": "DIAMOND", "side": "", "confidence": "street_proportional", "anchors_on_street": 0 }, "geometry": { "type": "Point", "coordinates": [ -76.623172216475183, 39.291680647991583 ] } },
{ "type": "Feature", "properties": { "surname": "Campbell", "given": "Martin", "occupation": "sailor", "house_no": 7, "street_raw": "Star al", "street_matched": "CHAPEL", "side": "", "confidence": "street_proportional", "anchors_on_street": 0 }, "geometry": { "type": "Point", "coordinates": [ -76.590062840021133, 39.295591084852241 ] } },
{ "type": "Feature", "properties": { "surname": "Camper", "given": "Henry", "occupation": "mariner", "house_no": 39, "street_raw": "Davis", "street_matched": "DAVIS", "side": "", "confidence": "street_proportional", "anchors_on_street": 0 }, "geometry": { "type": "Point", "coordinates": [ -76.611937903638619, 39.291220836413295 ] } },
{ "type": "Feature", "properties": { "surname": "Camper", "given": "James", "occupation": "porter", "house_no": 131, "street_raw": "Hill", "street_matched": "HILL", "side": "left", "confidence": "bracketed", "anchors_on_street": 5 }, "geometry": { "type": "Point", "coordinates": [ -76.618269354664164, 39.280899600162527 ] } },
{ "type": "Feature", "properties": { "surname": "Camper", "given": "Stephen", "occupation": "slevadore", "house_no": 105, "street_raw": "Dallas", "street_matched": "DALLAS (S)", "side": "left", "confidence": "bracketed", "anchors_on_street": 9 }, "geometry": { "type": "Point", "coordinates": [ -76.596215523383421, 39.288344256962489 ] } },
{ "type": "Feature", "properties": { "surname": "Carey", "given": "John", "occupation": "", "house_no": 19, "street_raw": "Lewis", "street_matched": "LEWIS", "side": "", "confidence": "street_proportional", "anchors_on_street": 0 }, "geometry": { "type": "Point", "coordinates": [ -76.600274144097384, 39.294985537421034 ] } },
{ "type": "Feature", "properties": { "surname": "Carmack", "given": "Frances", "occupation": "", "house_no": 77, "street_raw": "East", "street_matched": "EAST", "side": "", "confidence": "street_proportional", "anchors_on_street": 0 }, "geometry": { "type": "Point", "coordinates": [ -76.573434405161606, 39.307256963578865 ] } },
{ "type": "Feature", "properties": { "surname": "Carmark", "given": "John", "occupation": "wagoner", "house_no": 129, "street_raw": "n Caroline", "street_matched": "CAROLINE. (N.)", "side": "left", "confidence": "bracketed", "anchors_on_street": 10 }, "geometry": { "type": "Point", "coordinates": [ -76.597462625086379, 39.296293750299547 ] } },
{ "type": "Feature", "properties": { "surname": "Carmack", "given": "Lewis", "occupation": "hackman", "house_no": 13, "street_raw": "Short al", "street_matched": "SHORT", "side": "", "confidence": "street_proportional", "anchors_on_street": 0 }, "geometry": { "type": "Point", "coordinates": [ -76.59771493212925, 39.295884047837149 ] } },
{ "type": "Feature", "properties": { "surname": "Carr", "given": "James H. laborer", "occupation": "", "house_no": 8, "street_raw": "Elbow lane", "street_matched": "CAMDEN", "side": "left", "confidence": "extrapolated", "anchors_on_street": 6 }, "geometry": { "type": "Point", "coordinates": [ -76.614243363419945, 39.285470174869033 ] } },
{ "type": "Feature", "properties": { "surname": "Ca", "given": "rr John", "occupation": "brick moulder", "house_no": 132, "street_raw": "Hill", "street_matched": "HILL", "side": "left", "confidence": "bracketed", "anchors_on_street": 5 }, "geometry": { "type": "Point", "coordinates": [ -76.618313690632689, 39.280898191963985 ] } },
{ "type": "Feature", "properties": { "surname": "Carr", "given": "Purnell", "occupation": "whip sawyer", "house_no": 49, "street_raw": "Argyle al", "street_matched": "ARGYLE", "side": "", "confidence": "street_proportional", "anchors_on_street": 0 }, "geometry": { "type": "Point", "coordinates": [ -76.628225978473338, 39.296870066549467 ] } },
{ "type": "Feature", "properties": { "surname": "Carroll", "given": "I3enj. baker", "occupation": "", "house_no": 32, "street_raw": "Union", "street_matched": "COLVIN", "side": "", "confidence": "street_proportional", "anchors_on_street": 0 }, "geometry": { "type": "Point", "coordinates": [ -76.605787691647194, 39.294957032577912 ] } },
{ "type": "Feature", "properties": { "surname": "Carroll", "given": "Chailes", "occupation": "porter", "house_no": 13, "street_raw": "Jew al", "street_matched": "JEW", "side": "", "confidence": "street_proportional", "anchors_on_street": 0 }, "geometry": { "type": "Point", "coordinates": [ -76.62157584339802, 39.291223404601219 ] } },
{ "type": "Feature", "properties": { "surname": "Carroll", "given": "James", "occupation": "waiter", "house_no": 1, "street_raw": "Salisbury al", "street_matched": "SALISBURY", "side": "", "confidence": "street_proportional", "anchors_on_street": 0 }, "geometry": { "type": "Point", "coordinates": [ -76.601259161720577, 39.289969238014521 ] } },
{ "type": "Feature", "properties": { "surname": "Carroll", "given": "John", "occupation": "mariner", "house_no": 34, "street_raw": "Bethel", "street_matched": "BETHEL, (S)", "side": "left", "confidence": "bracketed", "anchors_on_street": 9 }, "geometry": { "type": "Point", "coordinates": [ -76.594806017190223, 39.290314893409281 ] } },
{ "type": "Feature", "properties": { "surname": "Carroll", "given": "Maria", "occupation": "washer", "house_no": 12, "street_raw": "Liberty", "street_matched": "LIBERTY, (N)", "side": "left", "confidence": "bracketed", "anchors_on_street": 5 }, "geometry": { "type": "Point", "coordinates": [ -76.61769797519122, 39.290332025205345 ] } },
{ "type": "Feature", "properties": { "surname": "Carrall", "given": "Samuel", "occupation": "", "house_no": 141, "street_raw": "Hill", "street_matched": "HILL", "side": "left", "confidence": "bracketed", "anchors_on_street": 5 }, "geometry": { "type": "Point", "coordinates": [ -76.618712714270302, 39.280885517423961 ] } },
{ "type": "Feature", "properties": { "surname": "Carroll", "given": "Susan", "occupation": "seamstress", "house_no": 24, "street_raw": "Wayne", "street_matched": "WAYNE", "side": "", "confidence": "street_proportional", "anchors_on_street": 0 }, "geometry": { "type": "Point", "coordinates": [ -76.618597143724884, 39.283500929024349 ] } },
{ "type": "Feature", "properties": { "surname": "Carroll", "given": "William", "occupation": "", "house_no": 34, "street_raw": "Park", "street_matched": "PARK", "side": "left", "confidence": "bracketed", "anchors_on_street": 9 }, "geometry": { "type": "Point", "coordinates": [ -76.618052443815216, 39.291670980734132 ] } },
{ "type": "Feature", "properties": { "surname": "Carson", "given": "Benj. laborer", "occupation": "", "house_no": 26, "street_raw": "Biddle al", "street_matched": "BIDDLE, (W)", "side": "right", "confidence": "bracketed", "anchors_on_street": 11 }, "geometry": { "type": "Point", "coordinates": [ -76.619159236930656, 39.302640810850129 ] } },
{ "type": "Feature", "properties": { "surname": "Carter", "given": "Harriet", "occupation": "washer", "house_no": 25, "street_raw": "Perry", "street_matched": "PERRY", "side": "", "confidence": "street_proportional", "anchors_on_street": 0 }, "geometry": { "type": "Point", "coordinates": [ -76.613344560181687, 39.285003290589678 ] } },
{ "type": "Feature", "properties": { "surname": "Carter", "given": "Joseph", "occupation": "porter", "house_no": 826, "street_raw": "w Baltimore", "street_matched": "BALTIMORE, (W)", "side": "left", "confidence": "bracketed", "anchors_on_street": 19 }, "geometry": { "type": "Point", "coordinates": [ -76.643563353375455, 39.28831732511464 ] } },
{ "type": "Feature", "properties": { "surname": "Carter", "given": "Minty", "occupation": "", "house_no": 16, "street_raw": "Tyson", "street_matched": "TYSON", "side": "", "confidence": "street_proportional", "anchors_on_street": 0 }, "geometry": { "type": "Point", "coordinates": [ -76.619368394683605, 39.300396961047809 ] } },
{ "type": "Feature", "properties": { "surname": "Casper", "given": "Harriet", "occupation": "", "house_no": 56, "street_raw": "Lewis", "street_matched": "LEWIS", "side": "", "confidence": "street_proportional", "anchors_on_street": 0 }, "geometry": { "type": "Point", "coordinates": [ -76.600355579913554, 39.296255960442203 ] } },
{ "type": "Feature", "properties": { "surname": "Cassell", "given": "Eveline", "occupation": "", "house_no": 40, "street_raw": "Vine", "street_matched": "VINE", "side": "", "confidence": "street_proportional", "anchors_on_street": 0 }, "geometry": { "type": "Point", "coordinates": [ -76.631262101890158, 39.290521950246365 ] } },
{ "type": "Feature", "properties": { "surname": "Cassell", "given": "William", "occupation": "", "house_no": 58, "street_raw": "Orchard", "street_matched": "ORCHARD", "side": "", "confidence": "street_proportional", "anchors_on_street": 0 }, "geometry": { "type": "Point", "coordinates": [ -76.623811816688146, 39.297496325759425 ] } },
{ "type": "Feature", "properties": { "surname": "Cassy", "given": "Sally", "occupation": "", "house_no": 467, "street_raw": "Lexington", "street_matched": "LEXINGTON", "side": "left", "confidence": "bracketed", "anchors_on_street": 21 }, "geometry": { "type": "Point", "coordinates": [ -76.633150785523256, 39.290997805927717 ] } },
{ "type": "Feature", "properties": { "surname": "Castor", "given": "John H. porter", "occupation": "", "house_no": 56, "street_raw": "Davis", "street_matched": "DAVIS", "side": "", "confidence": "street_proportional", "anchors_on_street": 0 }, "geometry": { "type": "Point", "coordinates": [ -76.612068364364845, 39.293278358269632 ] } },
{ "type": "Feature", "properties": { "surname": "Castor", "given": "Virginia", "occupation": "", "house_no": 41, "street_raw": "Davis", "street_matched": "DAVIS", "side": "", "confidence": "street_proportional", "anchors_on_street": 0 }, "geometry": { "type": "Point", "coordinates": [ -76.611953251759957, 39.29146289787397 ] } },
{ "type": "Feature", "properties": { "surname": "Caution", "given": "Saml. sailmaker", "occupation": "", "house_no": 22, "street_raw": "Jefferson", "street_matched": "JEFFERSON", "side": "", "confidence": "street_proportional", "anchors_on_street": 0 }, "geometry": { "type": "Point", "coordinates": [ -76.600005192705993, 39.295998176313496 ] } },
{ "type": "Feature", "properties": { "surname": "Cephas", "given": "John W. waiter", "occupation": "", "house_no": 61, "street_raw": "Short", "street_matched": "SHORT", "side": "", "confidence": "street_proportional", "anchors_on_street": 0 }, "geometry": { "type": "Point", "coordinates": [ -76.598821470040519, 39.295837327497516 ] } },
{ "type": "Feature", "properties": { "surname": "Chambers", "given": "Harry", "occupation": "laborer", "house_no": 82, "street_raw": "Watson", "street_matched": "WATSON", "side": "", "confidence": "street_proportional", "anchors_on_street": 0 }, "geometry": { "type": "Point", "coordinates": [ -76.602945567621134, 39.289893684421095 ] } },
{ "type": "Feature", "properties": { "surname": "Chambers", "given": "Samuel", "occupation": "laborer", "house_no": 98, "street_raw": "East", "street_matched": "EAST", "side": "", "confidence": "street_proportional", "anchors_on_street": 0 }, "geometry": { "type": "Point", "coordinates": [ -76.573466915908966, 39.307879730246441 ] } },
{ "type": "Feature", "properties": { "surname": "Chambers", "given": "Wm. carter", "occupation": "", "house_no": 57, "street_raw": "L. Sharp", "street_matched": "SHARP, (S)", "side": "left", "confidence": "extrapolated", "anchors_on_street": 5 }, "geometry": { "type": "Point", "coordinates": [ -76.617515642871879, 39.280923535799914 ] } },
{ "type": "Feature", "properties": { "surname": "Chambers", "given": "Jo'm", "occupation": "barber", "house_no": 33, "street_raw": "Vine", "street_matched": "VINE", "side": "", "confidence": "street_proportional", "anchors_on_street": 0 }, "geometry": { "type": "Point", "coordinates": [ -76.63015088129157, 39.2905651805765 ] } },
{ "type": "Feature", "properties": { "surname": "Champaine", "given": "Jack", "occupation": "", "house_no": 8, "street_raw": "Williamson al", "street_matched": "WILLIAMSON", "side": "", "confidence": "street_proportional", "anchors_on_street": 0 }, "geometry": { "type": "Point", "coordinates": [ -76.611941631145669, 39.278535430779044 ] } },
{ "type": "Feature", "properties": { "surname": "Channels", "given": "Perry", "occupation": "laborer", "house_no": 48, "street_raw": "Davis", "street_matched": "DAVIS", "side": "", "confidence": "street_proportional", "anchors_on_street": 0 }, "geometry": { "type": "Point", "coordinates": [ -76.612006971009549, 39.292310112832581 ] } },
{ "type": "Feature", "properties": { "surname": "Chaplin", "given": "Perry", "occupation": "carriage driver", "house_no": 64, "street_raw": "Centre", "street_matched": "CENTRE, (W)", "side": "left", "confidence": "extrapolated", "anchors_on_street": 4 }, "geometry": { "type": "Point", "coordinates": [ -76.61561127001282, 39.296304955378602 ] } },
{ "type": "Feature", "properties": { "surname": "Chapman", "given": "Anderson", "occupation": "", "house_no": 64, "street_raw": "East", "street_matched": "EAST", "side": "", "confidence": "street_proportional", "anchors_on_street": 0 }, "geometry": { "type": "Point", "coordinates": [ -76.573414279711656, 39.306871441293687 ] } },
{ "type": "Feature", "properties": { "surname": "Chapman", "given": "Jer. butcher", "occupation": "", "house_no": 178, "street_raw": "s Caroline", "street_matched": "CAROLINE (S.)", "side": "left", "confidence": "bracketed", "anchors_on_street": 10 }, "geometry": { "type": "Point", "coordinates": [ -76.596811095808107, 39.286232496802107 ] } },
{ "type": "Feature", "properties": { "surname": "Chapman", "given": "Piosanna", "occupation": "", "house_no": 135, "street_raw": "Dallas", "street_matched": "DALLAS (S)", "side": "left", "confidence": "bracketed", "anchors_on_street": 9 }, "geometry": { "type": "Point", "coordinates": [ -76.596161242791325, 39.287446601631615 ] } },
{ "type": "Feature", "properties": { "surname": "Chapman", "given": "Thos. waiter", "occupation": "", "house_no": 13, "street_raw": "Hamilton", "street_matched": "HAMILTON", "side": "", "confidence": "street_proportional", "anchors_on_street": 0 }, "geometry": { "type": "Point", "coordinates": [ -76.6137755359224, 39.295726920914866 ] } },
{ "type": "Feature", "properties": { "surname": "Chares", "given": "Robert", "occupation": "laborer", "house_no": 4, "street_raw": "Williamson al", "street_matched": "WILLIAMSON", "side": "", "confidence": "street_proportional", "anchors_on_street": 0 }, "geometry": { "type": "Point", "coordinates": [ -76.611594723282778, 39.27854575605253 ] } },
{ "type": "Feature", "properties": { "surname": "Charms", "given": "Joseph", "occupation": "carter", "house_no": 16, "street_raw": "Union", "street_matched": "COLVIN", "side": "", "confidence": "street_proportional", "anchors_on_street": 0 }, "geometry": { "type": "Point", "coordinates": [ -76.606896138501853, 39.295895517501634 ] } },
{ "type": "Feature", "properties": { "surname": "Chase", "given": "Absalom", "occupation": "laborer", "house_no": 2, "street_raw": "Jew al", "street_matched": "JEW", "side": "", "confidence": "street_proportional", "anchors_on_street": 0 }, "geometry": { "type": "Point", "coordinates": [ -76.621548784798833, 39.290813463026254 ] } },
{ "type": "Feature", "properties": { "surname": "Chase", "given": "Allen", "occupation": "laborer", "house_no": 70, "street_raw": "Dallas", "street_matched": "DALLAS (S)", "side": "left", "confidence": "bracketed", "anchors_on_street": 9 }, "geometry": { "type": "Point", "coordinates": [ -76.596279482184997, 39.289401917804895 ] } },
{ "type": "Feature", "properties": { "surname": "Chase", "given": "David", "occupation": "", "house_no": 142, "street_raw": "Dallas", "street_matched": "DALLAS (S)", "side": "left", "confidence": "bracketed", "anchors_on_street": 9 }, "geometry": { "type": "Point", "coordinates": [ -76.596139827930941, 39.287092476745578 ] } },
{ "type": "Feature", "properties": { "surname": "Chase", "given": "Eliza", "occupation": "", "house_no": 34, "street_raw": "Forrest", "street_matched": "FORREST", "side": "", "confidence": "street_proportional", "anchors_on_street": 0 }, "geometry": { "type": "Point", "coordinates": [ -76.607821963656392, 39.300439799494129 ] } },
{ "type": "Feature", "properties": { "surname": "Chase", "given": "Emily", "occupation": "washer", "house_no": 79, "street_raw": "Stirling", "street_matched": "STIRLING", "side": "", "confidence": "street_proportional", "anchors_on_street": 0 }, "geometry": { "type": "Point", "coordinates": [ -76.602681414049115, 39.30168706675547 ] } },
{ "type": "Feature", "properties": { "surname": "Chase", "given": "Levi", "occupation": "", "house_no": 11, "street_raw": "Hull lane", "street_matched": "HULL", "side": "", "confidence": "street_proportional", "anchors_on_street": 0 }, "geometry": { "type": "Point", "coordinates": [ -76.590054026652524, 39.275369201919091 ] } },
{ "type": "Feature", "properties": { "surname": "Chase", "given": "Samuel", "occupation": "carter", "house_no": 191, "street_raw": "Dallas", "street_matched": "DALLAS (S)", "side": "left", "confidence": "bracketed", "anchors_on_street": 9 }, "geometry": { "type": "Point", "coordinates": [ -76.596036509789712, 39.285383925689018 ] } },
{ "type": "Feature", "properties": { "surname": "Chase", "given": "Samuel", "occupation": "drayman", "house_no": 148, "street_raw": "Low", "street_matched": "LOW", "side": "", "confidence": "street_proportional", "anchors_on_street": 0 }, "geometry": { "type": "Point", "coordinates": [ -76.607163330902566, 39.292520731837143 ] } },
{ "type": "Feature", "properties": { "surname": "Chase", "given": "Samuel", "occupation": "laborer", "house_no": 23, "street_raw": "Sarah Ann", "street_matched": "SARAH ANN", "side": "", "confidence": "street_proportional", "anchors_on_street": 0 }, "geometry": { "type": "Point", "coordinates": [ -76.625502816888002, 39.293235712497427 ] } },
{ "type": "Feature", "properties": { "surname": "Chase", "given": "Thomas", "occupation": "sawyer", "house_no": 50, "street_raw": "Davis", "street_matched": "DAVIS", "side": "", "confidence": "street_proportional", "anchors_on_street": 0 }, "geometry": { "type": "Point", "coordinates": [ -76.612022319312231, 39.292552174216496 ] } },
{ "type": "Feature", "properties": { "surname": "Chase", "given": "Wm. barber", "occupation": "", "house_no": 35, "street_raw": "Clay", "street_matched": "CLAY", "side": "", "confidence": "street_proportional", "anchors_on_street": 0 }, "geometry": { "type": "Point", "coordinates": [ -76.619653350141135, 39.2922167950545 ] } },
{ "type": "Feature", "properties": { "surname": "Chester", "given": "Stephen", "occupation": "wagoner", "house_no": 153, "street_raw": "Dallas", "street_matched": "DALLAS (S)", "side": "left", "confidence": "bracketed", "anchors_on_street": 9 }, "geometry": { "type": "Point", "coordinates": [ -76.596106176463181, 39.286535994697701 ] } },
{ "type": "Feature", "properties": { "surname": "Chester", "given": "Solomon", "occupation": "", "house_no": 96, "street_raw": "East", "street_matched": "EAST", "side": "", "confidence": "street_proportional", "anchors_on_street": 0 }, "geometry": { "type": "Point", "coordinates": [ -76.573463819622702, 39.307820419140697 ] } },
{ "type": "Feature", "properties": { "surname": "Cheves", "given": "Belinda", "occupation": "washer", "house_no": 66, "street_raw": "n Liberty", "street_matched": "LIBERTY, (N)", "side": "right", "confidence": "bracketed", "anchors_on_street": 5 }, "geometry": { "type": "Point", "coordinates": [ -76.616915226635385, 39.292115220879261 ] } },
{ "type": "Feature", "properties": { "surname": "Chew", "given": "Stephen", "occupation": "laborer", "house_no": 22, "street_raw": "Welcome al", "street_matched": "WELCOME", "side": "", "confidence": "street_proportional", "anchors_on_street": 0 }, "geometry": { "type": "Point", "coordinates": [ -76.615324218477397, 39.282662936559376 ] } },
{ "type": "Feature", "properties": { "surname": "Cheyme", "given": "Mary Ann", "occupation": "", "house_no": 15, "street_raw": "Johnson _»", "street_matched": "JOHNSON", "side": "", "confidence": "street_proportional", "anchors_on_street": 0 }, "geometry": { "type": "Point", "coordinates": [ -76.609303665106367, 39.269922267993621 ] } },
{ "type": "Feature", "properties": { "surname": "Clark", "given": "Lewis", "occupation": "musician", "house_no": 12, "street_raw": "Park", "street_matched": "PARK", "side": "left", "confidence": "bracketed", "anchors_on_street": 9 }, "geometry": { "type": "Point", "coordinates": [ -76.617973461743318, 39.290384627370329 ] } },
{ "type": "Feature", "properties": { "surname": "Clark", "given": "Perry", "occupation": "laborer", "house_no": 70, "street_raw": "Dallas", "street_matched": "DALLAS (S)", "side": "left", "confidence": "bracketed", "anchors_on_street": 9 }, "geometry": { "type": "Point", "coordinates": [ -76.596279482184997, 39.289401917804895 ] } },
{ "type": "Feature", "properties": { "surname": "Clark", "given": "Win. steamboat hand", "occupation": "", "house_no": 139, "street_raw": "North", "street_matched": "NORTH", "side": "", "confidence": "street_proportional", "anchors_on_street": 0 }, "geometry": { "type": "Point", "coordinates": [ -76.642832728155071, 39.310071821285192 ] } },
{ "type": "Feature", "properties": { "surname": "Clayton", "given": "Levi", "occupation": "caulker", "house_no": 31, "street_raw": "Welcome al", "street_matched": "WELCOME", "side": "", "confidence": "street_proportional", "anchors_on_street": 0 }, "geometry": { "type": "Point", "coordinates": [ -76.616306869306271, 39.282627764456365 ] } },
{ "type": "Feature", "properties": { "surname": "Clayton", "given": "Moses C. carpenter", "occupation": "", "house_no": 79, "street_raw": "East", "street_matched": "EAST", "side": "", "confidence": "street_proportional", "anchors_on_street": 0 }, "geometry": { "type": "Point", "coordinates": [ -76.573437501398672, 39.307316274695523 ] } },
{ "type": "Feature", "properties": { "surname": "Coates", "given": "Clement", "occupation": "carter", "house_no": 111, "street_raw": "Sarah Ann", "street_matched": "SARAH ANN", "side": "", "confidence": "street_proportional", "anchors_on_street": 0 }, "geometry": { "type": "Point", "coordinates": [ -76.628629084151854, 39.29312756227629 ] } },
{ "type": "Feature", "properties": { "surname": "Coales", "given": "Josiah", "occupation": "pro. baths", "house_no": 804, "street_raw": "n Gay", "street_matched": "GAY, (N)", "side": "right", "confidence": "extrapolated", "anchors_on_street": 9 }, "geometry": { "type": "Point", "coordinates": [ -76.584948908545059, 39.311791379759498 ] } },
{ "type": "Feature", "properties": { "surname": "Colbert", "given": "Diana", "occupation": "washer", "house_no": 66, "street_raw": "Lewis", "street_matched": "LEWIS", "side": "", "confidence": "street_proportional", "anchors_on_street": 0 }, "geometry": { "type": "Point", "coordinates": [ -76.600377590051409, 39.296599317924311 ] } },
{ "type": "Feature", "properties": { "surname": "Colbert", "given": "John", "occupation": "waiter", "house_no": 62, "street_raw": "Davis", "street_matched": "DAVIS", "side": "", "confidence": "street_proportional", "anchors_on_street": 0 }, "geometry": { "type": "Point", "coordinates": [ -76.612114409764473, 39.294004542169688 ] } },
{ "type": "Feature", "properties": { "surname": "Colbert", "given": "Matthias", "occupation": "labor r", "house_no": 14, "street_raw": "Welcome al", "street_matched": "WELCOME", "side": "", "confidence": "street_proportional", "anchors_on_street": 0 }, "geometry": { "type": "Point", "coordinates": [ -76.614450720855885, 39.28269368611894 ] } },
{ "type": "Feature", "properties": { "surname": "Cole", "given": "Samuel", "occupation": "blacksmith", "house_no": 53, "street_raw": "Lewis", "street_matched": "LEWIS", "side": "", "confidence": "street_proportional", "anchors_on_street": 0 }, "geometry": { "type": "Point", "coordinates": [ -76.60034897691375, 39.296152953189846 ] } },
{ "type": "Feature", "properties": { "surname": "Cole", "given": "Win", "occupation": "oyster dealer", "house_no": 23, "street_raw": "Jefferson", "street_matched": "JEFFERSON", "side": "", "confidence": "street_proportional", "anchors_on_street": 0 }, "geometry": { "type": "Point", "coordinates": [ -76.599555767245519, 39.296017141629264 ] } },
{ "type": "Feature", "properties": { "surname": "Coleman", "given": "Ann", "occupation": "", "house_no": 18, "street_raw": "Hull lane", "street_matched": "HULL", "side": "", "confidence": "street_proportional", "anchors_on_street": 0 }, "geometry": { "type": "Point", "coordinates": [ -76.594398604631536, 39.267937467557523 ] } },
{ "type": "Feature", "properties": { "surname": "Coleman", "given": "Cyrus", "occupation": "", "house_no": 10, "street_raw": "Tyson", "street_matched": "TYSON", "side": "", "confidence": "street_proportional", "anchors_on_street": 0 }, "geometry": { "type": "Point", "coordinates": [ -76.619376711799646, 39.300525660788452 ] } },
{ "type": "Feature", "properties": { "surname": "Coles", "given": "James", "occupation": "laborer", "house_no": 17, "street_raw": "Jew al", "street_matched": "JEW", "side": "", "confidence": "street_proportional", "anchors_on_street": 0 }, "geometry": { "type": "Point", "coordinates": [ -76.621585682966156, 39.291372474250849 ] } },
{ "type": "Feature", "properties": { "surname": "Collington", "given": "Elijah", "occupation": "laborer", "house_no": 18, "street_raw": "Clay", "street_matched": "CLAY", "side": "", "confidence": "street_proportional", "anchors_on_street": 0 }, "geometry": { "type": "Point", "coordinates": [ -76.616626770481659, 39.292259263243643 ] } },
{ "type": "Feature", "properties": { "surname": "Collins", "given": "Catherine", "occupation": "", "house_no": 100, "street_raw": "Stirling", "street_matched": "STIRLING", "side": "", "confidence": "street_proportional", "anchors_on_street": 0 }, "geometry": { "type": "Point", "coordinates": [ -76.602794685805321, 39.301340702448179 ] } },
{ "type": "Feature", "properties": { "surname": "Collins", "given": "John", "occupation": "laborer", "house_no": 38, "street_raw": "Jefferson", "street_matched": "JEFFERSON", "side": "", "confidence": "street_proportional", "anchors_on_street": 0 }, "geometry": { "type": "Point", "coordinates": [ -76.592814363008443, 39.296301508056231 ] } },
{ "type": "Feature", "properties": { "surname": "Commons", "given": "Harrison", "occupation": "laborer", "house_no": 20, "street_raw": "Bethel", "street_matched": "BETHEL, (S)", "side": "left", "confidence": "bracketed", "anchors_on_street": 9 }, "geometry": { "type": "Point", "coordinates": [ -76.594840450652811, 39.290836453962058 ] } },
{ "type": "Feature", "properties": { "surname": "Conlv", "given": "Wm. laborer", "occupation": "", "house_no": 110, "street_raw": "North", "street_matched": "NORTH", "side": "", "confidence": "street_proportional", "anchors_on_street": 0 }, "geometry": { "type": "Point", "coordinates": [ -76.643431080567879, 39.310039572559269 ] } },
{ "type": "Feature", "properties": { "surname": "Contee", "given": "Melvil", "occupation": "laborer", "house_no": 56, "street_raw": "Welcome al", "street_matched": "WELCOME", "side": "", "confidence": "street_proportional", "anchors_on_street": 0 }, "geometry": { "type": "Point", "coordinates": [ -76.619036452731649, 39.282530069999638 ] } },
{ "type": "Feature", "properties": { "surname": "Cook", "given": "Charles", "occupation": "carter", "house_no": 66, "street_raw": "Dallas", "street_matched": "DALLAS (S)", "side": "left", "confidence": "bracketed", "anchors_on_street": 9 }, "geometry": { "type": "Point", "coordinates": [ -76.596287615939971, 39.28953642449251 ] } },
{ "type": "Feature", "properties": { "surname": "Cook", "given": "Clinton", "occupation": "waiter", "house_no": 26, "street_raw": "State", "street_matched": "STATE", "side": "", "confidence": "street_proportional", "anchors_on_street": 0 }, "geometry": { "type": "Point", "coordinates": [ -76.620335600501051, 39.293929192113346 ] } },
{ "type": "Feature", "properties": { "surname": "Cook", "given": "Edward", "occupation": "porter", "house_no": 52, "street_raw": "Orchard", "street_matched": "ORCHARD", "side": "", "confidence": "street_proportional", "anchors_on_street": 0 }, "geometry": { "type": "Point", "coordinates": [ -76.623616676920776, 39.297656886744235 ] } },
{ "type": "Feature", "properties": { "surname": "Cook", "given": "Henry", "occupation": "oysterman", "house_no": 97, "street_raw": "Jasper", "street_matched": "JASPER", "side": "", "confidence": "street_proportional", "anchors_on_street": 0 }, "geometry": { "type": "Point", "coordinates": [ -76.621842348259293, 39.293019534082092 ] } },
{ "type": "Feature", "properties": { "surname": "Cook", "given": "John", "occupation": "labor* r", "house_no": 74, "street_raw": "Conway", "street_matched": "CONWAY", "side": "", "confidence": "street_proportional", "anchors_on_street": 0 }, "geometry": { "type": "Point", "coordinates": [ -76.617342658413946, 39.284061920243666 ] } },
{ "type": "Feature", "properties": { "surname": "Cook", "given": "Leyinia", "occupation": "", "house_no": 26, "street_raw": "Bethel", "street_matched": "BETHEL, (S)", "side": "left", "confidence": "bracketed", "anchors_on_street": 9 }, "geometry": { "type": "Point", "coordinates": [ -76.594825693396103, 39.290612928021893 ] } },
{ "type": "Feature", "properties": { "surname": "Cook", "given": "Nathan", "occupation": "laborer", "house_no": 54, "street_raw": "Tyson", "street_matched": "TYSON", "side": "", "confidence": "street_proportional", "anchors_on_street": 0 }, "geometry": { "type": "Point", "coordinates": [ -76.619315720316209, 39.29958186256075 ] } },
{ "type": "Feature", "properties": { "surname": "Cook", "given": "Wm. H. porter", "occupation": "", "house_no": 27, "street_raw": "Wayne", "street_matched": "WAYNE", "side": "", "confidence": "street_proportional", "anchors_on_street": 0 }, "geometry": { "type": "Point", "coordinates": [ -76.618522470088152, 39.283504518200765 ] } },
{ "type": "Feature", "properties": { "surname": "Cook", "given": "Win. laborer", "occupation": "", "house_no": 169, "street_raw": "Sarah Ann", "street_matched": "SARAH ANN", "side": "", "confidence": "street_proportional", "anchors_on_street": 0 }, "geometry": { "type": "Point", "coordinates": [ -76.630670957355875, 39.293106045129633 ] } },
{ "type": "Feature", "properties": { "surname": "Cooper", "given": "Edward", "occupation": "drayman", "house_no": 73, "street_raw": "Orchard", "street_matched": "ORCHARD", "side": "", "confidence": "street_proportional", "anchors_on_street": 0 }, "geometry": { "type": "Point", "coordinates": [ -76.624299668487438, 39.297094926428372 ] } },
{ "type": "Feature", "properties": { "surname": "Cooper", "given": "Ezekiel", "occupation": "porter", "house_no": 3, "street_raw": "Tyson", "street_matched": "TYSON", "side": "", "confidence": "street_proportional", "anchors_on_street": 0 }, "geometry": { "type": "Point", "coordinates": [ -76.619386415139857, 39.300675810478815 ] } },
{ "type": "Feature", "properties": { "surname": "Cooper", "given": "H. laborer", "occupation": "", "house_no": 98, "street_raw": "Happy al", "street_matched": "DURHAM (S)", "side": "left", "confidence": "bracketed", "anchors_on_street": 9 }, "geometry": { "type": "Point", "coordinates": [ -76.590911233827256, 39.288802732841475 ] } },
{ "type": "Feature", "properties": { "surname": "Cooper", "given": "Harriet", "occupation": "A washer", "house_no": 8, "street_raw": "Star al", "street_matched": "CHAPEL", "side": "", "confidence": "street_proportional", "anchors_on_street": 0 }, "geometry": { "type": "Point", "coordinates": [ -76.590102381626323, 39.296240457760213 ] } },
{ "type": "Feature", "properties": { "surname": "Cooper", "given": "Henry", "occupation": "drayman", "house_no": 113, "street_raw": "Montgomery", "street_matched": "MONTGOMERY", "side": "left", "confidence": "extrapolated", "anchors_on_street": 7 }, "geometry": { "type": "Point", "coordinates": [ -76.60985412508326, 39.280059233318184 ] } },
{ "type": "Feature", "properties": { "surname": "Cooper", "given": "James", "occupation": "caulker", "house_no": 10, "street_raw": "Star al", "street_matched": "CHAPEL", "side": "", "confidence": "street_proportional", "anchors_on_street": 0 }, "geometry": { "type": "Point", "coordinates": [ -76.59018146531912, 39.297539203218591 ] } },
{ "type": "Feature", "properties": { "surname": "Cooper", "given": "Perry", "occupation": "", "house_no": 170, "street_raw": "Happy al", "street_matched": "DURHAM (S)", "side": "left", "confidence": "bracketed", "anchors_on_street": 9 }, "geometry": { "type": "Point", "coordinates": [ -76.590805849145113, 39.287085512027147 ] } },
{ "type": "Feature", "properties": { "surname": "Cooper", "given": "Perrv", "occupation": "", "house_no": 158, "street_raw": "Happy al", "street_matched": "DURHAM (S)", "side": "left", "confidence": "bracketed", "anchors_on_street": 9 }, "geometry": { "type": "Point", "coordinates": [ -76.590833438835517, 39.287521049910325 ] } },
{ "type": "Feature", "properties": { "surname": "Cooper", "given": "Philip", "occupation": "", "house_no": 2, "street_raw": "Lloyd", "street_matched": "LLOYD", "side": "", "confidence": "street_proportional", "anchors_on_street": 0 }, "geometry": { "type": "Point", "coordinates": [ -76.599928139380054, 39.286961269913547 ] } },
{ "type": "Feature", "properties": { "surname": "Cooper", "given": "Robert", "occupation": "", "house_no": 182, "street_raw": "Happy al", "street_matched": "DURHAM (S)", "side": "left", "confidence": "bracketed", "anchors_on_street": 9 }, "geometry": { "type": "Point", "coordinates": [ -76.59077809016307, 39.286654392842777 ] } },
{ "type": "Feature", "properties": { "surname": "Cooper", "given": "Thos. porter", "occupation": "", "house_no": 36, "street_raw": "Park", "street_matched": "PARK", "side": "left", "confidence": "bracketed", "anchors_on_street": 9 }, "geometry": { "type": "Point", "coordinates": [ -76.61805814818878, 39.291763886554058 ] } },
{ "type": "Feature", "properties": { "surname": "Cooper", "given": "Thos. caulker", "occupation": "", "house_no": 170, "street_raw": "Dallas", "street_matched": "DALLAS (S)", "side": "left", "confidence": "bracketed", "anchors_on_street": 9 }, "geometry": { "type": "Point", "coordinates": [ -76.596073959081551, 39.286003223782551 ] } },
{ "type": "Feature", "properties": { "surname": "Cooper", "given": "Trieev", "occupation": "seaman", "house_no": 21, "street_raw": "Lewis", "street_matched": "LEWIS", "side": "", "confidence": "street_proportional", "anchors_on_street": 0 }, "geometry": { "type": "Point", "coordinates": [ -76.600278545961146, 39.295054208949423 ] } },
{ "type": "Feature", "properties": { "surname": "Cornish", "given": "Charles", "occupation": "porter", "house_no": 1, "street_raw": "TU Harford av", "street_matched": "HARFORD", "side": "", "confidence": "street_proportional", "anchors_on_street": 0 }, "geometry": { "type": "Point", "coordinates": [ -76.599370000423022, 39.311941999705525 ] } },
{ "type": "Feature", "properties": { "surname": "Cornish", "given": "Henry", "occupation": "laborer", "house_no": 90, "street_raw": "Henrietta", "street_matched": "HENRIETTA", "side": "", "confidence": "street_proportional", "anchors_on_street": 0 }, "geometry": { "type": "Point", "coordinates": [ -76.613616726760682, 39.279025241658672 ] } },
{ "type": "Feature", "properties": { "surname": "Cornish", "given": "James", "occupation": "laborer", "house_no": 79, "street_raw": "Dallas", "street_matched": "DALLAS (S)", "side": "left", "confidence": "bracketed", "anchors_on_street": 9 }, "geometry": { "type": "Point", "coordinates": [ -76.596261448377049, 39.289103695251562 ] } },
{ "type": "Feature", "properties": { "surname": "Cornish", "given": "Samuel", "occupation": "laborer", "house_no": 124, "street_raw": "Hill", "street_matched": "HILL", "side": "left", "confidence": "bracketed", "anchors_on_street": 5 }, "geometry": { "type": "Point", "coordinates": [ -76.61795900283515, 39.280909457083787 ] } },
{ "type": "Feature", "properties": { "surname": "Cosev", "given": "David ..shoemaker", "occupation": "", "house_no": 141, "street_raw": "North", "street_matched": "NORTH", "side": "", "confidence": "street_proportional", "anchors_on_street": 0 }, "geometry": { "type": "Point", "coordinates": [ -76.642791462477732, 39.310074045518022 ] } },
{ "type": "Feature", "properties": { "surname": "Coyer", "given": "Ann", "occupation": "", "house_no": 6, "street_raw": "McElderry's al", "street_matched": "MCELDERRY'S 1902", "side": "", "confidence": "street_proportional", "anchors_on_street": 0 }, "geometry": { "type": "Point", "coordinates": [ -76.606448213816407, 39.285401518580457 ] } },
{ "type": "Feature", "properties": { "surname": "Cox", "given": "John", "occupation": "steamboat hand", "house_no": 9, "street_raw": "Welcome al", "street_matched": "WELCOME", "side": "", "confidence": "street_proportional", "anchors_on_street": 0 }, "geometry": { "type": "Point", "coordinates": [ -76.613904752371141, 39.282712347247191 ] } },
{ "type": "Feature", "properties": { "surname": "Crawford", "given": "Alex", "occupation": "gri-in measurer", "house_no": 7, "street_raw": "Welcome al", "street_matched": "WELCOME", "side": "", "confidence": "street_proportional", "anchors_on_street": 0 }, "geometry": { "type": "Point", "coordinates": [ -76.613686364896836, 39.282719810987935 ] } },
{ "type": "Feature", "properties": { "surname": "Crawford", "given": "Rachel", "occupation": "cook", "house_no": 70, "street_raw": "Centre", "street_matched": "CENTRE, (W)", "side": "left", "confidence": "extrapolated", "anchors_on_street": 4 }, "geometry": { "type": "Point", "coordinates": [ -76.61561127001282, 39.296304955378602 ] } },
{ "type": "Feature", "properties": { "surname": "Crew", "given": "John", "occupation": "laborer", "house_no": 32, "street_raw": "Burgundy al", "street_matched": "BURGUNDY", "side": "", "confidence": "street_proportional", "anchors_on_street": 0 }, "geometry": { "type": "Point", "coordinates": [ -76.624978682520648, 39.282276558297916 ] } },
{ "type": "Feature", "properties": { "surname": "Crew", "given": "Richard", "occupation": "brickmoulder", "house_no": 129, "street_raw": "Hill", "street_matched": "HILL", "side": "left", "confidence": "bracketed", "anchors_on_street": 5 }, "geometry": { "type": "Point", "coordinates": [ -76.618180682721828, 39.280902416509427 ] } },
{ "type": "Feature", "properties": { "surname": "Crick", "given": "Charlotte", "occupation": "", "house_no": 201, "street_raw": "n Exeter", "street_matched": "EXETER", "side": "left", "confidence": "extrapolated", "anchors_on_street": 9 }, "geometry": { "type": "Point", "coordinates": [ -76.600224694076374, 39.283470650802201 ] } },
{ "type": "Feature", "properties": { "surname": "Crimmon", "given": "John", "occupation": "sailmaker", "house_no": 24, "street_raw": "Forrest", "street_matched": "FORREST", "side": "", "confidence": "street_proportional", "anchors_on_street": 0 }, "geometry": { "type": "Point", "coordinates": [ -76.607892083928917, 39.300705003445685 ] } },
{ "type": "Feature", "properties": { "surname": "Crippen", "given": "Henrietta", "occupation": "washer", "house_no": 23, "street_raw": "Wayne", "street_matched": "WAYNE", "side": "", "confidence": "street_proportional", "anchors_on_street": 0 }, "geometry": { "type": "Point", "coordinates": [ -76.618622034935456, 39.28349973262165 ] } },
{ "type": "Feature", "properties": { "surname": "Cromwell", "given": "Francis", "occupation": "cooper", "house_no": 31, "street_raw": "n Sharp", "street_matched": "SHARP, (S)", "side": "left", "confidence": "extrapolated", "anchors_on_street": 5 }, "geometry": { "type": "Point", "coordinates": [ -76.617515642871879, 39.280923535799914 ] } },
{ "type": "Feature", "properties": { "surname": "Cromwell", "given": "George", "occupation": "shoemaker", "house_no": 75, "street_raw": "Conway", "street_matched": "CONWAY", "side": "", "confidence": "street_proportional", "anchors_on_street": 0 }, "geometry": { "type": "Point", "coordinates": [ -76.617520990841342, 39.284053615731892 ] } },
{ "type": "Feature", "properties": { "surname": "Cromwell", "given": "Jos. laborer", "occupation": "", "house_no": 140, "street_raw": "Sarah Ann", "street_matched": "SARAH ANN", "side": "", "confidence": "street_proportional", "anchors_on_street": 0 }, "geometry": { "type": "Point", "coordinates": [ -76.629641052933877, 39.293147771200438 ] } },
{ "type": "Feature", "properties": { "surname": "Cromwell", "given": "Oliver", "occupation": "barber", "house_no": 16, "street_raw": "Camden", "street_matched": "CAMDEN", "side": "left", "confidence": "extrapolated", "anchors_on_street": 6 }, "geometry": { "type": "Point", "coordinates": [ -76.614684596777678, 39.285452443108213 ] } },
{ "type": "Feature", "properties": { "surname": "Cromwell", "given": "Robert", "occupation": "laborer", "house_no": 52, "street_raw": "Orchard", "street_matched": "ORCHARD", "side": "", "confidence": "street_proportional", "anchors_on_street": 0 }, "geometry": { "type": "Point", "coordinates": [ -76.623616676920776, 39.297656886744235 ] } },
{ "type": "Feature", "properties": { "surname": "Cromwell", "given": "William", "occupation": "", "house_no": 2, "street_raw": "Painter's court", "street_matched": "PAINTERS", "side": "", "confidence": "street_proportional", "anchors_on_street": 0 }, "geometry": { "type": "Point", "coordinates": [ -76.603210294380716, 39.29155083551062 ] } },
{ "type": "Feature", "properties": { "surname": "Crump", "given": "Emelme", "occupation": "washer", "house_no": 202, "street_raw": "Happy al", "street_matched": "DURHAM (S)", "side": "left", "confidence": "bracketed", "anchors_on_street": 9 }, "geometry": { "type": "Point", "coordinates": [ -76.590730412345579, 39.285972683752632 ] } },
{ "type": "Feature", "properties": { "surname": "Cummins", "given": "Simon", "occupation": "", "house_no": 9, "street_raw": "Nicholson lane", "street_matched": "NICHOLSON", "side": "", "confidence": "street_proportional", "anchors_on_street": 0 }, "geometry": { "type": "Point", "coordinates": [ -76.590692802067423, 39.273907649263414 ] } },
{ "type": "Feature", "properties": { "surname": "Cunningham", "given": "Win. steward", "occupation": "", "house_no": 74, "street_raw": "Dallas", "street_matched": "DALLAS (S)", "side": "left", "confidence": "bracketed", "anchors_on_street": 9 }, "geometry": { "type": "Point", "coordinates": [ -76.596271348460888, 39.289267411111346 ] } },
{ "type": "Feature", "properties": { "surname": "Curtis", "given": "Francis", "occupation": "laborer", "house_no": 5, "street_raw": "Elbow lane", "street_matched": "CAMDEN", "side": "left", "confidence": "extrapolated", "anchors_on_street": 6 }, "geometry": { "type": "Point", "coordinates": [ -76.614077900853957, 39.285476823852044 ] } },
{ "type": "Feature", "properties": { "surname": "Curtis", "given": "Wm. lumber wagoner", "occupation": "", "house_no": 38, "street_raw": "Welcome al", "street_matched": "WELCOME", "side": "", "confidence": "street_proportional", "anchors_on_street": 0 }, "geometry": { "type": "Point", "coordinates": [ -76.617071153126673, 39.282600411399585 ] } },
{ "type": "Feature", "properties": { "surname": "Dairy", "given": "Samuel", "occupation": "hackman", "house_no": 67, "street_raw": "Short", "street_matched": "SHORT", "side": "", "confidence": "street_proportional", "anchors_on_street": 0 }, "geometry": { "type": "Point", "coordinates": [ -76.598959787180618, 39.295831486774894 ] } },
{ "type": "Feature", "properties": { "surname": "Darby", "given": "Mager", "occupation": "laborer", "house_no": 6, "street_raw": "Williamson al", "street_matched": "WILLIAMSON", "side": "", "confidence": "street_proportional", "anchors_on_street": 0 }, "geometry": { "type": "Point", "coordinates": [ -76.611768177226836, 39.278540593543852 ] } },
{ "type": "Feature", "properties": { "surname": "Dashiel", "given": "Sally", "occupation": "", "house_no": 174, "street_raw": "Eastern av", "street_matched": "EASTERN", "side": "", "confidence": "street_proportional", "anchors_on_street": 0 }, "geometry": { "type": "Point", "coordinates": [ -76.578935213004613, 39.286181777997108 ] } },
{ "type": "Feature", "properties": { "surname": "Davidge", "given": "Clias. laborer", "occupation": "", "house_no": 202, "street_raw": "n Charles", "street_matched": "CHARLES (N.)", "side": "right", "confidence": "bracketed", "anchors_on_street": 3 }, "geometry": { "type": "Point", "coordinates": [ -76.615795138601598, 39.299509182406865 ] } },
{ "type": "Feature", "properties": { "surname": "Davidge", "given": "Emil", "occupation": "musician", "house_no": 49, "street_raw": "Park", "street_matched": "PARK", "side": "left", "confidence": "bracketed", "anchors_on_street": 9 }, "geometry": { "type": "Point", "coordinates": [ -76.618099575928653, 39.292438607944 ] } },
{ "type": "Feature", "properties": { "surname": "Davinport", "given": "Ann", "occupation": "washer", "house_no": 27, "street_raw": "Douglass", "street_matched": "LEXINGTON", "side": "left", "confidence": "extrapolated", "anchors_on_street": 21 }, "geometry": { "type": "Point", "coordinates": [ -76.615245353193259, 39.291065717826946 ] } },
{ "type": "Feature", "properties": { "surname": "Davis", "given": "Ann", "occupation": "", "house_no": 300, "street_raw": "s Charles", "street_matched": "CHARLES (S.)", "side": "left", "confidence": "bracketed", "anchors_on_street": 12 }, "geometry": { "type": "Point", "coordinates": [ -76.614471677874263, 39.278186652134174 ] } },
{ "type": "Feature", "properties": { "surname": "Davis", "given": "Benjamin", "occupation": "barber", "house_no": 766, "street_raw": "\\v Baltimore", "street_matched": "BALTIMORE, (W)", "side": "left", "confidence": "bracketed", "anchors_on_street": 19 }, "geometry": { "type": "Point", "coordinates": [ -76.643456450583059, 39.28832199282477 ] } },
{ "type": "Feature", "properties": { "surname": "Davis", "given": "Caroline", "occupation": "", "house_no": 67, "street_raw": "Mulberry", "street_matched": "MULBERRY", "side": "", "confidence": "street_proportional", "anchors_on_street": 0 }, "geometry": { "type": "Point", "coordinates": [ -76.637195844915212, 39.293220958447591 ] } },
{ "type": "Feature", "properties": { "surname": "Davis", "given": "Edward", "occupation": "cook", "house_no": 137, "street_raw": "Dallas", "street_matched": "DALLAS (S)", "side": "left", "confidence": "bracketed", "anchors_on_street": 9 }, "geometry": { "type": "Point", "coordinates": [ -76.596155124237967, 39.287345423096937 ] } },
{ "type": "Feature", "properties": { "surname": "Davis", "given": "Elijah", "occupation": "tanner", "house_no": 88, "street_raw": "Stirling", "street_matched": "STIRLING", "side": "", "confidence": "street_proportional", "anchors_on_street": 0 }, "geometry": { "type": "Point", "coordinates": [ -76.602741269029607, 39.30154088334227 ] } },
{ "type": "Feature", "properties": { "surname": "Davis", "given": "George", "occupation": "laborer", "house_no": 37, "street_raw": "Forrest", "street_matched": "FORREST", "side": "", "confidence": "street_proportional", "anchors_on_street": 0 }, "geometry": { "type": "Point", "coordinates": [ -76.60780081853035, 39.300360255732002 ] } },
{ "type": "Feature", "properties": { "surname": "Davis", "given": "Jacob", "occupation": "scow man", "house_no": 53, "street_raw": "Perry", "street_matched": "PERRY", "side": "", "confidence": "street_proportional", "anchors_on_street": 0 }, "geometry": { "type": "Point", "coordinates": [ -76.617878782557781, 39.284814476933342 ] } },
{ "type": "Feature", "properties": { "surname": "Davis", "given": "Peter", "occupation": "waiter", "house_no": 41, "street_raw": "State", "street_matched": "STATE", "side": "", "confidence": "street_proportional", "anchors_on_street": 0 }, "geometry": { "type": "Point", "coordinates": [ -76.620295918302318, 39.293274286451272 ] } },
{ "type": "Feature", "properties": { "surname": "Davis", "given": "Richard", "occupation": "barber", "house_no": 127, "street_raw": "Hillen", "street_matched": "HILLEN", "side": "left", "confidence": "bracketed", "anchors_on_street": 3 }, "geometry": { "type": "Point", "coordinates": [ -76.605687328213321, 39.296715864617539 ] } },
{ "type": "Feature", "properties": { "surname": "Davis", "given": "William", "occupation": "barber", "house_no": 46, "street_raw": "Rock", "street_matched": "ROCK", "side": "", "confidence": "street_proportional", "anchors_on_street": 0 }, "geometry": { "type": "Point", "coordinates": [ -76.63154380864168, 39.291051364415267 ] } },
{ "type": "Feature", "properties": { "surname": "Dawson", "given": "James", "occupation": "", "house_no": 67, "street_raw": "Dover", "street_matched": "DOVER", "side": "", "confidence": "street_proportional", "anchors_on_street": 0 }, "geometry": { "type": "Point", "coordinates": [ -76.623463970252672, 39.285711320718178 ] } },
{ "type": "Feature", "properties": { "surname": "Dawson", "given": "Perry", "occupation": "grain measurer", "house_no": 24, "street_raw": "Cross", "street_matched": "CROSS", "side": "", "confidence": "street_proportional", "anchors_on_street": 0 }, "geometry": { "type": "Point", "coordinates": [ -76.612157631927346, 39.277063334170741 ] } },
{ "type": "Feature", "properties": { "surname": "Day", "given": "Cato", "occupation": "caulker", "house_no": 208, "street_raw": "Happy al", "street_matched": "DURHAM (S)", "side": "left", "confidence": "bracketed", "anchors_on_street": 9 }, "geometry": { "type": "Point", "coordinates": [ -76.590716109178999, 39.285768170994885 ] } },
{ "type": "Feature", "properties": { "surname": "Day", "given": "James H. barber", "occupation": "", "house_no": 319, "street_raw": "w Pratt", "street_matched": "PRATT, (W)", "side": "left", "confidence": "bracketed", "anchors_on_street": 22 }, "geometry": { "type": "Point", "coordinates": [ -76.621900328839189, 39.286237748994935 ] } },
{ "type": "Feature", "properties": { "surname": "Deakins", "given": "Julia", "occupation": "washer", "house_no": 116, "street_raw": "York", "street_matched": "YORK", "side": "", "confidence": "street_proportional", "anchors_on_street": 0 }, "geometry": { "type": "Point", "coordinates": [ -76.612270512120588, 39.281442570073239 ] } },
{ "type": "Feature", "properties": { "surname": "Deal", "given": "Henry", "occupation": "laborer", "house_no": 129, "street_raw": "Hill", "street_matched": "HILL", "side": "left", "confidence": "bracketed", "anchors_on_street": 5 }, "geometry": { "type": "Point", "coordinates": [ -76.618180682721828, 39.280902416509427 ] } },
{ "type": "Feature", "properties": { "surname": "Deaver", "given": "Charles", "occupation": "butcher", "house_no": 16, "street_raw": "Short", "street_matched": "SHORT", "side": "", "confidence": "street_proportional", "anchors_on_street": 0 }, "geometry": { "type": "Point", "coordinates": [ -76.59778409078902, 39.295881128086982 ] } },
{ "type": "Feature", "properties": { "surname": "Deaver", "given": "James", "occupation": "rope maker", "house_no": 140, "street_raw": "Low", "street_matched": "LOW", "side": "", "confidence": "street_proportional", "anchors_on_street": 0 }, "geometry": { "type": "Point", "coordinates": [ -76.606786217296744, 39.292812719357116 ] } },
{ "type": "Feature", "properties": { "surname": "Decoursey", "given": "Solomon", "occupation": "cook", "house_no": 16, "street_raw": "Holiday", "street_matched": "HOLIDAY", "side": "", "confidence": "street_proportional", "anchors_on_street": 0 }, "geometry": { "type": "Point", "coordinates": [ -76.61035862201939, 39.292542209336823 ] } },
{ "type": "Feature", "properties": { "surname": "Dell", "given": "Joseph", "occupation": "laborer", "house_no": 20, "street_raw": "Vine", "street_matched": "VINE", "side": "", "confidence": "street_proportional", "anchors_on_street": 0 }, "geometry": { "type": "Point", "coordinates": [ -76.628087204759865, 39.290645785371844 ] } },
{ "type": "Feature", "properties": { "surname": "Delosher", "given": "Frederick W. porter", "occupation": "", "house_no": 35, "street_raw": "Welcome al", "street_matched": "WELCOME", "side": "", "confidence": "street_proportional", "anchors_on_street": 0 }, "geometry": { "type": "Point", "coordinates": [ -76.616743602985835, 39.282612134675098 ] } },
{ "type": "Feature", "properties": { "surname": "Demby", "given": "Austin", "occupation": "", "house_no": 124, "street_raw": "York", "street_matched": "YORK", "side": "", "confidence": "street_proportional", "anchors_on_street": 0 }, "geometry": { "type": "Point", "coordinates": [ -76.613041968264795, 39.281413423663558 ] } },
{ "type": "Feature", "properties": { "surname": "Denison", "given": "Philip", "occupation": "sawyer", "house_no": 155, "street_raw": "n Exeter", "street_matched": "EXETER", "side": "left", "confidence": "extrapolated", "anchors_on_street": 9 }, "geometry": { "type": "Point", "coordinates": [ -76.600313815143338, 39.284688241321042 ] } },
{ "type": "Feature", "properties": { "surname": "Dennis", "given": "Emory", "occupation": "stevadore", "house_no": 41, "street_raw": "Forrest", "street_matched": "FORREST", "side": "", "confidence": "street_proportional", "anchors_on_street": 0 }, "geometry": { "type": "Point", "coordinates": [ -76.607772625102712, 39.300254197373619 ] } },
{ "type": "Feature", "properties": { "surname": "Dennis", "given": "Joshua", "occupation": "laborer", "house_no": 87, "street_raw": "Dallas", "street_matched": "DALLAS (S)", "side": "left", "confidence": "bracketed", "anchors_on_street": 9 }, "geometry": { "type": "Point", "coordinates": [ -76.596247317304844, 39.288870021959376 ] } },
{ "type": "Feature", "properties": { "surname": "Dennis", "given": "Littleton", "occupation": "coachman", "house_no": 47, "street_raw": "State", "street_matched": "STATE", "side": "", "confidence": "street_proportional", "anchors_on_street": 0 }, "geometry": { "type": "Point", "coordinates": [ -76.620280045630196, 39.29301232414663 ] } },
{ "type": "Feature", "properties": { "surname": "Dennis", "given": "Margaret", "occupation": "", "house_no": 109, "street_raw": "Dallas", "street_matched": "DALLAS (S)", "side": "left", "confidence": "bracketed", "anchors_on_street": 9 }, "geometry": { "type": "Point", "coordinates": [ -76.59620845830257, 39.288227420277913 ] } },
{ "type": "Feature", "properties": { "surname": "Dennis", "given": "Mary", "occupation": "", "house_no": 18, "street_raw": "Jasper", "street_matched": "JASPER", "side": "", "confidence": "street_proportional", "anchors_on_street": 0 }, "geometry": { "type": "Point", "coordinates": [ -76.622069458478478, 39.296545504558921 ] } },
{ "type": "Feature", "properties": { "surname": "Dennis", "given": "Robert", "occupation": "coachman", "house_no": 116, "street_raw": "Tyson", "street_matched": "TYSON", "side": "", "confidence": "street_proportional", "anchors_on_street": 0 }, "geometry": { "type": "Point", "coordinates": [ -76.619229780622689, 39.298251964545237 ] } },
{ "type": "Feature", "properties": { "surname": "Dennis", "given": "William", "occupation": "laborer", "house_no": 24, "street_raw": "Slemmer's al", "street_matched": "SLEMMERS", "side": "", "confidence": "street_proportional", "anchors_on_street": 0 }, "geometry": { "type": "Point", "coordinates": [ -76.603889049844099, 39.287831804016534 ] } },
{ "type": "Feature", "properties": { "surname": "Derry", "given": "William", "occupation": "", "house_no": 30, "street_raw": "Short", "street_matched": "SHORT", "side": "", "confidence": "street_proportional", "anchors_on_street": 0 }, "geometry": { "type": "Point", "coordinates": [ -76.598106831125946, 39.295867502047798 ] } },
{ "type": "Feature", "properties": { "surname": "Dessin", "given": "Henry", "occupation": "conlectioner", "house_no": 16, "street_raw": "e Pratt", "street_matched": "PRATT, (E)", "side": "left", "confidence": "bracketed", "anchors_on_street": 8 }, "geometry": { "type": "Point", "coordinates": [ -76.603859810133912, 39.287060870560573 ] } },
{ "type": "Feature", "properties": { "surname": "Devetier", "given": "Alex", "occupation": "brick maker", "house_no": 66, "street_raw": "Dover", "street_matched": "DOVER", "side": "", "confidence": "street_proportional", "anchors_on_street": 0 }, "geometry": { "type": "Point", "coordinates": [ -76.623341782076764, 39.285716049126599 ] } },
{ "type": "Feature", "properties": { "surname": "Devetier", "given": "Jas. brick maker", "occupation": "", "house_no": 59, "street_raw": "Wayne", "street_matched": "WAYNE", "side": "", "confidence": "street_proportional", "anchors_on_street": 0 }, "geometry": { "type": "Point", "coordinates": [ -76.617725950826056, 39.283542799795327 ] } },
{ "type": "Feature", "properties": { "surname": "Dickerson", "given": "Richd. sleamhont pilot", "occupation": "", "house_no": 45, "street_raw": "Douglass", "street_matched": "LEXINGTON", "side": "left", "confidence": "extrapolated", "anchors_on_street": 21 }, "geometry": { "type": "Point", "coordinates": [ -76.615245353193259, 39.291065717826946 ] } },
{ "type": "Feature", "properties": { "surname": "Dickerson", "given": "Samuel", "occupation": "laborer", "house_no": 7, "street_raw": "Short", "street_matched": "SHORT", "side": "", "confidence": "street_proportional", "anchors_on_street": 0 }, "geometry": { "type": "Point", "coordinates": [ -76.597576614792658, 39.295889887215402 ] } },
{ "type": "Feature", "properties": { "surname": "Digits", "given": "Benj. drayman", "occupation": "", "house_no": 28, "street_raw": "Jefferson", "street_matched": "JEFFERSON", "side": "", "confidence": "street_proportional", "anchors_on_street": 0 }, "geometry": { "type": "Point", "coordinates": [ -76.597308638042122, 39.296111966796701 ] } },
{ "type": "Feature", "properties": { "surname": "Digirs", "given": "Chas", "occupation": "laborer", "house_no": 154, "street_raw": "Sarah Ann", "street_matched": "SARAH ANN", "side": "", "confidence": "street_proportional", "anchors_on_street": 0 }, "geometry": { "type": "Point", "coordinates": [ -76.630138248323362, 39.293127628707346 ] } },
{ "type": "Feature", "properties": { "surname": "Diffgs", "given": "William", "occupation": "laborer", "house_no": 59, "street_raw": "Jasper", "street_matched": "JASPER", "side": "", "confidence": "street_proportional", "anchors_on_street": 0 }, "geometry": { "type": "Point", "coordinates": [ -76.62195159150869, 39.294715570910391 ] } },
{ "type": "Feature", "properties": { "surname": "Dixon", "given": "Ann", "occupation": "seamstress", "house_no": 9, "street_raw": "Sarah Ann", "street_matched": "SARAH ANN", "side": "", "confidence": "street_proportional", "anchors_on_street": 0 }, "geometry": { "type": "Point", "coordinates": [ -76.625005359408377, 39.293251484769833 ] } },
{ "type": "Feature", "properties": { "surname": "Dixon", "given": "Caleb", "occupation": "grain measurer", "house_no": 9, "street_raw": "Haw", "street_matched": "HAW", "side": "", "confidence": "street_proportional", "anchors_on_street": 0 }, "geometry": { "type": "Point", "coordinates": [ -76.626504232138672, 39.284672054721341 ] } },
{ "type": "Feature", "properties": { "surname": "Dixon", "given": "James", "occupation": "hackman", "house_no": 295, "street_raw": "n Gay", "street_matched": "GAY, (N)", "side": "right", "confidence": "extrapolated", "anchors_on_street": 9 }, "geometry": { "type": "Point", "coordinates": [ -76.601308965441916, 39.298082117436834 ] } },
{ "type": "Feature", "properties": { "surname": "Dixon", "given": "Mary", "occupation": "", "house_no": 46, "street_raw": "Perry", "street_matched": "PERRY", "side": "", "confidence": "street_proportional", "anchors_on_street": 0 }, "geometry": { "type": "Point", "coordinates": [ -76.616745150854896, 39.284860576266773 ] } },
{ "type": "Feature", "properties": { "surname": "Dixon", "given": "Peter", "occupation": "laborer", "house_no": 6, "street_raw": "Wayne", "street_matched": "WAYNE", "side": "", "confidence": "street_proportional", "anchors_on_street": 0 }, "geometry": { "type": "Point", "coordinates": [ -76.619045185386696, 39.283479392968864 ] } },
{ "type": "Feature", "properties": { "surname": "Dixon", "given": "Rebecca", "occupation": "", "house_no": 9, "street_raw": "Dover", "street_matched": "DOVER", "side": "", "confidence": "street_proportional", "anchors_on_street": 0 }, "geometry": { "type": "Point", "coordinates": [ -76.616407266077928, 39.286053369934969 ] } },
{ "type": "Feature", "properties": { "surname": "Dobson", "given": "George", "occupation": "drayman", "house_no": 30, "street_raw": "Peirce „_", "street_matched": "PIERCE", "side": "", "confidence": "street_proportional", "anchors_on_street": 0 }, "geometry": { "type": "Point", "coordinates": [ -76.632642399522993, 39.29390492734305 ] } },
{ "type": "Feature", "properties": { "surname": "Dnbson", "given": "Henry", "occupation": "drayman", "house_no": 35, "street_raw": "Tyson", "street_matched": "TYSON", "side": "", "confidence": "street_proportional", "anchors_on_street": 0 }, "geometry": { "type": "Point", "coordinates": [ -76.619342057348561, 39.299989411832264 ] } },
{ "type": "Feature", "properties": { "surname": "Dubson", "given": "James", "occupation": "", "house_no": 77, "street_raw": "Watson", "street_matched": "WATSON", "side": "", "confidence": "street_proportional", "anchors_on_street": 0 }, "geometry": { "type": "Point", "coordinates": [ -76.602626068086209, 39.289977529598964 ] } },
{ "type": "Feature", "properties": { "surname": "Dobson", "given": "Perry", "occupation": "laborer", "house_no": 72, "street_raw": "East", "street_matched": "EAST", "side": "", "confidence": "street_proportional", "anchors_on_street": 0 }, "geometry": { "type": "Point", "coordinates": [ -76.573426664579188, 39.307108685782595 ] } },
{ "type": "Feature", "properties": { "surname": "Docwra", "given": "James", "occupation": "laborer", "house_no": 26, "street_raw": "Wayne", "street_matched": "WAYNE", "side": "", "confidence": "street_proportional", "anchors_on_street": 0 }, "geometry": { "type": "Point", "coordinates": [ -76.618547361301225, 39.283503321813896 ] } },
{ "type": "Feature", "properties": { "surname": "Dorsey", "given": "John", "occupation": "porter", "house_no": 10, "street_raw": "s Paca", "street_matched": "PACA (N)", "side": "left", "confidence": "bracketed", "anchors_on_street": 6 }, "geometry": { "type": "Point", "coordinates": [ -76.622336652098113, 39.289975210821538 ] } },
{ "type": "Feature", "properties": { "surname": "Dorsey", "given": "Lemuel", "occupation": "drayman", "house_no": 3, "street_raw": "Union al", "street_matched": "COLVIN", "side": "", "confidence": "street_proportional", "anchors_on_street": 0 }, "geometry": { "type": "Point", "coordinates": [ -76.60779675526824, 39.296658041371728 ] } },
{ "type": "Feature", "properties": { "surname": "Dorsey", "given": "Mary", "occupation": "washer", "house_no": 36, "street_raw": "Peirce", "street_matched": "PIERCE", "side": "", "confidence": "street_proportional", "anchors_on_street": 0 }, "geometry": { "type": "Point", "coordinates": [ -76.632329707647813, 39.293916464156837 ] } },
{ "type": "Feature", "properties": { "surname": "Dorsey", "given": "Milly", "occupation": "", "house_no": 155, "street_raw": "n Exeter", "street_matched": "EXETER", "side": "left", "confidence": "extrapolated", "anchors_on_street": 9 }, "geometry": { "type": "Point", "coordinates": [ -76.600313815143338, 39.284688241321042 ] } },
{ "type": "Feature", "properties": { "surname": "Dorsey", "given": "Peter", "occupation": "laborer", "house_no": 166, "street_raw": "Sarah Ann", "street_matched": "SARAH ANN", "side": "", "confidence": "street_proportional", "anchors_on_street": 0 }, "geometry": { "type": "Point", "coordinates": [ -76.630564415575307, 39.293110362038426 ] } },
{ "type": "Feature", "properties": { "surname": "Doso", "given": "Mrs. huckster", "occupation": "", "house_no": 41, "street_raw": "Park", "street_matched": "PARK", "side": "left", "confidence": "bracketed", "anchors_on_street": 9 }, "geometry": { "type": "Point", "coordinates": [ -76.618072409188088, 39.291996151091439 ] } },
{ "type": "Feature", "properties": { "surname": "Douglass", "given": "Ann", "occupation": "washer", "house_no": 465, "street_raw": "w Baltimore", "street_matched": "BALTIMORE, (W)", "side": "left", "confidence": "bracketed", "anchors_on_street": 19 }, "geometry": { "type": "Point", "coordinates": [ -76.642920154798631, 39.288345409128368 ] } },
{ "type": "Feature", "properties": { "surname": "Douglass", "given": "H. laborer", "occupation": "", "house_no": 122, "street_raw": "Sarah Ann", "street_matched": "SARAH ANN", "side": "", "confidence": "street_proportional", "anchors_on_street": 0 }, "geometry": { "type": "Point", "coordinates": [ -76.629019475626478, 39.293108223293274 ] } },
{ "type": "Feature", "properties": { "surname": "Douglass", "given": "William", "occupation": "laborer", "house_no": 54, "street_raw": "Davis", "street_matched": "DAVIS", "side": "", "confidence": "street_proportional", "anchors_on_street": 0 }, "geometry": { "type": "Point", "coordinates": [ -76.612053015909211, 39.293036296938133 ] } },
{ "type": "Feature", "properties": { "surname": "Dormau", "given": "Geo. carter", "occupation": "", "house_no": 6, "street_raw": "Water", "street_matched": "WATER", "side": "", "confidence": "street_proportional", "anchors_on_street": 0 }, "geometry": { "type": "Point", "coordinates": [ -76.60587246616565, 39.288725297906943 ] } },
{ "type": "Feature", "properties": { "surname": "Dorr", "given": "Horace", "occupation": "laborer", "house_no": 116, "street_raw": "Jasper", "street_matched": "JASPER", "side": "", "confidence": "street_proportional", "anchors_on_street": 0 }, "geometry": { "type": "Point", "coordinates": [ -76.621787727028959, 39.292171515367855 ] } },
{ "type": "Feature", "properties": { "surname": "Dorrell", "given": "Richd. sawyer", "occupation": "", "house_no": 14, "street_raw": "Vine", "street_matched": "VINE", "side": "", "confidence": "street_proportional", "anchors_on_street": 0 }, "geometry": { "type": "Point", "coordinates": [ -76.627134740411606, 39.290683026857053 ] } },
{ "type": "Feature", "properties": { "surname": "Dorrite", "given": "Ann", "occupation": "washer", "house_no": 169, "street_raw": "Dallas", "street_matched": "DALLAS (S)", "side": "left", "confidence": "bracketed", "anchors_on_street": 9 }, "geometry": { "type": "Point", "coordinates": [ -76.596075781456435, 39.286033360136862 ] } },
{ "type": "Feature", "properties": { "surname": "Dorsey", "given": "Bateman", "occupation": "sawyer", "house_no": 264, "street_raw": "Light", "street_matched": "LIGHT-ST. WHF", "side": "right", "confidence": "extrapolated", "anchors_on_street": 4 }, "geometry": { "type": "Point", "coordinates": [ -76.612662812190976, 39.279556395101899 ] } },
{ "type": "Feature", "properties": { "surname": "Dorsey", "given": "Ellen", "occupation": "", "house_no": 2, "street_raw": "Hamilton", "street_matched": "HAMILTON", "side": "", "confidence": "street_proportional", "anchors_on_street": 0 }, "geometry": { "type": "Point", "coordinates": [ -76.613298121734246, 39.295747964040146 ] } },
{ "type": "Feature", "properties": { "surname": "Dorsey", "given": "Geo. laborer", "occupation": "McElderry st. continued", "house_no": 46, "street_raw": "Bank lane", "street_matched": "BANK", "side": "left", "confidence": "extrapolated", "anchors_on_street": 11 }, "geometry": { "type": "Point", "coordinates": [ -76.597180636260774, 39.286437372746605 ] } },
{ "type": "Feature", "properties": { "surname": "Dorsey", "given": "Henrietta", "occupation": "washer", "house_no": 77, "street_raw": "Garden", "street_matched": "GARDEN", "side": "left", "confidence": "extrapolated", "anchors_on_street": 3 }, "geometry": { "type": "Point", "coordinates": [ -76.622935839954124, 39.303062794538576 ] } },
{ "type": "Feature", "properties": { "surname": "Dorsey", "given": "Henry", "occupation": "laborer", "house_no": 144, "street_raw": "German", "street_matched": "PRATT, (E)", "side": "left", "confidence": "bracketed", "anchors_on_street": 8 }, "geometry": { "type": "Point", "coordinates": [ -76.597552298668063, 39.289078715096331 ] } },
{ "type": "Feature", "properties": { "surname": "Dorsey", "given": "Henry", "occupation": "hay dealer", "house_no": 27, "street_raw": "Preston", "street_matched": "PRESTON", "side": "right", "confidence": "bracketed", "anchors_on_street": 5 }, "geometry": { "type": "Point", "coordinates": [ -76.626640451080419, 39.298766657753404 ] } },
{ "type": "Feature", "properties": { "surname": "Dorsey", "given": "Horatio", "occupation": "barber", "house_no": 58, "street_raw": "Pennsylvania av", "street_matched": "PENNSYLVANIA AV", "side": "left", "confidence": "bracketed", "anchors_on_street": 15 }, "geometry": { "type": "Point", "coordinates": [ -76.625959252302877, 39.296426910345396 ] } },
{ "type": "Feature", "properties": { "surname": "Dorsey", "given": "Isaac", "occupation": "sawyer", "house_no": 59, "street_raw": "Jasper", "street_matched": "JASPER", "side": "", "confidence": "street_proportional", "anchors_on_street": 0 }, "geometry": { "type": "Point", "coordinates": [ -76.62195159150869, 39.294715570910391 ] } },
{ "type": "Feature", "properties": { "surname": "Dowling", "given": "Abram", "occupation": "laborer", "house_no": 19, "street_raw": "Tyson", "street_matched": "TYSON", "side": "", "confidence": "street_proportional", "anchors_on_street": 0 }, "geometry": { "type": "Point", "coordinates": [ -76.619364236136889, 39.300332611175385 ] } },
{ "type": "Feature", "properties": { "surname": "Downs", "given": "Benj. laborer", "occupation": "", "house_no": 43, "street_raw": "Wayne", "street_matched": "WAYNE", "side": "", "confidence": "street_proportional", "anchors_on_street": 0 }, "geometry": { "type": "Point", "coordinates": [ -76.618124210564559, 39.283523659673236 ] } },
{ "type": "Feature", "properties": { "surname": "Downs", "given": "Eliza", "occupation": "washer", "house_no": 23, "street_raw": "Dover", "street_matched": "DOVER", "side": "", "confidence": "street_proportional", "anchors_on_street": 0 }, "geometry": { "type": "Point", "coordinates": [ -76.61811811665109, 39.285990513362805 ] } },
{ "type": "Feature", "properties": { "surname": "Downs", "given": "Isaac", "occupation": "laborer", "house_no": 25, "street_raw": "George", "street_matched": "GEORGE", "side": "right", "confidence": "extrapolated", "anchors_on_street": 2 }, "geometry": { "type": "Point", "coordinates": [ -76.624967509411334, 39.295610345168775 ] } },
{ "type": "Feature", "properties": { "surname": "Downs", "given": "Jefferson", "occupation": "coal carter", "house_no": 9, "street_raw": "Haw", "street_matched": "HAW", "side": "", "confidence": "street_proportional", "anchors_on_street": 0 }, "geometry": { "type": "Point", "coordinates": [ -76.626504232138672, 39.284672054721341 ] } },
{ "type": "Feature", "properties": { "surname": "Downs", "given": "Mary", "occupation": "", "house_no": 14, "street_raw": "State", "street_matched": "STATE", "side": "", "confidence": "street_proportional", "anchors_on_street": 0 }, "geometry": { "type": "Point", "coordinates": [ -76.620367347038751, 39.294453116531677 ] } },
{ "type": "Feature", "properties": { "surname": "Dowson", "given": "Louisa", "occupation": "", "house_no": 296, "street_raw": "Eastern av", "street_matched": "EASTERN", "side": "", "confidence": "street_proportional", "anchors_on_street": 0 }, "geometry": { "type": "Point", "coordinates": [ -76.606093700329367, 39.285013974794055 ] } },
{ "type": "Feature", "properties": { "surname": "Draper", "given": "Garrison", "occupation": "tobacconist", "house_no": 162, "street_raw": "Forrest", "street_matched": "FORREST", "side": "", "confidence": "street_proportional", "anchors_on_street": 0 }, "geometry": { "type": "Point", "coordinates": [ -76.606136570179714, 39.297356390579985 ] } },
{ "type": "Feature", "properties": { "surname": "Drewitt", "given": "Wm. cabinet maker", "occupation": "", "house_no": 34, "street_raw": "n Sharp", "street_matched": "SHARP, (S)", "side": "left", "confidence": "extrapolated", "anchors_on_street": 5 }, "geometry": { "type": "Point", "coordinates": [ -76.617515642871879, 39.280923535799914 ] } },
{ "type": "Feature", "properties": { "surname": "Driver", "given": "Edward D. carter", "occupation": "", "house_no": 86, "street_raw": "Cross", "street_matched": "CROSS", "side": "", "confidence": "street_proportional", "anchors_on_street": 0 }, "geometry": { "type": "Point", "coordinates": [ -76.632945112534856, 39.283246394966284 ] } },
{ "type": "Feature", "properties": { "surname": "Dubois", "given": "Joseph E. barber", "occupation": "", "house_no": 38, "street_raw": "President", "street_matched": "PRESIDENT", "side": "", "confidence": "street_proportional", "anchors_on_street": 0 }, "geometry": { "type": "Point", "coordinates": [ -76.602725132293187, 39.284725454302126 ] } },
{ "type": "Feature", "properties": { "surname": "Duckitt", "given": "Henry", "occupation": "laborer", "house_no": 49, "street_raw": "Sarah Ann", "street_matched": "SARAH ANN", "side": "", "confidence": "street_proportional", "anchors_on_street": 0 }, "geometry": { "type": "Point", "coordinates": [ -76.626426665906067, 39.293206415545818 ] } },
{ "type": "Feature", "properties": { "surname": "Dudley", "given": "Samuel", "occupation": "", "house_no": 91, "street_raw": "Watson", "street_matched": "WATSON", "side": "", "confidence": "street_proportional", "anchors_on_street": 0 }, "geometry": { "type": "Point", "coordinates": [ -76.603520666643519, 39.289742764962007 ] } },
{ "type": "Feature", "properties": { "surname": "Dunbar", "given": "Geo. grain measurer", "occupation": "", "house_no": 25, "street_raw": "Douglass", "street_matched": "LEXINGTON", "side": "left", "confidence": "extrapolated", "anchors_on_street": 21 }, "geometry": { "type": "Point", "coordinates": [ -76.615245353193259, 39.291065717826946 ] } },
{ "type": "Feature", "properties": { "surname": "Dunn", "given": "Daniel", "occupation": "", "house_no": 5, "street_raw": "Short", "street_matched": "SHORT", "side": "", "confidence": "street_proportional", "anchors_on_street": 0 }, "geometry": { "type": "Point", "coordinates": [ -76.597530509008735, 39.295891833638606 ] } },
{ "type": "Feature", "properties": { "surname": "Dunn", "given": "John", "occupation": "laborer", "house_no": 139, "street_raw": "Hill", "street_matched": "HILL", "side": "left", "confidence": "bracketed", "anchors_on_street": 5 }, "geometry": { "type": "Point", "coordinates": [ -76.618624042363152, 39.280888334105555 ] } },
{ "type": "Feature", "properties": { "surname": "Dusablon", "given": "Antoinette", "occupation": "", "house_no": 126, "street_raw": "Jasper", "street_matched": "JASPER", "side": "", "confidence": "street_proportional", "anchors_on_street": 0 }, "geometry": { "type": "Point", "coordinates": [ -76.621758979128714, 39.291725189648133 ] } },
{ "type": "Feature", "properties": { "surname": "Dutton", "given": "Nicholas", "occupation": "carter", "house_no": 44, "street_raw": "n Sharp", "street_matched": "SHARP, (S)", "side": "left", "confidence": "extrapolated", "anchors_on_street": 5 }, "geometry": { "type": "Point", "coordinates": [ -76.617515642871879, 39.280923535799914 ] } },
{ "type": "Feature", "properties": { "surname": "Dyson", "given": "Chas. laborer", "occupation": "", "house_no": 77, "street_raw": "Burgundy al", "street_matched": "BURGUNDY", "side": "", "confidence": "street_proportional", "anchors_on_street": 0 }, "geometry": { "type": "Point", "coordinates": [ -76.627075332424013, 39.277936702158811 ] } },
{ "type": "Feature", "properties": { "surname": "Eady", "given": "William", "occupation": "carter", "house_no": 272, "street_raw": "Aisquith", "street_matched": "AISQUITH", "side": "left", "confidence": "bracketed", "anchors_on_street": 15 }, "geometry": { "type": "Point", "coordinates": [ -76.602017272813711, 39.300944547146891 ] } },
{ "type": "Feature", "properties": { "surname": "Earles", "given": "Noah", "occupation": "", "house_no": 234, "street_raw": "German", "street_matched": "PRATT, (W)", "side": "left", "confidence": "bracketed", "anchors_on_street": 22 }, "geometry": { "type": "Point", "coordinates": [ -76.617873678624179, 39.28637278972699 ] } },
{ "type": "Feature", "properties": { "surname": "Elhert", "given": "Henry", "occupation": "carter", "house_no": 83, "street_raw": "East", "street_matched": "EAST", "side": "", "confidence": "street_proportional", "anchors_on_street": 0 }, "geometry": { "type": "Point", "coordinates": [ -76.573443693888308, 39.3074348969254 ] } },
{ "type": "Feature", "properties": { "surname": "Elder", "given": "Catharine", "occupation": "", "house_no": 43, "street_raw": "Clay", "street_matched": "CLAY", "side": "", "confidence": "street_proportional", "anchors_on_street": 0 }, "geometry": { "type": "Point", "coordinates": [ -76.621084923096262, 39.292163614874283 ] } },
{ "type": "Feature", "properties": { "surname": "Eldridge", "given": "Joshua", "occupation": "waiter", "house_no": 15, "street_raw": "Dover", "street_matched": "DOVER", "side": "", "confidence": "street_proportional", "anchors_on_street": 0 }, "geometry": { "type": "Point", "coordinates": [ -76.617140487993396, 39.286026432318799 ] } },
{ "type": "Feature", "properties": { "surname": "Elias", "given": "James", "occupation": "tanner", "house_no": 499, "street_raw": "Saratoga", "street_matched": "SARATOGA", "side": "left", "confidence": "bracketed", "anchors_on_street": 16 }, "geometry": { "type": "Point", "coordinates": [ -76.635034430232565, 39.292419885145776 ] } },
{ "type": "Feature", "properties": { "surname": "Ellen", "given": "Sarah", "occupation": "", "house_no": 169, "street_raw": "Happy al", "street_matched": "DURHAM (S)", "side": "left", "confidence": "bracketed", "anchors_on_street": 9 }, "geometry": { "type": "Point", "coordinates": [ -76.590808148273041, 39.28712180685315 ] } },
{ "type": "Feature", "properties": { "surname": "Elliott", "given": "Mary", "occupation": "washer", "house_no": 49, "street_raw": "State I", "street_matched": "STATE", "side": "", "confidence": "street_proportional", "anchors_on_street": 0 }, "geometry": { "type": "Point", "coordinates": [ -76.620274754765546, 39.292925003373398 ] } },
{ "type": "Feature", "properties": { "surname": "Elliott", "given": "Richard", "occupation": "laborer", "house_no": 133, "street_raw": "Sarah Ann", "street_matched": "SARAH ANN", "side": "", "confidence": "street_proportional", "anchors_on_street": 0 }, "geometry": { "type": "Point", "coordinates": [ -76.629392455136013, 39.293157841699028 ] } },
{ "type": "Feature", "properties": { "surname": "Elliott", "given": "Robert", "occupation": "waiter", "house_no": 43, "street_raw": "Tyson", "street_matched": "TYSON", "side": "", "confidence": "street_proportional", "anchors_on_street": 0 }, "geometry": { "type": "Point", "coordinates": [ -76.619330968034902, 39.299817812145818 ] } },
{ "type": "Feature", "properties": { "surname": "Ellis", "given": "Abraham", "occupation": "caulker", "house_no": 168, "street_raw": "Dallas", "street_matched": "DALLAS (S)", "side": "left", "confidence": "bracketed", "anchors_on_street": 9 }, "geometry": { "type": "Point", "coordinates": [ -76.596077603832882, 39.286063496490847 ] } },
{ "type": "Feature", "properties": { "surname": "EHis", "given": "Scipio", "occupation": "laborer", "house_no": 17, "street_raw": "Philpot al", "street_matched": "PHILPOT", "side": "", "confidence": "street_proportional", "anchors_on_street": 0 }, "geometry": { "type": "Point", "coordinates": [ -76.599210520726004, 39.280123884936131 ] } },
{ "type": "Feature", "properties": { "surname": "Ellison", "given": "Thos. laborer", "occupation": "", "house_no": 21, "street_raw": "Sarah Ann", "street_matched": "SARAH ANN", "side": "", "confidence": "street_proportional", "anchors_on_street": 0 }, "geometry": { "type": "Point", "coordinates": [ -76.62543175154731, 39.29323796580816 ] } },
{ "type": "Feature", "properties": { "surname": "Elsey", "given": "Daniel", "occupation": "waiter", "house_no": 50, "street_raw": "Perry", "street_matched": "PERRY", "side": "", "confidence": "street_proportional", "anchors_on_street": 0 }, "geometry": { "type": "Point", "coordinates": [ -76.61739294049714, 39.28483423390243 ] } },
{ "type": "Feature", "properties": { "surname": "Elsey", "given": "Rev. Mingo K. teacher", "occupation": "", "house_no": 99, "street_raw": "Hill", "street_matched": "HILL", "side": "left", "confidence": "bracketed", "anchors_on_street": 5 }, "geometry": { "type": "Point", "coordinates": [ -76.616911968986855, 39.280940668350631 ] } },
{ "type": "Feature", "properties": { "surname": "Emerson", "given": "James", "occupation": "porter", "house_no": 43, "street_raw": "Clay", "street_matched": "CLAY", "side": "", "confidence": "street_proportional", "anchors_on_street": 0 }, "geometry": { "type": "Point", "coordinates": [ -76.621084923096262, 39.292163614874283 ] } },
{ "type": "Feature", "properties": { "surname": "Emory", "given": "Jacob", "occupation": "porter", "house_no": 70, "street_raw": "Tyson", "street_matched": "TYSON", "side": "", "confidence": "street_proportional", "anchors_on_street": 0 }, "geometry": { "type": "Point", "coordinates": [ -76.619293541997379, 39.299238663130836 ] } },
{ "type": "Feature", "properties": { "surname": "Eunals", "given": "Jos. hod carrier", "occupation": "", "house_no": 84, "street_raw": "Spring", "street_matched": "SPRING (S.)", "side": "left", "confidence": "bracketed", "anchors_on_street": 8 }, "geometry": { "type": "Point", "coordinates": [ -76.597731304861782, 39.288413660535056 ] } },
{ "type": "Feature", "properties": { "surname": "Ennis", "given": "John", "occupation": "laborer", "house_no": 29, "street_raw": "State", "street_matched": "STATE", "side": "", "confidence": "street_proportional", "anchors_on_street": 0 }, "geometry": { "type": "Point", "coordinates": [ -76.620327663998268, 39.293798210992428 ] } },
{ "type": "Feature", "properties": { "surname": "Ennis", "given": "Thomas", "occupation": "waterman", "house_no": 120, "street_raw": "Hill", "street_matched": "HILL", "side": "left", "confidence": "bracketed", "anchors_on_street": 5 }, "geometry": { "type": "Point", "coordinates": [ -76.617781658894131, 39.280915089242022 ] } },
{ "type": "Feature", "properties": { "surname": "Errny", "given": "Michael", "occupation": "", "house_no": 172, "street_raw": "Saratoga", "street_matched": "SARATOGA", "side": "left", "confidence": "extrapolated", "anchors_on_street": 16 }, "geometry": { "type": "Point", "coordinates": [ -76.62388484106431, 39.29281628110099 ] } },
{ "type": "Feature", "properties": { "surname": "Evans", "given": "Frank", "occupation": "drayman", "house_no": 41, "street_raw": "Park", "street_matched": "PARK", "side": "left", "confidence": "bracketed", "anchors_on_street": 9 }, "geometry": { "type": "Point", "coordinates": [ -76.618072409188088, 39.291996151091439 ] } },
{ "type": "Feature", "properties": { "surname": "Evans", "given": "James", "occupation": "waiter", "house_no": 51, "street_raw": "Lewis", "street_matched": "LEWIS", "side": "", "confidence": "street_proportional", "anchors_on_street": 0 }, "geometry": { "type": "Point", "coordinates": [ -76.60034457492452, 39.296084281686319 ] } },
{ "type": "Feature", "properties": { "surname": "Evans", "given": "Thornton", "occupation": "caulker", "house_no": 140, "street_raw": "Hill", "street_matched": "HILL", "side": "left", "confidence": "bracketed", "anchors_on_street": 5 }, "geometry": { "type": "Point", "coordinates": [ -76.618668378317608, 39.280886925773139 ] } },
{ "type": "Feature", "properties": { "surname": "Fennel", "given": "James", "occupation": "laborer", "house_no": 1, "street_raw": "15 Sarah Ann", "street_matched": "SARAH ANN", "side": "", "confidence": "street_proportional", "anchors_on_street": 0 }, "geometry": { "type": "Point", "coordinates": [ -76.624721097892134, 39.293260496551163 ] } },
{ "type": "Feature", "properties": { "surname": "FerrellAiry", "given": "Ann", "occupation": "washer", "house_no": 98, "street_raw": "Low", "street_matched": "LOW", "side": "", "confidence": "street_proportional", "anchors_on_street": 0 }, "geometry": { "type": "Point", "coordinates": [ -76.604806359124439, 39.294345664122169 ] } },
{ "type": "Feature", "properties": { "surname": "Ficki", "given": "1 Eli", "occupation": "drayman", "house_no": 71, "street_raw": "East", "street_matched": "EAST", "side": "", "confidence": "street_proportional", "anchors_on_street": 0 }, "geometry": { "type": "Point", "coordinates": [ -76.573425116466211, 39.307079030222482 ] } },
{ "type": "Feature", "properties": { "surname": "Finley", "given": "Margaret", "occupation": "cook", "house_no": 44, "street_raw": "Welcome al", "street_matched": "WELCOME", "side": "", "confidence": "street_proportional", "anchors_on_street": 0 }, "geometry": { "type": "Point", "coordinates": [ -76.617726253198526, 39.282576964047387 ] } },
{ "type": "Feature", "properties": { "surname": "Fisher", "given": "Caroline washer", "occupation": "", "house_no": 47, "street_raw": "n Sharp", "street_matched": "SHARP, (S)", "side": "left", "confidence": "extrapolated", "anchors_on_street": 5 }, "geometry": { "type": "Point", "coordinates": [ -76.617515642871879, 39.280923535799914 ] } },
{ "type": "Feature", "properties": { "surname": "Fisher", "given": "John", "occupation": "", "house_no": 202, "street_raw": "Dallas", "street_matched": "DALLAS (S)", "side": "left", "confidence": "bracketed", "anchors_on_street": 9 }, "geometry": { "type": "Point", "coordinates": [ -76.596019471577506, 39.285102165566649 ] } },
{ "type": "Feature", "properties": { "surname": "Fisher", "given": "John", "occupation": "wagoner", "house_no": 202, "street_raw": "Exeter", "street_matched": "EXETER", "side": "left", "confidence": "extrapolated", "anchors_on_street": 9 }, "geometry": { "type": "Point", "coordinates": [ -76.600222756694478, 39.283444181437524 ] } },
{ "type": "Feature", "properties": { "surname": "Fiamer", "given": "Nicholas", "occupation": "laborer", "house_no": 157, "street_raw": "Tyson", "street_matched": "TYSON", "side": "", "confidence": "street_proportional", "anchors_on_street": 0 }, "geometry": { "type": "Point", "coordinates": [ -76.619172948605936, 39.297372515636063 ] } },
{ "type": "Feature", "properties": { "surname": "Flemmings", "given": "John", "occupation": "drayman", "house_no": 34, "street_raw": "Union", "street_matched": "COLVIN", "side": "", "confidence": "street_proportional", "anchors_on_street": 0 }, "geometry": { "type": "Point", "coordinates": [ -76.605649135911236, 39.29483972259299 ] } },
{ "type": "Feature", "properties": { "surname": "Fleetwood", "given": "Chas. waiter", "occupation": "", "house_no": 8, "street_raw": "Tyson al", "street_matched": "TYSON", "side": "", "confidence": "street_proportional", "anchors_on_street": 0 }, "geometry": { "type": "Point", "coordinates": [ -76.619379484178381, 39.300568560700754 ] } },
{ "type": "Feature", "properties": { "surname": "Floyd", "given": "Philip", "occupation": "laborer", "house_no": 45, "street_raw": "Union", "street_matched": "COLVIN", "side": "", "confidence": "street_proportional", "anchors_on_street": 0 }, "geometry": { "type": "Point", "coordinates": [ -76.604887084329775, 39.294194516981612 ] } },
{ "type": "Feature", "properties": { "surname": "Folkes", "given": "Jane", "occupation": "", "house_no": 85, "street_raw": "Mulberry", "street_matched": "MULBERRY", "side": "", "confidence": "street_proportional", "anchors_on_street": 0 }, "geometry": { "type": "Point", "coordinates": [ -76.624745327353878, 39.29369710232131 ] } },
{ "type": "Feature", "properties": { "surname": "Foulscrafi", "given": "Henry", "occupation": "barber", "house_no": 85, "street_raw": "n Gay", "street_matched": "GAY, (N)", "side": "right", "confidence": "extrapolated", "anchors_on_street": 9 }, "geometry": { "type": "Point", "coordinates": [ -76.601308965441916, 39.298082117436834 ] } },
{ "type": "Feature", "properties": { "surname": "Ford", "given": "Ann", "occupation": "washer", "house_no": 13, "street_raw": "Hamilton", "street_matched": "HAMILTON", "side": "", "confidence": "street_proportional", "anchors_on_street": 0 }, "geometry": { "type": "Point", "coordinates": [ -76.6137755359224, 39.295726920914866 ] } },
{ "type": "Feature", "properties": { "surname": "Ford", "given": "George", "occupation": "", "house_no": 8, "street_raw": "Short", "street_matched": "SHORT", "side": "", "confidence": "street_proportional", "anchors_on_street": 0 }, "geometry": { "type": "Point", "coordinates": [ -76.597599667683667, 39.29588891399699 ] } },
{ "type": "Feature", "properties": { "surname": "Ford", "given": "Harriet", "occupation": "washer", "house_no": 11, "street_raw": "Bank", "street_matched": "BANK", "side": "left", "confidence": "extrapolated", "anchors_on_street": 11 }, "geometry": { "type": "Point", "coordinates": [ -76.597180636260774, 39.286437372746605 ] } },
{ "type": "Feature", "properties": { "surname": "Ejird", "given": "J. W. marble polisher", "occupation": "", "house_no": 310, "street_raw": "Fayette", "street_matched": "FAYETTE (E)", "side": "left", "confidence": "extrapolated", "anchors_on_street": 11 }, "geometry": { "type": "Point", "coordinates": [ -76.594006414793711, 39.294081873713026 ] } },
{ "type": "Feature", "properties": { "surname": "Foreman", "given": "Minty", "occupation": "washer", "house_no": 76, "street_raw": "Dallas", "street_matched": "DALLAS (S)", "side": "left", "confidence": "bracketed", "anchors_on_street": 9 }, "geometry": { "type": "Point", "coordinates": [ -76.596267281610395, 39.289200157762323 ] } },
{ "type": "Feature", "properties": { "surname": "Fort", "given": "Henry", "occupation": "porter", "house_no": 66, "street_raw": "Short", "street_matched": "SHORT", "side": "", "confidence": "street_proportional", "anchors_on_street": 0 }, "geometry": { "type": "Point", "coordinates": [ -76.59893673432552, 39.295832460239964 ] } },
{ "type": "Feature", "properties": { "surname": "Fortie", "given": "Elizab. washer", "occupation": "", "house_no": 44, "street_raw": "Park", "street_matched": "PARK", "side": "left", "confidence": "bracketed", "anchors_on_street": 9 }, "geometry": { "type": "Point", "coordinates": [ -76.61808096583249, 39.292135509805263 ] } },
{ "type": "Feature", "properties": { "surname": "Fortie", "given": "Geo. shoemaker", "occupation": "", "house_no": 22, "street_raw": "Vine", "street_matched": "VINE", "side": "", "confidence": "street_proportional", "anchors_on_street": 0 }, "geometry": { "type": "Point", "coordinates": [ -76.628404692653703, 39.290633369827276 ] } },
{ "type": "Feature", "properties": { "surname": "Fortie", "given": "John Charles", "occupation": "teacher", "house_no": 45, "street_raw": "Jefferson", "street_matched": "JEFFERSON", "side": "", "confidence": "street_proportional", "anchors_on_street": 0 }, "geometry": { "type": "Point", "coordinates": [ -76.589668200970522, 39.296431798782436 ] } },
{ "type": "Feature", "properties": { "surname": "Fortie", "given": "Rev. John", "occupation": "teacher", "house_no": 81, "street_raw": "East", "street_matched": "EAST", "side": "", "confidence": "street_proportional", "anchors_on_street": 0 }, "geometry": { "type": "Point", "coordinates": [ -76.573440597640896, 39.30737558581103 ] } },
{ "type": "Feature", "properties": { "surname": "Fortune", "given": "Geo. sailor", "occupation": "", "house_no": 7, "street_raw": "Star al", "street_matched": "CHAPEL", "side": "", "confidence": "street_proportional", "anchors_on_street": 0 }, "geometry": { "type": "Point", "coordinates": [ -76.590062840021133, 39.295591084852241 ] } },
{ "type": "Feature", "properties": { "surname": "Foster", "given": "Benj. F. steward", "occupation": "", "house_no": 133, "street_raw": "Hill", "street_matched": "HILL", "side": "left", "confidence": "bracketed", "anchors_on_street": 5 }, "geometry": { "type": "Point", "coordinates": [ -76.618358026599481, 39.280896783748688 ] } },
{ "type": "Feature", "properties": { "surname": "Foulks", "given": "John", "occupation": "shipsmith", "house_no": 165, "street_raw": "Dallas", "street_matched": "DALLAS (S)", "side": "left", "confidence": "bracketed", "anchors_on_street": 9 }, "geometry": { "type": "Point", "coordinates": [ -76.596083070971474, 39.28615390555106 ] } },
{ "type": "Feature", "properties": { "surname": "Fountain", "given": "Solomon", "occupation": "porter", "house_no": 69, "street_raw": "Dover", "street_matched": "DOVER", "side": "", "confidence": "street_proportional", "anchors_on_street": 0 }, "geometry": { "type": "Point", "coordinates": [ -76.623708346698209, 39.285701865745814 ] } },
{ "type": "Feature", "properties": { "surname": "Fowler", "given": "Henson", "occupation": "laborer", "house_no": 106, "street_raw": "Spring", "street_matched": "SPRING (S.)", "side": "left", "confidence": "bracketed", "anchors_on_street": 8 }, "geometry": { "type": "Point", "coordinates": [ -76.597698731811505, 39.287898399352123 ] } },
{ "type": "Feature", "properties": { "surname": "Fowler", "given": "L. brickmaker", "occupation": "", "house_no": 33, "street_raw": "Johnson", "street_matched": "JOHNSON", "side": "", "confidence": "street_proportional", "anchors_on_street": 0 }, "geometry": { "type": "Point", "coordinates": [ -76.609083038763615, 39.266635651153585 ] } },
{ "type": "Feature", "properties": { "surname": "Fowler", "given": "Thos. laborer", "occupation": "", "house_no": 102, "street_raw": "Henrietta", "street_matched": "HENRIETTA", "side": "", "confidence": "street_proportional", "anchors_on_street": 0 }, "geometry": { "type": "Point", "coordinates": [ -76.619372031069929, 39.279712536902082 ] } },
{ "type": "Feature", "properties": { "surname": "Fowler", "given": "Wm. laborer", "occupation": "", "house_no": 29, "street_raw": "Johnson", "street_matched": "JOHNSON", "side": "", "confidence": "street_proportional", "anchors_on_street": 0 }, "geometry": { "type": "Point", "coordinates": [ -76.609132066880719, 39.26736601068604 ] } },
{ "type": "Feature", "properties": { "surname": "Frames", "given": "Wm. porter", "occupation": "", "house_no": 64, "street_raw": "Tyson", "street_matched": "TYSON", "side": "", "confidence": "street_proportional", "anchors_on_street": 0 }, "geometry": { "type": "Point", "coordinates": [ -76.61930185884178, 39.2993673629217 ] } },
{ "type": "Feature", "properties": { "surname": "France", "given": "Lewis", "occupation": "laborer", "house_no": 501, "street_raw": "Saratoga", "street_matched": "SARATOGA", "side": "left", "confidence": "bracketed", "anchors_on_street": 16 }, "geometry": { "type": "Point", "coordinates": [ -76.635104813201423, 39.292417285341166 ] } },
{ "type": "Feature", "properties": { "surname": "Francis", "given": "Abel", "occupation": "laborer", "house_no": 85, "street_raw": "Stirling", "street_matched": "STIRLING", "side": "", "confidence": "street_proportional", "anchors_on_street": 0 }, "geometry": { "type": "Point", "coordinates": [ -76.602721317396856, 39.301589611150789 ] } },
{ "type": "Feature", "properties": { "surname": "Francis", "given": "Jane", "occupation": "mnrketwoman", "house_no": 97, "street_raw": "Orchard", "street_matched": "ORCHARD", "side": "", "confidence": "street_proportional", "anchors_on_street": 0 }, "geometry": { "type": "Point", "coordinates": [ -76.625080220960115, 39.29645268397595 ] } },
{ "type": "Feature", "properties": { "surname": "Francisco", "given": "John", "occupation": "boarding house", "house_no": 194, "street_raw": "Eastern av", "street_matched": "EASTERN", "side": "", "confidence": "street_proportional", "anchors_on_street": 0 }, "geometry": { "type": "Point", "coordinates": [ -76.583389014717142, 39.286013245575205 ] } },
{ "type": "Feature", "properties": { "surname": "Franklin", "given": "Peter", "occupation": "whitewasher", "house_no": 117, "street_raw": "Montgomery", "street_matched": "MONTGOMERY", "side": "left", "confidence": "extrapolated", "anchors_on_street": 7 }, "geometry": { "type": "Point", "coordinates": [ -76.60985412508326, 39.280059233318184 ] } },
{ "type": "Feature", "properties": { "surname": "Frazier", "given": "Tench", "occupation": "laborer", "house_no": 89, "street_raw": "s Spring", "street_matched": "SPRING (S.)", "side": "left", "confidence": "bracketed", "anchors_on_street": 8 }, "geometry": { "type": "Point", "coordinates": [ -76.597723901854252, 39.288296555728486 ] } },
{ "type": "Feature", "properties": { "surname": "Freeman", "given": "Henry", "occupation": "cordwair.er", "house_no": 74, "street_raw": "East", "street_matched": "EAST", "side": "", "confidence": "street_proportional", "anchors_on_street": 0 }, "geometry": { "type": "Point", "coordinates": [ -76.57342976080902, 39.307167996901931 ] } },
{ "type": "Feature", "properties": { "surname": "Frisby", "given": "Harriet", "occupation": "", "house_no": 100, "street_raw": "Jasper", "street_matched": "JASPER", "side": "", "confidence": "street_proportional", "anchors_on_street": 0 }, "geometry": { "type": "Point", "coordinates": [ -76.621833723991045, 39.292885636397699 ] } },
{ "type": "Feature", "properties": { "surname": "Frisby", "given": "Nathl. laborer", "occupation": "", "house_no": 100, "street_raw": "Spring", "street_matched": "SPRING (S.)", "side": "left", "confidence": "bracketed", "anchors_on_street": 8 }, "geometry": { "type": "Point", "coordinates": [ -76.597707615323742, 39.288038925138018 ] } },
{ "type": "Feature", "properties": { "surname": "Frisby", "given": "Perry", "occupation": "carter", "house_no": 55, "street_raw": "Short", "street_matched": "SHORT", "side": "", "confidence": "street_proportional", "anchors_on_street": 0 }, "geometry": { "type": "Point", "coordinates": [ -76.598683152877655, 39.295843168057289 ] } },
{ "type": "Feature", "properties": { "surname": "Frisby", "given": "Richd. lahorer", "occupation": "", "house_no": 94, "street_raw": "Spring", "street_matched": "SPRING (S.)", "side": "left", "confidence": "bracketed", "anchors_on_street": 8 }, "geometry": { "type": "Point", "coordinates": [ -76.597716498871179, 39.288179450917362 ] } },
{ "type": "Feature", "properties": { "surname": "Frisby", "given": "Spencer", "occupation": "", "house_no": 48, "street_raw": "Lewis", "street_matched": "LEWIS", "side": "", "confidence": "street_proportional", "anchors_on_street": 0 }, "geometry": { "type": "Point", "coordinates": [ -76.600337971956236, 39.29598127442808 ] } },
{ "type": "Feature", "properties": { "surname": "Gaines", "given": "Elizab. Ann", "occupation": "", "house_no": 218, "street_raw": "s Bond", "street_matched": "BOND,(S)", "side": "left", "confidence": "bracketed", "anchors_on_street": 9 }, "geometry": { "type": "Point", "coordinates": [ -76.595332026349723, 39.285413458128268 ] } },
{ "type": "Feature", "properties": { "surname": "Gaines", "given": "Evan", "occupation": "laborer", "house_no": 29, "street_raw": "Slemmer al", "street_matched": "SLEMMERS", "side": "", "confidence": "street_proportional", "anchors_on_street": 0 }, "geometry": { "type": "Point", "coordinates": [ -76.602849901851926, 39.286178086656513 ] } },
{ "type": "Feature", "properties": { "surname": "Gains", "given": "John", "occupation": "", "house_no": 210, "street_raw": "Hanover", "street_matched": "HANOVER", "side": "left", "confidence": "bracketed", "anchors_on_street": 12 }, "geometry": { "type": "Point", "coordinates": [ -76.615815343902653, 39.280820496965518 ] } },
{ "type": "Feature", "properties": { "surname": "Gains", "given": "Marv", "occupation": "", "house_no": 25, "street_raw": "Slemmer al", "street_matched": "SLEMMERS", "side": "", "confidence": "street_proportional", "anchors_on_street": 0 }, "geometry": { "type": "Point", "coordinates": [ -76.603681220160439, 39.287501059906567 ] } },
{ "type": "Feature", "properties": { "surname": "Gains", "given": "Moses", "occupation": "", "house_no": 141, "street_raw": "Hill", "street_matched": "HILL", "side": "left", "confidence": "bracketed", "anchors_on_street": 5 }, "geometry": { "type": "Point", "coordinates": [ -76.618712714270302, 39.280885517423961 ] } },
{ "type": "Feature", "properties": { "surname": "Gaither", "given": "Violet", "occupation": "", "house_no": 19, "street_raw": "Marion", "street_matched": "MARION", "side": "", "confidence": "street_proportional", "anchors_on_street": 0 }, "geometry": { "type": "Point", "coordinates": [ -76.620488690614224, 39.290926370992096 ] } },
{ "type": "Feature", "properties": { "surname": "Game", "given": "by John", "occupation": "laborer", "house_no": 100, "street_raw": "s Spring", "street_matched": "SPRING (S.)", "side": "left", "confidence": "bracketed", "anchors_on_street": 8 }, "geometry": { "type": "Point", "coordinates": [ -76.597707615323742, 39.288038925138018 ] } },
{ "type": "Feature", "properties": { "surname": "Gant", "given": "Otho", "occupation": "", "house_no": 1, "street_raw": "07 Orchard", "street_matched": "ORCHARD", "side": "", "confidence": "street_proportional", "anchors_on_street": 0 }, "geometry": { "type": "Point", "coordinates": [ -76.621957979003483, 39.299021660628171 ] } },
{ "type": "Feature", "properties": { "surname": "Gardner", "given": "Wm. barher", "occupation": "", "house_no": 25, "street_raw": "French", "street_matched": "WATER", "side": "", "confidence": "street_proportional", "anchors_on_street": 0 }, "geometry": { "type": "Point", "coordinates": [ -76.607385585033981, 39.288671789860039 ] } },
{ "type": "Feature", "properties": { "surname": "Gairet", "given": "Robt. laborer", "occupation": "", "house_no": 144, "street_raw": "Saratoga", "street_matched": "SARATOGA", "side": "left", "confidence": "extrapolated", "anchors_on_street": 16 }, "geometry": { "type": "Point", "coordinates": [ -76.62388484106431, 39.29281628110099 ] } },
{ "type": "Feature", "properties": { "surname": "Garret", "given": "Thos. sailor", "occupation": "", "house_no": 8, "street_raw": "Jew al", "street_matched": "JEW", "side": "", "confidence": "street_proportional", "anchors_on_street": 0 }, "geometry": { "type": "Point", "coordinates": [ -76.621563543995975, 39.291037067528691 ] } },
{ "type": "Feature", "properties": { "surname": "Garrett", "given": "Solomon", "occupation": "laborer", "house_no": 42, "street_raw": "Tyson", "street_matched": "TYSON", "side": "", "confidence": "street_proportional", "anchors_on_street": 0 }, "geometry": { "type": "Point", "coordinates": [ -76.619332354196175, 39.29983926210717 ] } },
{ "type": "Feature", "properties": { "surname": "Garrison", "given": "Henry", "occupation": "while washer", "house_no": 90, "street_raw": "East", "street_matched": "EAST", "side": "", "confidence": "street_proportional", "anchors_on_street": 0 }, "geometry": { "type": "Point", "coordinates": [ -76.573454530795019, 39.307642485816601 ] } },
{ "type": "Feature", "properties": { "surname": "Garrison", "given": "Raphael", "occupation": "", "house_no": 19, "street_raw": "Star al", "street_matched": "CHAPEL", "side": "", "confidence": "street_proportional", "anchors_on_street": 0 }, "geometry": { "type": "Point", "coordinates": [ -76.59053733817116, 39.303383552293973 ] } },
{ "type": "Feature", "properties": { "surname": "Garrison", "given": "Wiley", "occupation": "hackman", "house_no": 146, "street_raw": "Low", "street_matched": "LOW", "side": "", "confidence": "street_proportional", "anchors_on_street": 0 }, "geometry": { "type": "Point", "coordinates": [ -76.607069052458243, 39.292593728572633 ] } },
{ "type": "Feature", "properties": { "surname": "Gaunt", "given": "Catharine", "occupation": "", "house_no": 1, "street_raw": "Pear al", "street_matched": "PEAR", "side": "", "confidence": "street_proportional", "anchors_on_street": 0 }, "geometry": { "type": "Point", "coordinates": [ -76.626612743462331, 39.297601385505835 ] } },
{ "type": "Feature", "properties": { "surname": "Caunt", "given": "Richd. porter", "occupation": "", "house_no": 25, "street_raw": "Sarah Ann", "street_matched": "SARAH ANN", "side": "", "confidence": "street_proportional", "anchors_on_street": 0 }, "geometry": { "type": "Point", "coordinates": [ -76.625573882224188, 39.293233459143693 ] } },
{ "type": "Feature", "properties": { "surname": "Getiyjsrael", "given": "barber", "occupation": "", "house_no": 204, "street_raw": "Dallas", "street_matched": "DALLAS (S)", "side": "left", "confidence": "bracketed", "anchors_on_street": 9 }, "geometry": { "type": "Point", "coordinates": [ -76.596016373735267, 39.285050936450695 ] } },
{ "type": "Feature", "properties": { "surname": "Gibbs", "given": "Henry", "occupation": "laborer", "house_no": 4, "street_raw": "Williamson al", "street_matched": "WILLIAMSON", "side": "", "confidence": "street_proportional", "anchors_on_street": 0 }, "geometry": { "type": "Point", "coordinates": [ -76.611594723282778, 39.27854575605253 ] } },
{ "type": "Feature", "properties": { "surname": "Gibbs", "given": "James", "occupation": "drayman", "house_no": 180, "street_raw": "n Caroline", "street_matched": "CAROLINE. (N.)", "side": "left", "confidence": "bracketed", "anchors_on_street": 10 }, "geometry": { "type": "Point", "coordinates": [ -76.597557372770211, 39.297843967034531 ] } },
{ "type": "Feature", "properties": { "surname": "Gibbs", "given": "John L. blacksmith", "occupation": "", "house_no": 22, "street_raw": "Douglass", "street_matched": "LEXINGTON", "side": "left", "confidence": "extrapolated", "anchors_on_street": 21 }, "geometry": { "type": "Point", "coordinates": [ -76.615245353193259, 39.291065717826946 ] } },
{ "type": "Feature", "properties": { "surname": "Gibbs", "given": "Philip", "occupation": "drayman", "house_no": 63, "street_raw": "Biddle al", "street_matched": "BIDDLE, (W)", "side": "right", "confidence": "bracketed", "anchors_on_street": 11 }, "geometry": { "type": "Point", "coordinates": [ -76.620111426280573, 39.301843521798276 ] } },
{ "type": "Feature", "properties": { "surname": "Gibson", "given": "Chas. Wesley", "occupation": "hay dealer", "house_no": 26, "street_raw": "Dover", "street_matched": "DOVER", "side": "", "confidence": "street_proportional", "anchors_on_street": 0 }, "geometry": { "type": "Point", "coordinates": [ -76.618484727337304, 39.285977044858598 ] } },
{ "type": "Feature", "properties": { "surname": "Gibson", "given": "Edwd. whip sawver", "occupation": "", "house_no": 126, "street_raw": "Dallas", "street_matched": "DALLAS (S)", "side": "left", "confidence": "bracketed", "anchors_on_street": 9 }, "geometry": { "type": "Point", "coordinates": [ -76.59617843196861, 39.287730864318412 ] } },
{ "type": "Feature", "properties": { "surname": "Gibson", "given": "Jacob", "occupation": "laborer", "house_no": 17, "street_raw": "Burgundy al", "street_matched": "BURGUNDY", "side": "", "confidence": "street_proportional", "anchors_on_street": 0 }, "geometry": { "type": "Point", "coordinates": [ -76.623398960466858, 39.283219954966704 ] } },
{ "type": "Feature", "properties": { "surname": "Gibson", "given": "James", "occupation": "stevadore", "house_no": 10, "street_raw": "s Eden", "street_matched": "EDEN (S)", "side": "right", "confidence": "bracketed", "anchors_on_street": 3 }, "geometry": { "type": "Point", "coordinates": [ -76.598663312407908, 39.291183870886279 ] } },
{ "type": "Feature", "properties": { "surname": "Gibson", "given": "Jos. laborer", "occupation": "", "house_no": 5, "street_raw": "Cross", "street_matched": "CROSS", "side": "", "confidence": "street_proportional", "anchors_on_street": 0 }, "geometry": { "type": "Point", "coordinates": [ -76.605081175897681, 39.277812380139615 ] } },
{ "type": "Feature", "properties": { "surname": "Giddings", "given": "Smith", "occupation": "porter", "house_no": 111, "street_raw": "St. Paul", "street_matched": "PAUL", "side": "", "confidence": "street_proportional", "anchors_on_street": 0 }, "geometry": { "type": "Point", "coordinates": [ -76.613745863452777, 39.295444270285529 ] } },
{ "type": "Feature", "properties": { "surname": "Gilead", "given": "James", "occupation": "smith", "house_no": 129, "street_raw": "Stirling", "street_matched": "STIRLING", "side": "", "confidence": "street_proportional", "anchors_on_street": 0 }, "geometry": { "type": "Point", "coordinates": [ -76.602796855589332, 39.300847739459186 ] } },
{ "type": "Feature", "properties": { "surname": "Giles", "given": "Elias", "occupation": "carter", "house_no": 147, "street_raw": "Happy al", "street_matched": "DURHAM (S)", "side": "left", "confidence": "bracketed", "anchors_on_street": 9 }, "geometry": { "type": "Point", "coordinates": [ -76.590853147620535, 39.287837329849388 ] } },
{ "type": "Feature", "properties": { "surname": "Giles", "given": "Mahala", "occupation": "washer", "house_no": 6, "street_raw": "Biddle al", "street_matched": "BIDDLE, (W)", "side": "left", "confidence": "extrapolated", "anchors_on_street": 11 }, "geometry": { "type": "Point", "coordinates": [ -76.618552647551454, 39.30314872350317 ] } },
{ "type": "Feature", "properties": { "surname": "Giles", "given": "Richd. tobacco packer", "occupation": "", "house_no": 32, "street_raw": "Welcome al", "street_matched": "WELCOME", "side": "", "confidence": "street_proportional", "anchors_on_street": 0 }, "geometry": { "type": "Point", "coordinates": [ -76.616416052736739, 39.282623857037201 ] } },
{ "type": "Feature", "properties": { "surname": "Gilliard", "given": "Charlotte", "occupation": "washer", "house_no": 70, "street_raw": "Davis", "street_matched": "DAVIS", "side": "", "confidence": "street_proportional", "anchors_on_street": 0 }, "geometry": { "type": "Point", "coordinates": [ -76.612175802161474, 39.294972787208373 ] } },
{ "type": "Feature", "properties": { "surname": "Gilliard", "given": "Edwd. blacksmith", "occupation": "", "house_no": 128, "street_raw": "Stirling", "street_matched": "STIRLING", "side": "", "confidence": "street_proportional", "anchors_on_street": 0 }, "geometry": { "type": "Point", "coordinates": [ -76.602797395175514, 39.300864778988604 ] } },
{ "type": "Feature", "properties": { "surname": "Gilliard", "given": "Nicholas", "occupation": "blacksmith", "house_no": 125, "street_raw": "Low", "street_matched": "LOW", "side": "", "confidence": "street_proportional", "anchors_on_street": 0 }, "geometry": { "type": "Point", "coordinates": [ -76.60607912801305, 39.293360198158545 ] } },
{ "type": "Feature", "properties": { "surname": "Gilmore", "given": "Ira", "occupation": "", "house_no": 305, "street_raw": "Dallas", "street_matched": "DALLAS", "side": "", "confidence": "street_proportional", "anchors_on_street": 0 }, "geometry": { "type": "Point", "coordinates": [ -76.597108034228327, 39.30312749272403 ] } },
{ "type": "Feature", "properties": { "surname": "Gilmore", "given": "John", "occupation": "waiter", "house_no": 1, "street_raw": "Tyson", "street_matched": "TYSON", "side": "", "confidence": "street_proportional", "anchors_on_street": 0 }, "geometry": { "type": "Point", "coordinates": [ -76.619389187530317, 39.300718710388949 ] } },
{ "type": "Feature", "properties": { "surname": "Gittings", "given": "Smith", "occupation": "drayman", "house_no": 141, "street_raw": "St. Paul", "street_matched": "PAUL", "side": "", "confidence": "street_proportional", "anchors_on_street": 0 }, "geometry": { "type": "Point", "coordinates": [ -76.613812291766934, 39.296376830869484 ] } },
{ "type": "Feature", "properties": { "surname": "Glascow", "given": "James", "occupation": "laborer", "house_no": 7, "street_raw": "Elbow lane", "street_matched": "CAMDEN", "side": "left", "confidence": "extrapolated", "anchors_on_street": 6 }, "geometry": { "type": "Point", "coordinates": [ -76.61418820923474, 39.285472391222612 ] } },
{ "type": "Feature", "properties": { "surname": "Golden", "given": "Jeffrey", "occupation": "soap maker", "house_no": 57, "street_raw": "Douglass", "street_matched": "LEXINGTON", "side": "left", "confidence": "bracketed", "anchors_on_street": 21 }, "geometry": { "type": "Point", "coordinates": [ -76.615390042421225, 39.291060081325384 ] } },
{ "type": "Feature", "properties": { "surname": "Goldsborough", "given": "Richd. ship carpenter", "occupation": "", "house_no": 71, "street_raw": "Dallas", "street_matched": "DALLAS (S)", "side": "left", "confidence": "bracketed", "anchors_on_street": 9 }, "geometry": { "type": "Point", "coordinates": [ -76.596277448751081, 39.289368291132078 ] } },
{ "type": "Feature", "properties": { "surname": "Goosberry", "given": "Sarah", "occupation": "wbitewasber", "house_no": 130, "street_raw": "Dallas", "street_matched": "DALLAS (S)", "side": "left", "confidence": "bracketed", "anchors_on_street": 9 }, "geometry": { "type": "Point", "coordinates": [ -76.596171367009944, 39.287614027610289 ] } },
{ "type": "Feature", "properties": { "surname": "Gordon", "given": "Harriet", "occupation": "", "house_no": 3, "street_raw": "French", "street_matched": "WATER", "side": "", "confidence": "street_proportional", "anchors_on_street": 0 }, "geometry": { "type": "Point", "coordinates": [ -76.605633552461626, 39.288733744937595 ] } },
{ "type": "Feature", "properties": { "surname": "Gosnel! Lewis", "given": "carter", "occupation": "", "house_no": 197, "street_raw": "German", "street_matched": "PRATT, (W)", "side": "left", "confidence": "bracketed", "anchors_on_street": 22 }, "geometry": { "type": "Point", "coordinates": [ -76.616105975616378, 39.286438193076194 ] } },
{ "type": "Feature", "properties": { "surname": "Gough", "given": "Ann'", "occupation": "", "house_no": 20, "street_raw": "Jefferson", "street_matched": "JEFFERSON", "side": "", "confidence": "street_proportional", "anchors_on_street": 0 }, "geometry": { "type": "Point", "coordinates": [ -76.600904043500634, 39.295960249031374 ] } },
{ "type": "Feature", "properties": { "surname": "Gould", "given": "Saml. laborer", "occupation": "", "house_no": 144, "street_raw": "n Eutaw", "street_matched": "EUTAW", "side": "", "confidence": "street_proportional", "anchors_on_street": 0 }, "geometry": { "type": "Point", "coordinates": [ -76.625124521436845, 39.303072620648969 ] } },
{ "type": "Feature", "properties": { "surname": "Gould", "given": "Saml. laborer", "occupation": "", "house_no": 97, "street_raw": "s Spring", "street_matched": "SPRING (S.)", "side": "left", "confidence": "bracketed", "anchors_on_street": 8 }, "geometry": { "type": "Point", "coordinates": [ -76.597712057093062, 39.288109188028521 ] } },
{ "type": "Feature", "properties": { "surname": "Grace", "given": "Elizab. washer", "occupation": "", "house_no": 253, "street_raw": "Happy al", "street_matched": "DURHAM (S)", "side": "right", "confidence": "bracketed", "anchors_on_street": 9 }, "geometry": { "type": "Point", "coordinates": [ -76.590611810502764, 39.284362991989518 ] } },
{ "type": "Feature", "properties": { "surname": "Graham", "given": "Philip", "occupation": "carter", "house_no": 117, "street_raw": "Spring", "street_matched": "SPRING (S.)", "side": "left", "confidence": "bracketed", "anchors_on_street": 8 }, "geometry": { "type": "Point", "coordinates": [ -76.597682445463818, 39.287640768727634 ] } },
{ "type": "Feature", "properties": { "surname": "Grandison", "given": "Chas. drayman", "occupation": "", "house_no": 50, "street_raw": "Douglass", "street_matched": "LEXINGTON", "side": "left", "confidence": "extrapolated", "anchors_on_street": 21 }, "geometry": { "type": "Point", "coordinates": [ -76.615245353193259, 39.291065717826946 ] } },
{ "type": "Feature", "properties": { "surname": "Grant", "given": "Margt. marketwoman", "occupation": "", "house_no": 66, "street_raw": "n Canal", "street_matched": "CANAL", "side": "", "confidence": "street_proportional", "anchors_on_street": 0 }, "geometry": { "type": "Point", "coordinates": [ -76.595587645251015, 39.296946652767772 ] } },
{ "type": "Feature", "properties": { "surname": "Gray", "given": "America", "occupation": "sevadore", "house_no": 49, "street_raw": "Low", "street_matched": "LOW", "side": "", "confidence": "street_proportional", "anchors_on_street": 0 }, "geometry": { "type": "Point", "coordinates": [ -76.602496502535303, 39.296134123762975 ] } },
{ "type": "Feature", "properties": { "surname": "Gray", "given": "Chas. H. cabinetmaker", "occupation": "", "house_no": 78, "street_raw": "Park", "street_matched": "PARK", "side": "left", "confidence": "bracketed", "anchors_on_street": 9 }, "geometry": { "type": "Point", "coordinates": [ -76.618245352736068, 39.294812828809661 ] } },
{ "type": "Feature", "properties": { "surname": "Gray", "given": "Cyru*", "occupation": "carriage driver", "house_no": 830, "street_raw": "Baltimore", "street_matched": "BALTIMORE, (W)", "side": "left", "confidence": "bracketed", "anchors_on_street": 19 }, "geometry": { "type": "Point", "coordinates": [ -76.643570480227794, 39.288317013930509 ] } },
{ "type": "Feature", "properties": { "surname": "Gray", "given": "David", "occupation": "drayman", "house_no": 52, "street_raw": "St. Mary", "street_matched": "SEMINARY", "side": "", "confidence": "street_proportional", "anchors_on_street": 0 }, "geometry": { "type": "Point", "coordinates": [ -76.624187187283624, 39.295228770075816 ] } },
{ "type": "Feature", "properties": { "surname": "Gray", "given": "Edwd. laborer", "occupation": "", "house_no": 58, "street_raw": "Perry", "street_matched": "PERRY", "side": "", "confidence": "street_proportional", "anchors_on_street": 0 }, "geometry": { "type": "Point", "coordinates": [ -76.618688519181276, 39.284781550974124 ] } },
{ "type": "Feature", "properties": { "surname": "Gray", "given": "Fanny", "occupation": "", "house_no": 164, "street_raw": "Sarah Ann", "street_matched": "SARAH ANN", "side": "", "confidence": "street_proportional", "anchors_on_street": 0 }, "geometry": { "type": "Point", "coordinates": [ -76.630493387714395, 39.293113239923954 ] } },
{ "type": "Feature", "properties": { "surname": "Gray", "given": "James", "occupation": "", "house_no": 3, "street_raw": "Salisbury al", "street_matched": "SALISBURY", "side": "", "confidence": "street_proportional", "anchors_on_street": 0 }, "geometry": { "type": "Point", "coordinates": [ -76.601593414017415, 39.289872398635019 ] } },
{ "type": "Feature", "properties": { "surname": "Gray", "given": "James", "occupation": "porter", "house_no": 37, "street_raw": "n Sharp", "street_matched": "SHARP, (S)", "side": "left", "confidence": "extrapolated", "anchors_on_street": 5 }, "geometry": { "type": "Point", "coordinates": [ -76.617515642871879, 39.280923535799914 ] } },
{ "type": "Feature", "properties": { "surname": "Gray", "given": "Priscilla", "occupation": "", "house_no": 42, "street_raw": "Low", "street_matched": "LOW", "side": "", "confidence": "street_proportional", "anchors_on_street": 0 }, "geometry": { "type": "Point", "coordinates": [ -76.602166518371902, 39.296389617999886 ] } },
{ "type": "Feature", "properties": { "surname": "Gray", "given": "Richd. laborer", "occupation": "", "house_no": 19, "street_raw": "Burgundy al", "street_matched": "BURGUNDY", "side": "", "confidence": "street_proportional", "anchors_on_street": 0 }, "geometry": { "type": "Point", "coordinates": [ -76.62360959015902, 39.283094167617897 ] } },
{ "type": "Feature", "properties": { "surname": "Greaifield", "given": "Elizab. dress maker", "occupation": "", "house_no": 38, "street_raw": "Clay", "street_matched": "CLAY", "side": "", "confidence": "street_proportional", "anchors_on_street": 0 }, "geometry": { "type": "Point", "coordinates": [ -76.620190190242866, 39.29219685440146 ] } },
{ "type": "Feature", "properties": { "surname": "Green", "given": "Ailen", "occupation": "laborer", "house_no": 85, "street_raw": "East", "street_matched": "EAST", "side": "", "confidence": "street_proportional", "anchors_on_street": 0 }, "geometry": { "type": "Point", "coordinates": [ -76.573446790140892, 39.307494208038612 ] } },
{ "type": "Feature", "properties": { "surname": "Green", "given": "Aiice", "occupation": "washer", "house_no": 49, "street_raw": "Burgundy al", "street_matched": "BURGUNDY", "side": "", "confidence": "street_proportional", "anchors_on_street": 0 }, "geometry": { "type": "Point", "coordinates": [ -76.625792382049781, 39.280649411359107 ] } },
{ "type": "Feature", "properties": { "surname": "Green", "given": "Ann", "occupation": "", "house_no": 41, "street_raw": "Biddle", "street_matched": "BIDDLE, (W)", "side": "right", "confidence": "bracketed", "anchors_on_street": 11 }, "geometry": { "type": "Point", "coordinates": [ -76.619545260056142, 39.302317584951908 ] } },
{ "type": "Feature", "properties": { "surname": "Green", "given": "Benj. cook", "occupation": "", "house_no": 78, "street_raw": "Lewis", "street_matched": "LEWIS", "side": "", "confidence": "street_proportional", "anchors_on_street": 0 }, "geometry": { "type": "Point", "coordinates": [ -76.600404002498124, 39.297011346850667 ] } },
{ "type": "Feature", "properties": { "surname": "Green", "given": "Caroline", "occupation": "whitewasher", "house_no": 68, "street_raw": "Cross", "street_matched": "CROSS", "side": "", "confidence": "street_proportional", "anchors_on_street": 0 }, "geometry": { "type": "Point", "coordinates": [ -76.627927939325104, 39.279791029280581 ] } },
{ "type": "Feature", "properties": { "surname": "Green", "given": "Chas. laborer", "occupation": "", "house_no": 155, "street_raw": "Bethel", "street_matched": "BETHEL, (S)", "side": "left", "confidence": "bracketed", "anchors_on_street": 9 }, "geometry": { "type": "Point", "coordinates": [ -76.594464601599952, 39.285641770073646 ] } },
{ "type": "Feature", "properties": { "surname": "Green", "given": "Chas. laborer", "occupation": "", "house_no": 191, "street_raw": "Sharp", "street_matched": "SHARP, (S)", "side": "left", "confidence": "bracketed", "anchors_on_street": 5 }, "geometry": { "type": "Point", "coordinates": [ -76.617638984444739, 39.280656980449692 ] } },
{ "type": "Feature", "properties": { "surname": "Green", "given": "Eli", "occupation": "drayman", "house_no": 53, "street_raw": "Sarah Ann", "street_matched": "SARAH ANN", "side": "", "confidence": "street_proportional", "anchors_on_street": 0 }, "geometry": { "type": "Point", "coordinates": [ -76.626568796456482, 39.293201907677634 ] } },
{ "type": "Feature", "properties": { "surname": "Green", "given": "Ephm. (urn. carter", "occupation": "", "house_no": 5, "street_raw": "State", "street_matched": "STATE", "side": "", "confidence": "street_proportional", "anchors_on_street": 0 }, "geometry": { "type": "Point", "coordinates": [ -76.620391157588614, 39.294846059773448 ] } },
{ "type": "Feature", "properties": { "surname": "Green", "given": "Geo. sawyer", "occupation": "", "house_no": 167, "street_raw": "Happy al", "street_matched": "DURHAM (S)", "side": "left", "confidence": "bracketed", "anchors_on_street": 9 }, "geometry": { "type": "Point", "coordinates": [ -76.590812746535946, 39.287194396503835 ] } },
{ "type": "Feature", "properties": { "surname": "Green", "given": "James", "occupation": "caulker", "house_no": 185, "street_raw": "Happy al", "street_matched": "DURHAM (S)", "side": "left", "confidence": "bracketed", "anchors_on_street": 9 }, "geometry": { "type": "Point", "coordinates": [ -76.59077093843203, 39.286552136489291 ] } },
{ "type": "Feature", "properties": { "surname": "Green", "given": "John", "occupation": "laborer", "house_no": 155, "street_raw": "Low", "street_matched": "LOW", "side": "", "confidence": "street_proportional", "anchors_on_street": 0 }, "geometry": { "type": "Point", "coordinates": [ -76.607493303929672, 39.292265242654651 ] } },
{ "type": "Feature", "properties": { "surname": "Green", "given": "John", "occupation": "laborer", "house_no": 53, "street_raw": "Forest", "street_matched": "FORREST", "side": "", "confidence": "street_proportional", "anchors_on_street": 0 }, "geometry": { "type": "Point", "coordinates": [ -76.607688045325744, 39.299936022237517 ] } },
{ "type": "Feature", "properties": { "surname": "Green", "given": "John", "occupation": "sawyer", "house_no": 19, "street_raw": "Forest", "street_matched": "FORREST", "side": "", "confidence": "street_proportional", "anchors_on_street": 0 }, "geometry": { "type": "Point", "coordinates": [ -76.607927019767715, 39.300837625285176 ] } },
{ "type": "Feature", "properties": { "surname": "Green", "given": "Jos. waiter", "occupation": "", "house_no": 17, "street_raw": "Forest", "street_matched": "FORREST", "side": "", "confidence": "street_proportional", "anchors_on_street": 0 }, "geometry": { "type": "Point", "coordinates": [ -76.60794099413981, 39.300890674016578 ] } },
{ "type": "Feature", "properties": { "surname": "Green", "given": "Jos. laborer", "occupation": "19 Sarah Ann firt-en Maria, washer", "house_no": 144, "street_raw": "n Eutaw", "street_matched": "EUTAW", "side": "", "confidence": "street_proportional", "anchors_on_street": 0 }, "geometry": { "type": "Point", "coordinates": [ -76.625124521436845, 39.303072620648969 ] } },
{ "type": "Feature", "properties": { "surname": "Green", "given": "Rachel", "occupation": "marketter", "house_no": 115, "street_raw": "Montgomery", "street_matched": "MONTGOMERY", "side": "left", "confidence": "extrapolated", "anchors_on_street": 7 }, "geometry": { "type": "Point", "coordinates": [ -76.60985412508326, 39.280059233318184 ] } },
{ "type": "Feature", "properties": { "surname": "Green", "given": "Richd. laborer", "occupation": "", "house_no": 66, "street_raw": "St. Mary", "street_matched": "SEMINARY", "side": "", "confidence": "street_proportional", "anchors_on_street": 0 }, "geometry": { "type": "Point", "coordinates": [ -76.624352760864852, 39.295104183594695 ] } },
{ "type": "Feature", "properties": { "surname": "Green", "given": "Richd. carter", "occupation": "", "house_no": 28, "street_raw": "Bethel", "street_matched": "BETHEL, (S)", "side": "left", "confidence": "bracketed", "anchors_on_street": 9 }, "geometry": { "type": "Point", "coordinates": [ -76.594820774331197, 39.290538419371465 ] } },
{ "type": "Feature", "properties": { "surname": "Green", "given": "Wm. waiter", "occupation": "", "house_no": 10, "street_raw": "Wayne", "street_matched": "WAYNE", "side": "", "confidence": "street_proportional", "anchors_on_street": 0 }, "geometry": { "type": "Point", "coordinates": [ -76.618945620596463, 39.283484178906662 ] } },
{ "type": "Feature", "properties": { "surname": "Greenwood", "given": "Harriet", "occupation": "cook", "house_no": 6, "street_raw": "Peirce", "street_matched": "PIERCE", "side": "", "confidence": "street_proportional", "anchors_on_street": 0 }, "geometry": { "type": "Point", "coordinates": [ -76.633893290139383, 39.293860857254515 ] } },
{ "type": "Feature", "properties": { "surname": "Greenwood", "given": "Jacob", "occupation": "drayman", "house_no": 125, "street_raw": "Tyson", "street_matched": "TYSON", "side": "", "confidence": "street_proportional", "anchors_on_street": 0 }, "geometry": { "type": "Point", "coordinates": [ -76.619217305854164, 39.298058914780711 ] } },
{ "type": "Feature", "properties": { "surname": "Greenwood", "given": "R. china packer", "occupation": "", "house_no": 2, "street_raw": "Welcome al", "street_matched": "WELCOME", "side": "", "confidence": "street_proportional", "anchors_on_street": 0 }, "geometry": { "type": "Point", "coordinates": [ -76.613140396010039, 39.282738468563373 ] } },
{ "type": "Feature", "properties": { "surname": "Greenwood", "given": "Saml. porter", "occupation": "", "house_no": 123, "street_raw": "Hill", "street_matched": "HILL", "side": "left", "confidence": "bracketed", "anchors_on_street": 5 }, "geometry": { "type": "Point", "coordinates": [ -76.617914666852542, 39.280910865148456 ] } },
{ "type": "Feature", "properties": { "surname": "Greer", "given": "Mary", "occupation": "", "house_no": 140, "street_raw": "Holliday", "street_matched": "HOLLIDAY", "side": "", "confidence": "street_proportional", "anchors_on_street": 0 }, "geometry": { "type": "Point", "coordinates": [ -76.610194971746751, 39.289726658248213 ] } },
{ "type": "Feature", "properties": { "surname": "Griffin", "given": "Harriet", "occupation": "", "house_no": 30, "street_raw": "Wayne", "street_matched": "WAYNE", "side": "", "confidence": "street_proportional", "anchors_on_street": 0 }, "geometry": { "type": "Point", "coordinates": [ -76.618447796443846, 39.283508107329702 ] } },
{ "type": "Feature", "properties": { "surname": "Griffin", "given": "Henry", "occupation": "laborer", "house_no": 98, "street_raw": "Dallas", "street_matched": "DALLAS (S)", "side": "left", "confidence": "bracketed", "anchors_on_street": 9 }, "geometry": { "type": "Point", "coordinates": [ -76.596227887330897, 39.288548721149674 ] } },
{ "type": "Feature", "properties": { "surname": "Griffin", "given": "Mary", "occupation": "", "house_no": 86, "street_raw": "Dallas", "street_matched": "DALLAS (S)", "side": "left", "confidence": "bracketed", "anchors_on_street": 9 }, "geometry": { "type": "Point", "coordinates": [ -76.596249083683773, 39.288899231121874 ] } },
{ "type": "Feature", "properties": { "surname": "Griffin", "given": "Stephen", "occupation": "laborer", "house_no": 82, "street_raw": "Jasper", "street_matched": "JASPER", "side": "", "confidence": "street_proportional", "anchors_on_street": 0 }, "geometry": { "type": "Point", "coordinates": [ -76.621885470088955, 39.293689022414227 ] } },
{ "type": "Feature", "properties": { "surname": "Griffith", "given": "John", "occupation": "whip sawyer", "house_no": 190, "street_raw": "Dallas", "street_matched": "DALLAS (S)", "side": "left", "confidence": "bracketed", "anchors_on_street": 9 }, "geometry": { "type": "Point", "coordinates": [ -76.596038058724815, 39.285409540244295 ] } },
{ "type": "Feature", "properties": { "surname": "Grimes", "given": "Fielding", "occupation": "", "house_no": 130, "street_raw": "Sarah Ann", "street_matched": "SARAH ANN", "side": "", "confidence": "street_proportional", "anchors_on_street": 0 }, "geometry": { "type": "Point", "coordinates": [ -76.629285913204029, 39.293162157510395 ] } },
{ "type": "Feature", "properties": { "surname": "Grinnage", "given": "Wm. sawyer", "occupation": "", "house_no": 7, "street_raw": "Haw", "street_matched": "HAW", "side": "", "confidence": "street_proportional", "anchors_on_street": 0 }, "geometry": { "type": "Point", "coordinates": [ -76.626038823781442, 39.284685734157271 ] } },
{ "type": "Feature", "properties": { "surname": "Grooms", "given": "Dennis", "occupation": "carter", "house_no": 70, "street_raw": "Lewis", "street_matched": "LEWIS", "side": "", "confidence": "street_proportional", "anchors_on_street": 0 }, "geometry": { "type": "Point", "coordinates": [ -76.600386394166222, 39.296736660906085 ] } },
{ "type": "Feature", "properties": { "surname": "Grooms", "given": "Henrietta", "occupation": "", "house_no": 6, "street_raw": "Short", "street_matched": "SHORT", "side": "", "confidence": "street_proportional", "anchors_on_street": 0 }, "geometry": { "type": "Point", "coordinates": [ -76.597553561901009, 39.295890860429246 ] } },
{ "type": "Feature", "properties": { "surname": "Grooms", "given": "Nelson", "occupation": "butcher", "house_no": 22, "street_raw": "n Spring", "street_matched": "SPRING (N.)", "side": "left", "confidence": "extrapolated", "anchors_on_street": 3 }, "geometry": { "type": "Point", "coordinates": [ -76.59810892061499, 39.294520377735907 ] } },
{ "type": "Feature", "properties": { "surname": "Gross", "given": "Benj. waiter", "occupation": "", "house_no": 52, "street_raw": "Peirce", "street_matched": "PIERCE", "side": "", "confidence": "street_proportional", "anchors_on_street": 0 }, "geometry": { "type": "Point", "coordinates": [ -76.631495862450166, 39.293947229834771 ] } },
{ "type": "Feature", "properties": { "surname": "Gross", "given": "Henry", "occupation": "laborer", "house_no": 13, "street_raw": "State", "street_matched": "STATE", "side": "", "confidence": "street_proportional", "anchors_on_street": 0 }, "geometry": { "type": "Point", "coordinates": [ -76.620369992642381, 39.294496776894412 ] } },
{ "type": "Feature", "properties": { "surname": "Gross", "given": "Philip", "occupation": "poster", "house_no": 141, "street_raw": "York", "street_matched": "YORK", "side": "", "confidence": "street_proportional", "anchors_on_street": 0 }, "geometry": { "type": "Point", "coordinates": [ -76.614681311711976, 39.281351490627429 ] } },
{ "type": "Feature", "properties": { "surname": "Gross", "given": "Polly", "occupation": "", "house_no": 36, "street_raw": "Tyson", "street_matched": "TYSON", "side": "", "confidence": "street_proportional", "anchors_on_street": 0 }, "geometry": { "type": "Point", "coordinates": [ -76.619340671181433, 39.299967961871985 ] } },
{ "type": "Feature", "properties": { "surname": "Gross", "given": "Robt. brickmaker", "occupation": "", "house_no": 120, "street_raw": "Camden", "street_matched": "CAMDEN", "side": "left", "confidence": "bracketed", "anchors_on_street": 6 }, "geometry": { "type": "Point", "coordinates": [ -76.620335163611344, 39.285225372629199 ] } },
{ "type": "Feature", "properties": { "surname": "Gross", "given": "Saml. laborer", "occupation": "", "house_no": 177, "street_raw": "s Sharp", "street_matched": "SHARP, (S)", "side": "left", "confidence": "extrapolated", "anchors_on_street": 5 }, "geometry": { "type": "Point", "coordinates": [ -76.617515642871879, 39.280923535799914 ] } },
{ "type": "Feature", "properties": { "surname": "Gross", "given": "Saml. barber", "occupation": "", "house_no": 87, "street_raw": "Watson", "street_matched": "WATSON", "side": "", "confidence": "street_proportional", "anchors_on_street": 0 }, "geometry": { "type": "Point", "coordinates": [ -76.603265067380121, 39.289809840625566 ] } },
{ "type": "Feature", "properties": { "surname": "Gustus", "given": "Rebecca", "occupation": "washer", "house_no": 46, "street_raw": "Dover", "street_matched": "DOVER", "side": "", "confidence": "street_proportional", "anchors_on_street": 0 }, "geometry": { "type": "Point", "coordinates": [ -76.620928796414759, 39.285887248498696 ] } },
{ "type": "Feature", "properties": { "surname": "Guy", "given": "Chas. caachman", "occupation": "", "house_no": 52, "street_raw": "Tyson", "street_matched": "TYSON", "side": "", "confidence": "street_proportional", "anchors_on_street": 0 }, "geometry": { "type": "Point", "coordinates": [ -76.619318492621147, 39.299624762486708 ] } },
{ "type": "Feature", "properties": { "surname": "Gwinn", "given": "Henry", "occupation": "laborer", "house_no": 14, "street_raw": "Booth", "street_matched": "BOOTH", "side": "", "confidence": "street_proportional", "anchors_on_street": 0 }, "geometry": { "type": "Point", "coordinates": [ -76.640581288178495, 39.287867977793617 ] } },
{ "type": "Feature", "properties": { "surname": "Gwinn", "given": "Maria", "occupation": "washer", "house_no": 92, "street_raw": "York", "street_matched": "YORK", "side": "", "confidence": "street_proportional", "anchors_on_street": 0 }, "geometry": { "type": "Point", "coordinates": [ -76.609956141352683, 39.281530002365173 ] } },
{ "type": "Feature", "properties": { "surname": "Hacket", "given": "Chas. drayman", "occupation": "", "house_no": 249, "street_raw": "n Gay", "street_matched": "GAY, (N)", "side": "right", "confidence": "extrapolated", "anchors_on_street": 9 }, "geometry": { "type": "Point", "coordinates": [ -76.601308965441916, 39.298082117436834 ] } },
{ "type": "Feature", "properties": { "surname": "Haley", "given": "Alex", "occupation": "mariner", "house_no": 195, "street_raw": "Dallas", "street_matched": "DALLAS (S)", "side": "left", "confidence": "bracketed", "anchors_on_street": 9 }, "geometry": { "type": "Point", "coordinates": [ -76.596030314060528, 39.285281467465708 ] } },
{ "type": "Feature", "properties": { "surname": "Hall'Amelia", "given": "washer", "occupation": "", "house_no": 46, "street_raw": "Dallas", "street_matched": "DALLAS (S)", "side": "left", "confidence": "bracketed", "anchors_on_street": 9 }, "geometry": { "type": "Point", "coordinates": [ -76.596328285177435, 39.290208957841145 ] } },
{ "type": "Feature", "properties": { "surname": "Hall", "given": "Israel", "occupation": "", "house_no": 27, "street_raw": "Short al", "street_matched": "SHORT", "side": "", "confidence": "street_proportional", "anchors_on_street": 0 }, "geometry": { "type": "Point", "coordinates": [ -76.598037672492765, 39.295870421987992 ] } },
{ "type": "Feature", "properties": { "surname": "Hall", "given": "Robt. labprer", "occupation": "", "house_no": 120, "street_raw": "Jasper", "street_matched": "JASPER", "side": "", "confidence": "street_proportional", "anchors_on_street": 0 }, "geometry": { "type": "Point", "coordinates": [ -76.621776227818742, 39.291992985088207 ] } },
{ "type": "Feature", "properties": { "surname": "Hall", "given": "Singleton", "occupation": "laborer", "house_no": 131, "street_raw": "Sarah Ann", "street_matched": "SARAH ANN", "side": "", "confidence": "street_proportional", "anchors_on_street": 0 }, "geometry": { "type": "Point", "coordinates": [ -76.629321427182802, 39.293160718917349 ] } },
{ "type": "Feature", "properties": { "surname": "Hall", "given": "Solomon", "occupation": "laborer", "house_no": 830, "street_raw": "Baltimore", "street_matched": "BALTIMORE, (W)", "side": "left", "confidence": "bracketed", "anchors_on_street": 19 }, "geometry": { "type": "Point", "coordinates": [ -76.643570480227794, 39.288317013930509 ] } },
{ "type": "Feature", "properties": { "surname": "Hall", "given": "Wm. laborer", "occupation": "", "house_no": 35, "street_raw": "n Sharp", "street_matched": "SHARP, (S)", "side": "left", "confidence": "extrapolated", "anchors_on_street": 5 }, "geometry": { "type": "Point", "coordinates": [ -76.617515642871879, 39.280923535799914 ] } },
{ "type": "Feature", "properties": { "surname": "Hall", "given": "Win. rope maker", "occupation": "", "house_no": 245, "street_raw": "Ensor", "street_matched": "ENSOR", "side": "", "confidence": "street_proportional", "anchors_on_street": 0 }, "geometry": { "type": "Point", "coordinates": [ -76.603690271527839, 39.306078232370297 ] } },
{ "type": "Feature", "properties": { "surname": "Hallis", "given": "Saml. stev.nl.ore", "occupation": "", "house_no": 12, "street_raw": "Bethel", "street_matched": "BETHEL, (S)", "side": "left", "confidence": "bracketed", "anchors_on_street": 9 }, "geometry": { "type": "Point", "coordinates": [ -76.594860914851239, 39.291134451487743 ] } },
{ "type": "Feature", "properties": { "surname": "Hamer", "given": "Mary", "occupation": "", "house_no": 7, "street_raw": "n Canal", "street_matched": "CANAL", "side": "", "confidence": "street_proportional", "anchors_on_street": 0 }, "geometry": { "type": "Point", "coordinates": [ -76.596097088452026, 39.296929155261246 ] } },
{ "type": "Feature", "properties": { "surname": "Hammond", "given": "Emelme", "occupation": "washer", "house_no": 176, "street_raw": "s Caroline", "street_matched": "CAROLINE (S.)", "side": "left", "confidence": "bracketed", "anchors_on_street": 10 }, "geometry": { "type": "Point", "coordinates": [ -76.596814741553729, 39.286286064653744 ] } },
{ "type": "Feature", "properties": { "surname": "Hammond", "given": "Savage", "occupation": "porier", "house_no": 2, "street_raw": "Diamond", "street_matched": "DIAMOND", "side": "", "confidence": "street_proportional", "anchors_on_street": 0 }, "geometry": { "type": "Point", "coordinates": [ -76.623297703329371, 39.294247129634009 ] } },
{ "type": "Feature", "properties": { "surname": "Hammond", "given": "Sophia", "occupation": "cook", "house_no": 132, "street_raw": "Spring", "street_matched": "SPRING (S.)", "side": "left", "confidence": "bracketed", "anchors_on_street": 8 }, "geometry": { "type": "Point", "coordinates": [ -76.597650734365288, 39.287139144798708 ] } },
{ "type": "Feature", "properties": { "surname": "Hamore", "given": "Jos. barber", "occupation": "", "house_no": 6, "street_raw": "Short", "street_matched": "SHORT", "side": "", "confidence": "street_proportional", "anchors_on_street": 0 }, "geometry": { "type": "Point", "coordinates": [ -76.597553561901009, 39.295890860429246 ] } },
{ "type": "Feature", "properties": { "surname": "Hancock'", "given": "Saml. A. sieamtioalman", "occupation": "", "house_no": 210, "street_raw": "Dallas", "street_matched": "DALLAS (S)", "side": "left", "confidence": "bracketed", "anchors_on_street": 9 }, "geometry": { "type": "Point", "coordinates": [ -76.596007080235424, 39.284897249097668 ] } },
{ "type": "Feature", "properties": { "surname": "Hardy", "given": "Anthony", "occupation": "cooper", "house_no": 183, "street_raw": "Sarah Ann", "street_matched": "SARAH ANN", "side": "", "confidence": "street_proportional", "anchors_on_street": 0 }, "geometry": { "type": "Point", "coordinates": [ -76.631138297562089, 39.293017951738591 ] } },
{ "type": "Feature", "properties": { "surname": "Hardy", "given": "Saml. carter", "occupation": "", "house_no": 376, "street_raw": "s Charles", "street_matched": "CHARLES (S.)", "side": "left", "confidence": "extrapolated", "anchors_on_street": 12 }, "geometry": { "type": "Point", "coordinates": [ -76.614332226379304, 39.276081351749092 ] } },
{ "type": "Feature", "properties": { "surname": "Hardy", "given": "Win. waiter", "occupation": "", "house_no": 44, "street_raw": "Welcome al", "street_matched": "WELCOME", "side": "", "confidence": "street_proportional", "anchors_on_street": 0 }, "geometry": { "type": "Point", "coordinates": [ -76.617726253198526, 39.282576964047387 ] } },
{ "type": "Feature", "properties": { "surname": "Harman", "given": "Geo. mariner", "occupation": "", "house_no": 105, "street_raw": "s Spring", "street_matched": "SPRING (S.)", "side": "left", "confidence": "bracketed", "anchors_on_street": 8 }, "geometry": { "type": "Point", "coordinates": [ -76.597700212394429, 39.287921820316903 ] } },
{ "type": "Feature", "properties": { "surname": "Harman", "given": "James", "occupation": "laborer", "house_no": 181, "street_raw": "Happy al", "street_matched": "DURHAM (S)", "side": "left", "confidence": "bracketed", "anchors_on_street": 9 }, "geometry": { "type": "Point", "coordinates": [ -76.590780474078002, 39.286688478293144 ] } },
{ "type": "Feature", "properties": { "surname": "Harman", "given": "Levin", "occupation": "laborer", "house_no": 179, "street_raw": "Happy al", "street_matched": "DURHAM (S)", "side": "left", "confidence": "bracketed", "anchors_on_street": 9 }, "geometry": { "type": "Point", "coordinates": [ -76.590785157099631, 39.286758858573485 ] } },
{ "type": "Feature", "properties": { "surname": "Harris", "given": "Aaron", "occupation": "", "house_no": 2, "street_raw": "Short al", "street_matched": "SHORT", "side": "", "confidence": "street_proportional", "anchors_on_street": 0 }, "geometry": { "type": "Point", "coordinates": [ -76.597461350328103, 39.295894753239516 ] } },
{ "type": "Feature", "properties": { "surname": "Harris", "given": "Adam", "occupation": "carpenter", "house_no": 69, "street_raw": "Dallas", "street_matched": "DALLAS (S)", "side": "left", "confidence": "bracketed", "anchors_on_street": 9 }, "geometry": { "type": "Point", "coordinates": [ -76.596281515620845, 39.289435544477357 ] } },
{ "type": "Feature", "properties": { "surname": "Harris", "given": "Andw- laborer", "occupation": "", "house_no": 67, "street_raw": "Lewis", "street_matched": "LEWIS", "side": "", "confidence": "street_proportional", "anchors_on_street": 0 }, "geometry": { "type": "Point", "coordinates": [ -76.600379791076918, 39.296633653670348 ] } },
{ "type": "Feature", "properties": { "surname": "Harris", "given": "Benj. marketman", "occupation": "", "house_no": 31, "street_raw": "Harford av", "street_matched": "HARFORD", "side": "", "confidence": "street_proportional", "anchors_on_street": 0 }, "geometry": { "type": "Point", "coordinates": [ -76.603354786179978, 39.302132793929317 ] } },
{ "type": "Feature", "properties": { "surname": "Harris", "given": "Chas. drayman", "occupation": "", "house_no": 45, "street_raw": "Burgundy al", "street_matched": "BURGUNDY", "side": "", "confidence": "street_proportional", "anchors_on_street": 0 }, "geometry": { "type": "Point", "coordinates": [ -76.625609103063198, 39.281036942108145 ] } },
{ "type": "Feature", "properties": { "surname": "Harris", "given": "Eliza\"", "occupation": "", "house_no": 61, "street_raw": "Perry", "street_matched": "PERRY", "side": "", "confidence": "street_proportional", "anchors_on_street": 0 }, "geometry": { "type": "Point", "coordinates": [ -76.61917436079456, 39.284761792719223 ] } },
{ "type": "Feature", "properties": { "surname": "Harris", "given": "Fredk. drayman", "occupation": "", "house_no": 101, "street_raw": "Stirling", "street_matched": "STIRLING", "side": "", "confidence": "street_proportional", "anchors_on_street": 0 }, "geometry": { "type": "Point", "coordinates": [ -76.602798939689933, 39.301323981267309 ] } },
{ "type": "Feature", "properties": { "surname": "Harris", "given": "Jacob", "occupation": "laborer", "house_no": 63, "street_raw": "Jasper", "street_matched": "JASPER", "side": "", "confidence": "street_proportional", "anchors_on_street": 0 }, "geometry": { "type": "Point", "coordinates": [ -76.621940091975802, 39.294537040763181 ] } },
{ "type": "Feature", "properties": { "surname": "Harris", "given": "Jacob", "occupation": "carter", "house_no": 120, "street_raw": "Hanover", "street_matched": "HANOVER", "side": "left", "confidence": "bracketed", "anchors_on_street": 12 }, "geometry": { "type": "Point", "coordinates": [ -76.616021373566682, 39.283928217220229 ] } },
{ "type": "Feature", "properties": { "surname": "Harris", "given": "James", "occupation": "cook", "house_no": 74, "street_raw": "Conway", "street_matched": "CONWAY", "side": "", "confidence": "street_proportional", "anchors_on_street": 0 }, "geometry": { "type": "Point", "coordinates": [ -76.617342658413946, 39.284061920243666 ] } },
{ "type": "Feature", "properties": { "surname": "Harris", "given": "John", "occupation": "laborer", "house_no": 69, "street_raw": "Jasper", "street_matched": "JASPER", "side": "", "confidence": "street_proportional", "anchors_on_street": 0 }, "geometry": { "type": "Point", "coordinates": [ -76.62192284279412, 39.294269245522038 ] } },
{ "type": "Feature", "properties": { "surname": "Harris", "given": "Leed", "occupation": "sawyer", "house_no": 5, "street_raw": "Mullikin", "street_matched": "MULLIKIN", "side": "right", "confidence": "bracketed", "anchors_on_street": 9 }, "geometry": { "type": "Point", "coordinates": [ -76.601578462333393, 39.294314450985027 ] } },
{ "type": "Feature", "properties": { "surname": "Harris", "given": "Letetia", "occupation": "washer", "house_no": 1, "street_raw": "1 Tyson", "street_matched": "TYSON", "side": "", "confidence": "street_proportional", "anchors_on_street": 0 }, "geometry": { "type": "Point", "coordinates": [ -76.619389187530317, 39.300718710388949 ] } },
{ "type": "Feature", "properties": { "surname": "Harris", "given": "Nich. laborer", "occupation": "", "house_no": 34, "street_raw": "Elbow lane", "street_matched": "CAMDEN", "side": "left", "confidence": "bracketed", "anchors_on_street": 6 }, "geometry": { "type": "Point", "coordinates": [ -76.615677371569333, 39.285412548749896 ] } },
{ "type": "Feature", "properties": { "surname": "Harris", "given": "Noah", "occupation": "sawyer", "house_no": 46, "street_raw": "Vine", "street_matched": "VINE", "side": "", "confidence": "street_proportional", "anchors_on_street": 0 }, "geometry": { "type": "Point", "coordinates": [ -76.632214575610831, 39.290484887311337 ] } },
{ "type": "Feature", "properties": { "surname": "Harris", "given": "Philip", "occupation": "drayman", "house_no": 208, "street_raw": "Hanover", "street_matched": "HANOVER", "side": "left", "confidence": "bracketed", "anchors_on_street": 12 }, "geometry": { "type": "Point", "coordinates": [ -76.615819348272723, 39.280880897697166 ] } },
{ "type": "Feature", "properties": { "surname": "Han", "given": "is Richd. laborer", "occupation": "", "house_no": 94, "street_raw": "Henrietta", "street_matched": "HENRIETTA", "side": "", "confidence": "street_proportional", "anchors_on_street": 0 }, "geometry": { "type": "Point", "coordinates": [ -76.615595315183469, 39.27893196549558 ] } },
{ "type": "Feature", "properties": { "surname": "Harris", "given": "Saml. brickmoulder", "occupation": "", "house_no": 141, "street_raw": "York", "street_matched": "YORK", "side": "", "confidence": "street_proportional", "anchors_on_street": 0 }, "geometry": { "type": "Point", "coordinates": [ -76.614681311711976, 39.281351490627429 ] } },
{ "type": "Feature", "properties": { "surname": "Harris", "given": "Stephen", "occupation": "", "house_no": 24, "street_raw": "Lewis", "street_matched": "LEWIS", "side": "", "confidence": "street_proportional", "anchors_on_street": 0 }, "geometry": { "type": "Point", "coordinates": [ -76.60028514877277, 39.295157216239033 ] } },
{ "type": "Feature", "properties": { "surname": "Harris", "given": "Theodore", "occupation": "", "house_no": 46, "street_raw": "Jefferson", "street_matched": "JEFFERSON", "side": "", "confidence": "street_proportional", "anchors_on_street": 0 }, "geometry": { "type": "Point", "coordinates": [ -76.589218698830734, 39.296449674949024 ] } },
{ "type": "Feature", "properties": { "surname": "Harris", "given": "Thos sievadore", "occupation": "", "house_no": 80, "street_raw": "Spring", "street_matched": "SPRING (S.)", "side": "left", "confidence": "bracketed", "anchors_on_street": 8 }, "geometry": { "type": "Point", "coordinates": [ -76.597737227285393, 39.288507344377024 ] } },
{ "type": "Feature", "properties": { "surname": "Harrison", "given": "Fredk. drayman", "occupation": "", "house_no": 101, "street_raw": "Stirling", "street_matched": "STIRLING", "side": "", "confidence": "street_proportional", "anchors_on_street": 0 }, "geometry": { "type": "Point", "coordinates": [ -76.602798939689933, 39.301323981267309 ] } },
{ "type": "Feature", "properties": { "surname": "Harrison", "given": "Henry", "occupation": "laborer", "house_no": 102, "street_raw": "Dallas", "street_matched": "DALLAS (S)", "side": "left", "confidence": "bracketed", "anchors_on_street": 9 }, "geometry": { "type": "Point", "coordinates": [ -76.596220822209318, 39.288431884472971 ] } },
{ "type": "Feature", "properties": { "surname": "Harrod", "given": "Henrietta", "occupation": "washer", "house_no": 116, "street_raw": "York", "street_matched": "YORK", "side": "", "confidence": "street_proportional", "anchors_on_street": 0 }, "geometry": { "type": "Point", "coordinates": [ -76.612270512120588, 39.281442570073239 ] } },
{ "type": "Feature", "properties": { "surname": "Harvey", "given": "Jas. drayman", "occupation": "", "house_no": 14, "street_raw": "Dallas", "street_matched": "DALLAS (S)", "side": "left", "confidence": "bracketed", "anchors_on_street": 9 }, "geometry": { "type": "Point", "coordinates": [ -76.596383154485451, 39.291116326376525 ] } },
{ "type": "Feature", "properties": { "surname": "Haskins", "given": "Daphine", "occupation": "washer", "house_no": 50, "street_raw": "Davis", "street_matched": "DAVIS", "side": "", "confidence": "street_proportional", "anchors_on_street": 0 }, "geometry": { "type": "Point", "coordinates": [ -76.612022319312231, 39.292552174216496 ] } },
{ "type": "Feature", "properties": { "surname": "Hawkins", "given": "Aquilla A. laborer", "occupation": "", "house_no": 69, "street_raw": "n Dallas", "street_matched": "DALLAS (N)", "side": "right", "confidence": "bracketed", "anchors_on_street": 4 }, "geometry": { "type": "Point", "coordinates": [ -76.596578635489522, 39.294348993341814 ] } },
{ "type": "Feature", "properties": { "surname": "Hawkins", "given": "Chas. brickmaker", "occupation": "", "house_no": 35, "street_raw": "Low", "street_matched": "LOW", "side": "", "confidence": "street_proportional", "anchors_on_street": 0 }, "geometry": { "type": "Point", "coordinates": [ -76.601836531831282, 39.296645111290353 ] } },
{ "type": "Feature", "properties": { "surname": "Hayden", "given": "Isaac", "occupation": "seaman", "house_no": 27, "street_raw": "Forest", "street_matched": "FORREST", "side": "", "confidence": "street_proportional", "anchors_on_street": 0 }, "geometry": { "type": "Point", "coordinates": [ -76.607871122488348, 39.30062543033447 ] } },
{ "type": "Feature", "properties": { "surname": "Hayman", "given": "Jacob", "occupation": "rope maker", "house_no": 81, "street_raw": "Spring", "street_matched": "SPRING (S.)", "side": "left", "confidence": "bracketed", "anchors_on_street": 8 }, "geometry": { "type": "Point", "coordinates": [ -76.597735746678026, 39.28848392341682 ] } },
{ "type": "Feature", "properties": { "surname": "Hayman", "given": "Jacob", "occupation": "laborer", "house_no": 38, "street_raw": "Dallas", "street_matched": "DALLAS (S)", "side": "left", "confidence": "bracketed", "anchors_on_street": 9 }, "geometry": { "type": "Point", "coordinates": [ -76.596342511807947, 39.290444234253989 ] } },
{ "type": "Feature", "properties": { "surname": "Hayward", "given": "Edwd. porter", "occupation": "", "house_no": 8, "street_raw": "Peirce", "street_matched": "PIERCE", "side": "", "confidence": "street_proportional", "anchors_on_street": 0 }, "geometry": { "type": "Point", "coordinates": [ -76.633789047661011, 39.293864502497584 ] } },
{ "type": "Feature", "properties": { "surname": "Hazen", "given": "Robt. grain measurer", "occupation": "", "house_no": 388, "street_raw": "s Charles", "street_matched": "CHARLES (S.)", "side": "left", "confidence": "extrapolated", "anchors_on_street": 12 }, "geometry": { "type": "Point", "coordinates": [ -76.614310207870872, 39.275748935788791 ] } },
{ "type": "Feature", "properties": { "surname": "Hazleton", "given": "Henrietta", "occupation": "", "house_no": 181, "street_raw": "Peirce", "street_matched": "PIERCE", "side": "", "confidence": "street_proportional", "anchors_on_street": 0 }, "geometry": { "type": "Point", "coordinates": [ -76.624772971204649, 39.294195259654963 ] } },
{ "type": "Feature", "properties": { "surname": "Hazleton", "given": "James", "occupation": "", "house_no": 4, "street_raw": "n Spring", "street_matched": "SPRING (N.)", "side": "left", "confidence": "extrapolated", "anchors_on_street": 3 }, "geometry": { "type": "Point", "coordinates": [ -76.598065405607315, 39.293844594838852 ] } },
{ "type": "Feature", "properties": { "surname": "Heddicks", "given": "Geo. drayman", "occupation": "", "house_no": 17, "street_raw": "n Sharp", "street_matched": "SHARP, (S)", "side": "left", "confidence": "extrapolated", "anchors_on_street": 5 }, "geometry": { "type": "Point", "coordinates": [ -76.617515642871879, 39.280923535799914 ] } },
{ "type": "Feature", "properties": { "surname": "Hedges", "given": "Wm. carter", "occupation": "", "house_no": 142, "street_raw": "Saratoga", "street_matched": "SARATOGA", "side": "left", "confidence": "extrapolated", "anchors_on_street": 16 }, "geometry": { "type": "Point", "coordinates": [ -76.62388484106431, 39.29281628110099 ] } },
{ "type": "Feature", "properties": { "surname": "Helmsley", "given": "Elias", "occupation": "nightman", "house_no": 25, "street_raw": "French", "street_matched": "WATER", "side": "", "confidence": "street_proportional", "anchors_on_street": 0 }, "geometry": { "type": "Point", "coordinates": [ -76.607385585033981, 39.288671789860039 ] } },
{ "type": "Feature", "properties": { "surname": "Henderson", "given": "Joshua", "occupation": "", "house_no": 110, "street_raw": "Dallas", "street_matched": "DALLAS (S)", "side": "left", "confidence": "bracketed", "anchors_on_street": 9 }, "geometry": { "type": "Point", "coordinates": [ -76.596206692035992, 39.288198211106085 ] } },
{ "type": "Feature", "properties": { "surname": "Henry", "given": "Harry", "occupation": "sailor", "house_no": 5, "street_raw": "Welcome al", "street_matched": "WELCOME", "side": "", "confidence": "street_proportional", "anchors_on_street": 0 }, "geometry": { "type": "Point", "coordinates": [ -76.613467977376573, 39.282727274322653 ] } },
{ "type": "Feature", "properties": { "surname": "Henry", "given": "Wash", "occupation": "laborer", "house_no": 12, "street_raw": "Morris al", "street_matched": "MORRIS", "side": "", "confidence": "street_proportional", "anchors_on_street": 0 }, "geometry": { "type": "Point", "coordinates": [ -76.634960999904877, 39.310307000054088 ] } },
{ "type": "Feature", "properties": { "surname": "Henson", "given": "Ellen", "occupation": "", "house_no": 51, "street_raw": "East", "street_matched": "EAST", "side": "", "confidence": "street_proportional", "anchors_on_street": 0 }, "geometry": { "type": "Point", "coordinates": [ -76.573394154478621, 39.306485918960021 ] } },
{ "type": "Feature", "properties": { "surname": "Henson", "given": "Henrietta", "occupation": "", "house_no": 34, "street_raw": "Tyson", "street_matched": "TYSON", "side": "", "confidence": "street_proportional", "anchors_on_street": 0 }, "geometry": { "type": "Point", "coordinates": [ -76.619343443516541, 39.300010861792366 ] } },
{ "type": "Feature", "properties": { "surname": "Henson", "given": "Henry", "occupation": "waiter", "house_no": 80, "street_raw": "East", "street_matched": "EAST", "side": "", "confidence": "street_proportional", "anchors_on_street": 0 }, "geometry": { "type": "Point", "coordinates": [ -76.573439049519124, 39.307345930253426 ] } },
{ "type": "Feature", "properties": { "surname": "Henson", "given": "Lewis", "occupation": "laborer", "house_no": 146, "street_raw": "n Eutaw", "street_matched": "EUTAW", "side": "", "confidence": "street_proportional", "anchors_on_street": 0 }, "geometry": { "type": "Point", "coordinates": [ -76.620904878793368, 39.289296625185024 ] } },
{ "type": "Feature", "properties": { "surname": "Henson", "given": "Martha", "occupation": "", "house_no": 58, "street_raw": "Perry", "street_matched": "PERRY", "side": "", "confidence": "street_proportional", "anchors_on_street": 0 }, "geometry": { "type": "Point", "coordinates": [ -76.618688519181276, 39.284781550974124 ] } },
{ "type": "Feature", "properties": { "surname": "Henson", "given": "Nathan", "occupation": "", "house_no": 122, "street_raw": "Jasper", "street_matched": "JASPER", "side": "", "confidence": "street_proportional", "anchors_on_street": 0 }, "geometry": { "type": "Point", "coordinates": [ -76.621770478240933, 39.291903719944173 ] } },
{ "type": "Feature", "properties": { "surname": "Henson", "given": "Oliver", "occupation": "laborer", "house_no": 44, "street_raw": "Centre", "street_matched": "CENTRE, (W)", "side": "left", "confidence": "extrapolated", "anchors_on_street": 4 }, "geometry": { "type": "Point", "coordinates": [ -76.61561127001282, 39.296304955378602 ] } },
{ "type": "Feature", "properties": { "surname": "Hewett", "given": "Jesse", "occupation": "waiter", "house_no": 54, "street_raw": "L. Sharp", "street_matched": "SHARP, (S)", "side": "left", "confidence": "extrapolated", "anchors_on_street": 5 }, "geometry": { "type": "Point", "coordinates": [ -76.617515642871879, 39.280923535799914 ] } },
{ "type": "Feature", "properties": { "surname": "Hick", "given": "Cecelia", "occupation": "", "house_no": 4, "street_raw": "Salsbury al", "street_matched": "SALISBURY", "side": "", "confidence": "street_proportional", "anchors_on_street": 0 }, "geometry": { "type": "Point", "coordinates": [ -76.601760539773082, 39.289823978482218 ] } },
{ "type": "Feature", "properties": { "surname": "Hicks", "given": "Horace", "occupation": "waiter", "house_no": 101, "street_raw": "Orchard", "street_matched": "ORCHARD", "side": "", "confidence": "street_proportional", "anchors_on_street": 0 }, "geometry": { "type": "Point", "coordinates": [ -76.625210313588724, 39.296345644462789 ] } },
{ "type": "Feature", "properties": { "surname": "High", "given": "James", "occupation": "carter", "house_no": 127, "street_raw": "n Caroline", "street_matched": "CAROLINE. (N.)", "side": "left", "confidence": "bracketed", "anchors_on_street": 10 }, "geometry": { "type": "Point", "coordinates": [ -76.597458909304919, 39.296232957480122 ] } },
{ "type": "Feature", "properties": { "surname": "Hill", "given": "Ebenezer", "occupation": "", "house_no": 101, "street_raw": "s-Spring", "street_matched": "SPRING (S.)", "side": "left", "confidence": "bracketed", "anchors_on_street": 8 }, "geometry": { "type": "Point", "coordinates": [ -76.59770613473593, 39.288015504174162 ] } },
{ "type": "Feature", "properties": { "surname": "Hill", "given": "Hannah", "occupation": "washer", "house_no": 13, "street_raw": "Vine", "street_matched": "VINE", "side": "", "confidence": "street_proportional", "anchors_on_street": 0 }, "geometry": { "type": "Point", "coordinates": [ -76.626975996256334, 39.290689233020458 ] } },
{ "type": "Feature", "properties": { "surname": "Hill", "given": "John", "occupation": "cook", "house_no": 14, "street_raw": "Lewis", "street_matched": "LEWIS", "side": "", "confidence": "street_proportional", "anchors_on_street": 0 }, "geometry": { "type": "Point", "coordinates": [ -76.600263139433153, 39.294813858594793 ] } },
{ "type": "Feature", "properties": { "surname": "Hill", "given": "London", "occupation": "carter", "house_no": 128, "street_raw": "Hill", "street_matched": "HILL", "side": "left", "confidence": "bracketed", "anchors_on_street": 5 }, "geometry": { "type": "Point", "coordinates": [ -76.618136346748003, 39.280903824657763 ] } },
{ "type": "Feature", "properties": { "surname": "Hid", "given": "Mary Ann", "occupation": "", "house_no": 57, "street_raw": "Orleans", "street_matched": "ORLEANS", "side": "left", "confidence": "bracketed", "anchors_on_street": 10 }, "geometry": { "type": "Point", "coordinates": [ -76.600519371886094, 39.294945478689279 ] } },
{ "type": "Feature", "properties": { "surname": "Hill", "given": "Sarah", "occupation": "", "house_no": 7, "street_raw": "Tyson", "street_matched": "TYSON", "side": "", "confidence": "street_proportional", "anchors_on_street": 0 }, "geometry": { "type": "Point", "coordinates": [ -76.619380870369, 39.300590010656684 ] } },
{ "type": "Feature", "properties": { "surname": "Hill", "given": "Susan", "occupation": "wasl.er", "house_no": 74, "street_raw": "Conway", "street_matched": "CONWAY", "side": "", "confidence": "street_proportional", "anchors_on_street": 0 }, "geometry": { "type": "Point", "coordinates": [ -76.617342658413946, 39.284061920243666 ] } },
{ "type": "Feature", "properties": { "surname": "Hilliard", "given": "Hezekiah", "occupation": "drayman", "house_no": 65, "street_raw": "Orchard", "street_matched": "ORCHARD", "side": "", "confidence": "street_proportional", "anchors_on_street": 0 }, "geometry": { "type": "Point", "coordinates": [ -76.624039481188746, 39.297309006065909 ] } },
{ "type": "Feature", "properties": { "surname": "Hilliard", "given": "Jeremiah", "occupation": "drayman", "house_no": 56, "street_raw": "Peirce", "street_matched": "PIERCE", "side": "", "confidence": "street_proportional", "anchors_on_street": 0 }, "geometry": { "type": "Point", "coordinates": [ -76.631287401220348, 39.293954923317834 ] } },
{ "type": "Feature", "properties": { "surname": "Hilliard", "given": "Thos. drayman", "occupation": "", "house_no": 27, "street_raw": "Ross", "street_matched": "ROSS", "side": "left", "confidence": "bracketed", "anchors_on_street": 8 }, "geometry": { "type": "Point", "coordinates": [ -76.621948096664923, 39.296949004546832 ] } },
{ "type": "Feature", "properties": { "surname": "Hiner", "given": "Sanil. butcher", "occupation": "", "house_no": 186, "street_raw": "e Fayette", "street_matched": "FAYETTE (E)", "side": "left", "confidence": "bracketed", "anchors_on_street": 11 }, "geometry": { "type": "Point", "coordinates": [ -76.598534143071774, 39.292841763786157 ] } },
{ "type": "Feature", "properties": { "surname": "Hinson", "given": "Jas. drayman", "occupation": "", "house_no": 83, "street_raw": "Dallas", "street_matched": "DALLAS (S)", "side": "left", "confidence": "bracketed", "anchors_on_street": 9 }, "geometry": { "type": "Point", "coordinates": [ -76.596254382829315, 39.288986858607721 ] } },
{ "type": "Feature", "properties": { "surname": "Hitch", "given": "Wm. laborer", "occupation": "", "house_no": 162, "street_raw": "Sarah Ann", "street_matched": "SARAH ANN", "side": "", "confidence": "street_proportional", "anchors_on_street": 0 }, "geometry": { "type": "Point", "coordinates": [ -76.630422359847714, 39.293116117766516 ] } },
{ "type": "Feature", "properties": { "surname": "Hitchens", "given": "Henry", "occupation": "caulker", "house_no": 133, "street_raw": "Dallas", "street_matched": "DALLAS (S)", "side": "left", "confidence": "bracketed", "anchors_on_street": 9 }, "geometry": { "type": "Point", "coordinates": [ -76.596166068306218, 39.287526400076253 ] } },
{ "type": "Feature", "properties": { "surname": "Hitchins", "given": "Wm. carter", "occupation": "", "house_no": 104, "street_raw": "s Caroline", "street_matched": "CAROLINE (S.)", "side": "left", "confidence": "bracketed", "anchors_on_street": 10 }, "geometry": { "type": "Point", "coordinates": [ -76.596942217758439, 39.288159087473957 ] } },
{ "type": "Feature", "properties": { "surname": "Hodges", "given": "Abram. waiter", "occupation": "", "house_no": 34, "street_raw": "Burgundy al", "street_matched": "BURGUNDY", "side": "", "confidence": "street_proportional", "anchors_on_street": 0 }, "geometry": { "type": "Point", "coordinates": [ -76.625105084395472, 39.282102652498082 ] } },
{ "type": "Feature", "properties": { "surname": "Hodges", "given": "Geo. drayman", "occupation": "", "house_no": 13, "street_raw": "Neighbor", "street_matched": "CHEW", "side": "left", "confidence": "bracketed", "anchors_on_street": 9 }, "geometry": { "type": "Point", "coordinates": [ -76.603966106418568, 39.300112236194884 ] } },
{ "type": "Feature", "properties": { "surname": "Holland", "given": "Geo. mariner", "occupation": "", "house_no": 22, "street_raw": "Dallas", "street_matched": "DALLAS (S)", "side": "left", "confidence": "bracketed", "anchors_on_street": 9 }, "geometry": { "type": "Point", "coordinates": [ -76.596369606578222, 39.29089229569513 ] } },
{ "type": "Feature", "properties": { "surname": "H-dlida'y", "given": "Enoch M. waiter", "occupation": "", "house_no": 25, "street_raw": "Clay", "street_matched": "CLAY", "side": "", "confidence": "street_proportional", "anchors_on_street": 0 }, "geometry": { "type": "Point", "coordinates": [ -76.61786388095571, 39.292283246176659 ] } },
{ "type": "Feature", "properties": { "surname": "Holliday", "given": "Joshua", "occupation": "drayman", "house_no": 43, "street_raw": "Chatsworth", "street_matched": "MYRTLE", "side": "", "confidence": "street_proportional", "anchors_on_street": 0 }, "geometry": { "type": "Point", "coordinates": [ -76.630158074107285, 39.297023326309215 ] } },
{ "type": "Feature", "properties": { "surname": "Holliday", "given": "Wm. drayman", "occupation": "", "house_no": 269, "street_raw": "Forest", "street_matched": "FORREST", "side": "", "confidence": "street_proportional", "anchors_on_street": 0 }, "geometry": { "type": "Point", "coordinates": [ -76.603696552489382, 39.295169129503172 ] } },
{ "type": "Feature", "properties": { "surname": "Hollingsworth", "given": "Sophia", "occupation": "", "house_no": 15, "street_raw": "Hamilton", "street_matched": "HAMILTON", "side": "", "confidence": "street_proportional", "anchors_on_street": 0 }, "geometry": { "type": "Point", "coordinates": [ -76.613862338478029, 39.295723094771169 ] } },
{ "type": "Feature", "properties": { "surname": "Hollis", "given": "John", "occupation": "laborer", "house_no": 54, "street_raw": "n High", "street_matched": "HIGH (N)", "side": "left", "confidence": "bracketed", "anchors_on_street": 5 }, "geometry": { "type": "Point", "coordinates": [ -76.605041609878583, 39.29196229137235 ] } },
{ "type": "Feature", "properties": { "surname": "Holmes", "given": "Jas. H. laborer", "occupation": "", "house_no": 88, "street_raw": "Cross", "street_matched": "CROSS", "side": "", "confidence": "street_proportional", "anchors_on_street": 0 }, "geometry": { "type": "Point", "coordinates": [ -76.633482750002287, 39.283654819332838 ] } },
{ "type": "Feature", "properties": { "surname": "Hooper", "given": "Geo. laborer", "occupation": "", "house_no": 128, "street_raw": "York", "street_matched": "YORK", "side": "", "confidence": "street_proportional", "anchors_on_street": 0 }, "geometry": { "type": "Point", "coordinates": [ -76.613427696392193, 39.281398853242898 ] } },
{ "type": "Feature", "properties": { "surname": "Hooper", "given": "Jacob", "occupation": "laborer", "house_no": 111, "street_raw": "York", "street_matched": "YORK", "side": "", "confidence": "street_proportional", "anchors_on_street": 0 }, "geometry": { "type": "Point", "coordinates": [ -76.611788351777051, 39.281460785100876 ] } },
{ "type": "Feature", "properties": { "surname": "Hooper", "given": "Lucy", "occupation": "", "house_no": 9, "street_raw": "Lewis", "street_matched": "LEWIS", "side": "", "confidence": "street_proportional", "anchors_on_street": 0 }, "geometry": { "type": "Point", "coordinates": [ -76.600252134813431, 39.294642179759009 ] } },
{ "type": "Feature", "properties": { "surname": "Hooper", "given": "Saml. gardner", "occupation": "", "house_no": 127, "street_raw": "Happy al", "street_matched": "DURHAM (S)", "side": "left", "confidence": "bracketed", "anchors_on_street": 9 }, "geometry": { "type": "Point", "coordinates": [ -76.590876856085387, 39.28823137192397 ] } },
{ "type": "Feature", "properties": { "surname": "Hooper", "given": "Selina", "occupation": "washer", "house_no": 33, "street_raw": "Tyson", "street_matched": "TYSON", "side": "", "confidence": "street_proportional", "anchors_on_street": 0 }, "geometry": { "type": "Point", "coordinates": [ -76.619344829685375, 39.300032311752318 ] } },
{ "type": "Feature", "properties": { "surname": "Hopkins", "given": "Peter", "occupation": "laborer", "house_no": 6, "street_raw": "Peirce", "street_matched": "PIERCE", "side": "", "confidence": "street_proportional", "anchors_on_street": 0 }, "geometry": { "type": "Point", "coordinates": [ -76.633893290139383, 39.293860857254515 ] } },
{ "type": "Feature", "properties": { "surname": "Hopkins", "given": "Rebecca", "occupation": "washer", "house_no": 180, "street_raw": "Eastern av", "street_matched": "EASTERN", "side": "", "confidence": "street_proportional", "anchors_on_street": 0 }, "geometry": { "type": "Point", "coordinates": [ -76.580271354649497, 39.286131218593226 ] } },
{ "type": "Feature", "properties": { "surname": "Hopkins", "given": "Richd. seaman", "occupation": "", "house_no": 107, "street_raw": "Dallas", "street_matched": "DALLAS (S)", "side": "left", "confidence": "bracketed", "anchors_on_street": 9 }, "geometry": { "type": "Point", "coordinates": [ -76.596211990840075, 39.288285838620773 ] } },
{ "type": "Feature", "properties": { "surname": "Hopkins", "given": "Thos. waiter", "occupation": "", "house_no": 32, "street_raw": "Tyson", "street_matched": "TYSON", "side": "", "confidence": "street_proportional", "anchors_on_street": 0 }, "geometry": { "type": "Point", "coordinates": [ -76.619346215855032, 39.300053761712121 ] } },
{ "type": "Feature", "properties": { "surname": "Hops", "given": "Jane", "occupation": "washer", "house_no": 6, "street_raw": "Lloyd", "street_matched": "LLOYD", "side": "", "confidence": "street_proportional", "anchors_on_street": 0 }, "geometry": { "type": "Point", "coordinates": [ -76.600754519548019, 39.288245394760253 ] } },
{ "type": "Feature", "properties": { "surname": "Horsey", "given": "Hannah", "occupation": "store keeper", "house_no": 24, "street_raw": "n Liberty", "street_matched": "LIBERTY, (N)", "side": "left", "confidence": "bracketed", "anchors_on_street": 5 }, "geometry": { "type": "Point", "coordinates": [ -76.61745120287847, 39.290894201227097 ] } },
{ "type": "Feature", "properties": { "surname": "Houston", "given": "Henry", "occupation": "drayman", "house_no": 2, "street_raw": "Peirce", "street_matched": "PIERCE", "side": "", "confidence": "street_proportional", "anchors_on_street": 0 }, "geometry": { "type": "Point", "coordinates": [ -76.634101775064025, 39.293853566490846 ] } },
{ "type": "Feature", "properties": { "surname": "Howard", "given": "Augustus", "occupation": "laborer", "house_no": 46, "street_raw": "Harford av", "street_matched": "HARFORD", "side": "", "confidence": "street_proportional", "anchors_on_street": 0 }, "geometry": { "type": "Point", "coordinates": [ -76.606160702519873, 39.297451198055477 ] } },
{ "type": "Feature", "properties": { "surname": "Howard", "given": "Emily", "occupation": "seamstress", "house_no": 6, "street_raw": "Peirce", "street_matched": "PIERCE", "side": "", "confidence": "street_proportional", "anchors_on_street": 0 }, "geometry": { "type": "Point", "coordinates": [ -76.633893290139383, 39.293860857254515 ] } },
{ "type": "Feature", "properties": { "surname": "Howard", "given": "H. laborer", "occupation": "", "house_no": 59, "street_raw": "Spring", "street_matched": "SPRING (S.)", "side": "left", "confidence": "bracketed", "anchors_on_street": 8 }, "geometry": { "type": "Point", "coordinates": [ -76.59776831901624, 39.288999184547336 ] } },
{ "type": "Feature", "properties": { "surname": "Howard", "given": "Hester", "occupation": "nurse", "house_no": 119, "street_raw": "Dallas", "street_matched": "DALLAS (S)", "side": "left", "confidence": "bracketed", "anchors_on_street": 9 }, "geometry": { "type": "Point", "coordinates": [ -76.596190795702285, 39.287935328546844 ] } },
{ "type": "Feature", "properties": { "surname": "Howard", "given": "Jacob", "occupation": "laborer", "house_no": 144, "street_raw": "Low", "street_matched": "LOW", "side": "", "confidence": "street_proportional", "anchors_on_street": 0 }, "geometry": { "type": "Point", "coordinates": [ -76.60697477398071, 39.292666725356256 ] } },
{ "type": "Feature", "properties": { "surname": "Howard", "given": "John", "occupation": "laborer", "house_no": 94, "street_raw": "Happy al", "street_matched": "DURHAM (S)", "side": "left", "confidence": "bracketed", "anchors_on_street": 9 }, "geometry": { "type": "Point", "coordinates": [ -76.590915975628221, 39.28888154123549 ] } },
{ "type": "Feature", "properties": { "surname": "Howard", "given": "Priseilla", "occupation": "", "house_no": 196, "street_raw": "s Caroline", "street_matched": "CAROLINE (S.)", "side": "left", "confidence": "bracketed", "anchors_on_street": 10 }, "geometry": { "type": "Point", "coordinates": [ -76.596778284111409, 39.285750386103523 ] } },
{ "type": "Feature", "properties": { "surname": "Howell", "given": "Sophia", "occupation": "", "house_no": 2, "street_raw": "Salisbury al", "street_matched": "SALISBURY", "side": "", "confidence": "street_proportional", "anchors_on_street": 0 }, "geometry": { "type": "Point", "coordinates": [ -76.601426288033608, 39.289920818549312 ] } },
{ "type": "Feature", "properties": { "surname": "Hudgins", "given": "Saml. drayman", "occupation": "", "house_no": 12, "street_raw": "Jasper", "street_matched": "JASPER", "side": "", "confidence": "street_proportional", "anchors_on_street": 0 }, "geometry": { "type": "Point", "coordinates": [ -76.622086707494461, 39.29681329964518 ] } },
{ "type": "Feature", "properties": { "surname": "Hudson", "given": "Andw. laborer", "occupation": "", "house_no": 40, "street_raw": "Peirce", "street_matched": "PIERCE", "side": "", "confidence": "street_proportional", "anchors_on_street": 0 }, "geometry": { "type": "Point", "coordinates": [ -76.632121246374879, 39.293924155454988 ] } },
{ "type": "Feature", "properties": { "surname": "Hudson", "given": "James", "occupation": "confectioner", "house_no": 1, "street_raw": "1 Marion", "street_matched": "MARION", "side": "", "confidence": "street_proportional", "anchors_on_street": 0 }, "geometry": { "type": "Point", "coordinates": [ -76.61738490331544, 39.291045239655894 ] } },
{ "type": "Feature", "properties": { "surname": "Hughes", "given": "Arthur", "occupation": "laborer", "house_no": 7, "street_raw": "Welcome al", "street_matched": "WELCOME", "side": "", "confidence": "street_proportional", "anchors_on_street": 0 }, "geometry": { "type": "Point", "coordinates": [ -76.613686364896836, 39.282719810987935 ] } },
{ "type": "Feature", "properties": { "surname": "Hughes", "given": "Geo. laborer", "occupation": "", "house_no": 206, "street_raw": "Dallas", "street_matched": "DALLAS (S)", "side": "left", "confidence": "bracketed", "anchors_on_street": 9 }, "geometry": { "type": "Point", "coordinates": [ -76.596013275897519, 39.284999707333888 ] } },
{ "type": "Feature", "properties": { "surname": "Hughes", "given": "Hester", "occupation": "washer", "house_no": 247, "street_raw": "s Charles", "street_matched": "CHARLES (S.)", "side": "left", "confidence": "bracketed", "anchors_on_street": 12 }, "geometry": { "type": "Point", "coordinates": [ -76.614580230667428, 39.27982546026751 ] } },
{ "type": "Feature", "properties": { "surname": "Hughes", "given": "Josiah", "occupation": "laborer", "house_no": 370, "street_raw": "Light", "street_matched": "LIGHT-ST. WHF", "side": "right", "confidence": "extrapolated", "anchors_on_street": 4 }, "geometry": { "type": "Point", "coordinates": [ -76.61219234423119, 39.275838533565484 ] } },
{ "type": "Feature", "properties": { "surname": "Hull", "given": "Aaron", "occupation": "stevadore", "house_no": 105, "street_raw": "North", "street_matched": "NORTH", "side": "", "confidence": "street_proportional", "anchors_on_street": 0 }, "geometry": { "type": "Point", "coordinates": [ -76.643534244732905, 39.310034012248472 ] } },
{ "type": "Feature", "properties": { "surname": "Huston", "given": "John", "occupation": "carpenter", "house_no": 126, "street_raw": "s Caroline", "street_matched": "CAROLINE (S.)", "side": "left", "confidence": "bracketed", "anchors_on_street": 10 }, "geometry": { "type": "Point", "coordinates": [ -76.596905077687524, 39.287613385108358 ] } },
{ "type": "Feature", "properties": { "surname": "Hutchins", "given": "Alex", "occupation": "a ray man", "house_no": 50, "street_raw": "East", "street_matched": "EAST", "side": "", "confidence": "street_proportional", "anchors_on_street": 0 }, "geometry": { "type": "Point", "coordinates": [ -76.573392606392829, 39.306456263393876 ] } },
{ "type": "Feature", "properties": { "surname": "Hutchins", "given": "Eliza b. washer", "occupation": "", "house_no": 46, "street_raw": "Park", "street_matched": "PARK", "side": "left", "confidence": "bracketed", "anchors_on_street": 9 }, "geometry": { "type": "Point", "coordinates": [ -76.618086670280775, 39.292228415610936 ] } },
{ "type": "Feature", "properties": { "surname": "Hutchins", "given": "Saml. steambt. bar keeper", "occupation": "", "house_no": 100, "street_raw": "Stirling", "street_matched": "STIRLING", "side": "", "confidence": "street_proportional", "anchors_on_street": 0 }, "geometry": { "type": "Point", "coordinates": [ -76.602794685805321, 39.301340702448179 ] } },
{ "type": "Feature", "properties": { "surname": "Hutlon", "given": "Wm. laborer", "occupation": "", "house_no": 92, "street_raw": "East", "street_matched": "EAST", "side": "", "confidence": "street_proportional", "anchors_on_street": 0 }, "geometry": { "type": "Point", "coordinates": [ -76.57345762706575, 39.307701796925791 ] } },
{ "type": "Feature", "properties": { "surname": "Ilon", "given": "Perry", "occupation": "coffee house", "house_no": 19, "street_raw": "Saratoga", "street_matched": "SARATOGA", "side": "left", "confidence": "extrapolated", "anchors_on_street": 16 }, "geometry": { "type": "Point", "coordinates": [ -76.62388484106431, 39.29281628110099 ] } },
{ "type": "Feature", "properties": { "surname": "Inloes", "given": "Nathan", "occupation": "laborer", "house_no": 51, "street_raw": "Sarah Ann", "street_matched": "SARAH ANN", "side": "", "confidence": "street_proportional", "anchors_on_street": 0 }, "geometry": { "type": "Point", "coordinates": [ -76.62649773118352, 39.293204161633213 ] } },
{ "type": "Feature", "properties": { "surname": "Ireland", "given": "Milly", "occupation": "5 Salisbury al lrvin David, cook", "house_no": 98, "street_raw": "Madison", "street_matched": "MADISON (E)", "side": "left", "confidence": "bracketed", "anchors_on_street": 16 }, "geometry": { "type": "Point", "coordinates": [ -76.60635071751129, 39.298943659370714 ] } },
{ "type": "Feature", "properties": { "surname": "Isaacs", "given": "Matilda", "occupation": "washer", "house_no": 16, "street_raw": "Vine", "street_matched": "VINE", "side": "", "confidence": "street_proportional", "anchors_on_street": 0 }, "geometry": { "type": "Point", "coordinates": [ -76.627452228638816, 39.290670613886725 ] } },
{ "type": "Feature", "properties": { "surname": "Island", "given": "James", "occupation": "waiter", "house_no": 86, "street_raw": "s Spring", "street_matched": "SPRING (S.)", "side": "left", "confidence": "bracketed", "anchors_on_street": 8 }, "geometry": { "type": "Point", "coordinates": [ -76.597728343655831, 39.288366818612978 ] } },
{ "type": "Feature", "properties": { "surname": "Jackson", "given": "Aduison", "occupation": "laborer, 151 s Eutaw m Amanda", "house_no": 10, "street_raw": "Painter's court", "street_matched": "PAINTERS", "side": "", "confidence": "street_proportional", "anchors_on_street": 0 }, "geometry": { "type": "Point", "coordinates": [ -76.60341463595168, 39.290772655276939 ] } },
{ "type": "Feature", "properties": { "surname": "Jackson", "given": "Fanny", "occupation": "washer", "house_no": 214, "street_raw": "Dallas", "street_matched": "DALLAS (S)", "side": "left", "confidence": "bracketed", "anchors_on_street": 9 }, "geometry": { "type": "Point", "coordinates": [ -76.596000884591234, 39.284794790858015 ] } },
{ "type": "Feature", "properties": { "surname": "Jackson", "given": "Geo. shoemaker", "occupation": "", "house_no": 35, "street_raw": "Douglass", "street_matched": "LEXINGTON", "side": "left", "confidence": "extrapolated", "anchors_on_street": 21 }, "geometry": { "type": "Point", "coordinates": [ -76.615245353193259, 39.291065717826946 ] } },
{ "type": "Feature", "properties": { "surname": "Jackson", "given": "Henry", "occupation": "laborer", "house_no": 3, "street_raw": "Arch", "street_matched": "ARCH", "side": "", "confidence": "street_proportional", "anchors_on_street": 0 }, "geometry": { "type": "Point", "coordinates": [ -76.625335979897656, 39.292769671077117 ] } },
{ "type": "Feature", "properties": { "surname": "Jackson", "given": "Jacob", "occupation": "carpenter", "house_no": 172, "street_raw": "Happy al", "street_matched": "DURHAM (S)", "side": "left", "confidence": "bracketed", "anchors_on_street": 9 }, "geometry": { "type": "Point", "coordinates": [ -76.590801250896305, 39.28701292237384 ] } },
{ "type": "Feature", "properties": { "surname": "Jacks", "given": "hi Jas. barber", "occupation": "", "house_no": 169, "street_raw": "Bethel", "street_matched": "BETHEL, (S)", "side": "left", "confidence": "bracketed", "anchors_on_street": 9 }, "geometry": { "type": "Point", "coordinates": [ -76.594425243589043, 39.285065734540311 ] } },
{ "type": "Feature", "properties": { "surname": "Jackson", "given": "James T. Stewart", "occupation": "", "house_no": 3, "street_raw": "n High", "street_matched": "HIGH (N)", "side": "left", "confidence": "bracketed", "anchors_on_street": 5 }, "geometry": { "type": "Point", "coordinates": [ -76.604250009572908, 39.290231442129063 ] } },
{ "type": "Feature", "properties": { "surname": "Jackson", "given": "James", "occupation": "caulker", "house_no": 154, "street_raw": "Happy al", "street_matched": "DURHAM (S)", "side": "left", "confidence": "bracketed", "anchors_on_street": 9 }, "geometry": { "type": "Point", "coordinates": [ -76.590842635474274, 39.287666229190741 ] } },
{ "type": "Feature", "properties": { "surname": "Jai", "given": "kson Maria", "occupation": "washer", "house_no": 92, "street_raw": "Orchard", "street_matched": "ORCHARD", "side": "", "confidence": "street_proportional", "anchors_on_street": 0 }, "geometry": { "type": "Point", "coordinates": [ -76.624917607027285, 39.296586484924724 ] } },
{ "type": "Feature", "properties": { "surname": "Jackson", "given": "Mary", "occupation": "washer", "house_no": 150, "street_raw": "Sarah Ann", "street_matched": "SARAH ANN", "side": "", "confidence": "street_proportional", "anchors_on_street": 0 }, "geometry": { "type": "Point", "coordinates": [ -76.629996192526605, 39.293133383920093 ] } },
{ "type": "Feature", "properties": { "surname": "Jackson", "given": "Mary", "occupation": "washer", "house_no": 134, "street_raw": "Montgomery", "street_matched": "MONTGOMERY", "side": "left", "confidence": "extrapolated", "anchors_on_street": 7 }, "geometry": { "type": "Point", "coordinates": [ -76.60985412508326, 39.280059233318184 ] } },
{ "type": "Feature", "properties": { "surname": "Jackson", "given": "Randal", "occupation": "carter", "house_no": 51, "street_raw": "Dallas", "street_matched": "DALLAS (S)", "side": "left", "confidence": "bracketed", "anchors_on_street": 9 }, "geometry": { "type": "Point", "coordinates": [ -76.596318117795775, 39.290040824517945 ] } },
{ "type": "Feature", "properties": { "surname": "Jackson", "given": "Saml. laborer", "occupation": "", "house_no": 55, "street_raw": "Burgundy al", "street_matched": "BURGUNDY", "side": "", "confidence": "street_proportional", "anchors_on_street": 0 }, "geometry": { "type": "Point", "coordinates": [ -76.626067300586513, 39.280068115704843 ] } },
{ "type": "Feature", "properties": { "surname": "Jackson", "given": "Thos. waiter", "occupation": "", "house_no": 65, "street_raw": "Orchard", "street_matched": "ORCHARD", "side": "", "confidence": "street_proportional", "anchors_on_street": 0 }, "geometry": { "type": "Point", "coordinates": [ -76.624039481188746, 39.297309006065909 ] } },
{ "type": "Feature", "properties": { "surname": "Jackson", "given": "Willis", "occupation": "shoemaker", "house_no": 19, "street_raw": "Hamilton", "street_matched": "HAMILTON", "side": "", "confidence": "street_proportional", "anchors_on_street": 0 }, "geometry": { "type": "Point", "coordinates": [ -76.614035943561163, 39.295715442291389 ] } },
{ "type": "Feature", "properties": { "surname": "Jackson", "given": "Wm. coachman", "occupation": "", "house_no": 45, "street_raw": "State", "street_matched": "STATE", "side": "", "confidence": "street_proportional", "anchors_on_street": 0 }, "geometry": { "type": "Point", "coordinates": [ -76.620285336507877, 39.293099644917362 ] } },
{ "type": "Feature", "properties": { "surname": "Jakes", "given": "Charloite", "occupation": "", "house_no": 66, "street_raw": "n Liberty", "street_matched": "LIBERTY, (N)", "side": "right", "confidence": "bracketed", "anchors_on_street": 5 }, "geometry": { "type": "Point", "coordinates": [ -76.616915226635385, 39.292115220879261 ] } },
{ "type": "Feature", "properties": { "surname": "Jakes", "given": "Fredk. waiter", "occupation": "", "house_no": 156, "street_raw": "Park", "street_matched": "PARK", "side": "left", "confidence": "extrapolated", "anchors_on_street": 9 }, "geometry": { "type": "Point", "coordinates": [ -76.618637444639347, 39.301198656648204 ] } },
{ "type": "Feature", "properties": { "surname": "Jakes", "given": "Henry", "occupation": "barber", "house_no": 121, "street_raw": "St, Paul st", "street_matched": "PAUL", "side": "", "confidence": "street_proportional", "anchors_on_street": 0 }, "geometry": { "type": "Point", "coordinates": [ -76.613768006308845, 39.295755123834695 ] } },
{ "type": "Feature", "properties": { "surname": "Jakes", "given": "R. barber", "occupation": "", "house_no": 158, "street_raw": "Park", "street_matched": "PARK", "side": "left", "confidence": "extrapolated", "anchors_on_street": 9 }, "geometry": { "type": "Point", "coordinates": [ -76.618647498273688, 39.301362395679476 ] } },
{ "type": "Feature", "properties": { "surname": "Jefferson", "given": "Henry", "occupation": "sievadore", "house_no": 70, "street_raw": "Holland", "street_matched": "WILCOX", "side": "", "confidence": "street_proportional", "anchors_on_street": 0 }, "geometry": { "type": "Point", "coordinates": [ -76.60442885680942, 39.306049929663864 ] } },
{ "type": "Feature", "properties": { "surname": "Jefferson", "given": "Isabella", "occupation": "", "house_no": 27, "street_raw": "Tyson", "street_matched": "TYSON", "side": "", "confidence": "street_proportional", "anchors_on_street": 0 }, "geometry": { "type": "Point", "coordinates": [ -76.619353146715895, 39.30016101150877 ] } },
{ "type": "Feature", "properties": { "surname": "Jefferson", "given": "James", "occupation": "barber", "house_no": 48, "street_raw": "n Greene", "street_matched": "GREENE", "side": "left", "confidence": "bracketed", "anchors_on_street": 5 }, "geometry": { "type": "Point", "coordinates": [ -76.623811036084618, 39.291461830738406 ] } },
{ "type": "Feature", "properties": { "surname": "Jefferson", "given": "Richd. laborer", "occupation": "", "house_no": 15, "street_raw": "Vine", "street_matched": "VINE", "side": "", "confidence": "street_proportional", "anchors_on_street": 0 }, "geometry": { "type": "Point", "coordinates": [ -76.627293484539095, 39.290676820479142 ] } },
{ "type": "Feature", "properties": { "surname": "Jedries", "given": "Benj. laborer", "occupation": "", "house_no": 160, "street_raw": "East", "street_matched": "EAST", "side": "", "confidence": "street_proportional", "anchors_on_street": 0 }, "geometry": { "type": "Point", "coordinates": [ -76.573562902367101, 39.309718373984403 ] } },
{ "type": "Feature", "properties": { "surname": "Jenkins", "given": "Alex", "occupation": "steamboatman", "house_no": 114, "street_raw": "Holliday", "street_matched": "HOLLIDAY", "side": "", "confidence": "street_proportional", "anchors_on_street": 0 }, "geometry": { "type": "Point", "coordinates": [ -76.610741736654177, 39.298142017584958 ] } },
{ "type": "Feature", "properties": { "surname": "Jenkins", "given": "Ellen", "occupation": "", "house_no": 1, "street_raw": "Pear al", "street_matched": "PEAR", "side": "", "confidence": "street_proportional", "anchors_on_street": 0 }, "geometry": { "type": "Point", "coordinates": [ -76.626612743462331, 39.297601385505835 ] } },
{ "type": "Feature", "properties": { "surname": "Jenkins", "given": "Geo. porter", "occupation": "", "house_no": 11, "street_raw": "Neighbor", "street_matched": "CHEW", "side": "left", "confidence": "bracketed", "anchors_on_street": 9 }, "geometry": { "type": "Point", "coordinates": [ -76.604061382134589, 39.30010820411583 ] } },
{ "type": "Feature", "properties": { "surname": "Jenkins", "given": "Henry", "occupation": "brick presser", "house_no": 20, "street_raw": "Bethel", "street_matched": "BETHEL, (S)", "side": "left", "confidence": "bracketed", "anchors_on_street": 9 }, "geometry": { "type": "Point", "coordinates": [ -76.594840450652811, 39.290836453962058 ] } },
{ "type": "Feature", "properties": { "surname": "Jenkins", "given": "John", "occupation": "sawyer", "house_no": 180, "street_raw": "Dallas", "street_matched": "DALLAS (S)", "side": "left", "confidence": "bracketed", "anchors_on_street": 9 }, "geometry": { "type": "Point", "coordinates": [ -76.596055735417849, 39.285701860223178 ] } },
{ "type": "Feature", "properties": { "surname": "Jenkins", "given": "Joshua", "occupation": "blacksmith", "house_no": 227, "street_raw": "Bethel", "street_matched": "BETHEL, (S)", "side": "right", "confidence": "bracketed", "anchors_on_street": 9 }, "geometry": { "type": "Point", "coordinates": [ -76.594302458783901, 39.283339579972285 ] } },
{ "type": "Feature", "properties": { "surname": "Jenkins", "given": "Saml. stevadore", "occupation": "", "house_no": 212, "street_raw": "Dallas", "street_matched": "DALLAS (S)", "side": "left", "confidence": "bracketed", "anchors_on_street": 9 }, "geometry": { "type": "Point", "coordinates": [ -76.596003982411105, 39.284846019978289 ] } },
{ "type": "Feature", "properties": { "surname": "Jennings", "given": "Ephraim", "occupation": "laborer", "house_no": 131, "street_raw": "Low", "street_matched": "LOW", "side": "", "confidence": "street_proportional", "anchors_on_street": 0 }, "geometry": { "type": "Point", "coordinates": [ -76.60636196373585, 39.293141206145307 ] } },
{ "type": "Feature", "properties": { "surname": "Jennings", "given": "Maria", "occupation": "", "house_no": 103, "street_raw": "Dallas", "street_matched": "DALLAS (S)", "side": "left", "confidence": "bracketed", "anchors_on_street": 9 }, "geometry": { "type": "Point", "coordinates": [ -76.596219055932565, 39.288402675303089 ] } },
{ "type": "Feature", "properties": { "surname": "Johns", "given": "Asbury", "occupation": "porter", "house_no": 15, "street_raw": "Wayne", "street_matched": "WAYNE", "side": "", "confidence": "street_proportional", "anchors_on_street": 0 }, "geometry": { "type": "Point", "coordinates": [ -76.618821164589804, 39.283490161210224 ] } },
{ "type": "Feature", "properties": { "surname": "Johns", "given": "Francis", "occupation": "porter", "house_no": 2, "street_raw": "Jew al", "street_matched": "JEW", "side": "", "confidence": "street_proportional", "anchors_on_street": 0 }, "geometry": { "type": "Point", "coordinates": [ -76.621548784798833, 39.290813463026254 ] } },
{ "type": "Feature", "properties": { "surname": "Johns", "given": "Henry", "occupation": "laborer", "house_no": 107, "street_raw": "s Spring", "street_matched": "SPRING (S.)", "side": "left", "confidence": "bracketed", "anchors_on_street": 8 }, "geometry": { "type": "Point", "coordinates": [ -76.597697251229562, 39.28787497838718 ] } },
{ "type": "Feature", "properties": { "surname": "Johnson", "given": "Aaron", "occupation": "laborer", "house_no": 10, "street_raw": "Welcome al", "street_matched": "WELCOME", "side": "", "confidence": "street_proportional", "anchors_on_street": 0 }, "geometry": { "type": "Point", "coordinates": [ -76.614013946091077, 39.28270861522455 ] } },
{ "type": "Feature", "properties": { "surname": "Johnson", "given": "Abraham", "occupation": "laborer", "house_no": 46, "street_raw": "Burgundy al", "street_matched": "BURGUNDY", "side": "", "confidence": "street_proportional", "anchors_on_street": 0 }, "geometry": { "type": "Point", "coordinates": [ -76.625654922997555, 39.280940059451858 ] } },
{ "type": "Feature", "properties": { "surname": "Johnson", "given": "A. Turn", "occupation": "wagoner", "house_no": 123, "street_raw": "w Lombard", "street_matched": "LOMBARD, (W)", "side": "left", "confidence": "extrapolated", "anchors_on_street": 8 }, "geometry": { "type": "Point", "coordinates": [ -76.6278169831551, 39.287030180865059 ] } },
{ "type": "Feature", "properties": { "surname": "Johnson", "given": "Amanda", "occupation": "washer", "house_no": 46, "street_raw": "Peirce", "street_matched": "PIERCE", "side": "", "confidence": "street_proportional", "anchors_on_street": 0 }, "geometry": { "type": "Point", "coordinates": [ -76.631808554380726, 39.293935691708668 ] } },
{ "type": "Feature", "properties": { "surname": "Johnson", "given": "Ann", "occupation": "washer", "house_no": 26, "street_raw": "Vine", "street_matched": "VINE", "side": "", "confidence": "street_proportional", "anchors_on_street": 0 }, "geometry": { "type": "Point", "coordinates": [ -76.629039668107936, 39.290608536164022 ] } },
{ "type": "Feature", "properties": { "surname": "Johnson", "given": "Benjamin", "occupation": "", "house_no": 71, "street_raw": "Lewis", "street_matched": "LEWIS", "side": "", "confidence": "street_proportional", "anchors_on_street": 0 }, "geometry": { "type": "Point", "coordinates": [ -76.600388595200258, 39.296770996650551 ] } },
{ "type": "Feature", "properties": { "surname": "Johnson", "given": "Caleb", "occupation": "porter", "house_no": 124, "street_raw": "Tyson", "street_matched": "TYSON", "side": "", "confidence": "street_proportional", "anchors_on_street": 0 }, "geometry": { "type": "Point", "coordinates": [ -76.619218691936197, 39.298080364755165 ] } },
{ "type": "Feature", "properties": { "surname": "Johnson", "given": "Catharine", "occupation": "washer", "house_no": 40, "street_raw": "Wayne", "street_matched": "WAYNE", "side": "", "confidence": "street_proportional", "anchors_on_street": 0 }, "geometry": { "type": "Point", "coordinates": [ -76.618198884241593, 39.283520070749987 ] } },
{ "type": "Feature", "properties": { "surname": "Johnson", "given": "Charles", "occupation": "drayman", "house_no": 20, "street_raw": "Welcome al", "street_matched": "WELCOME", "side": "", "confidence": "street_proportional", "anchors_on_street": 0 }, "geometry": { "type": "Point", "coordinates": [ -76.615105851520013, 39.282670751900724 ] } },
{ "type": "Feature", "properties": { "surname": "Johnson", "given": "C. porter", "occupation": "", "house_no": 74, "street_raw": "Holland", "street_matched": "WILCOX", "side": "", "confidence": "street_proportional", "anchors_on_street": 0 }, "geometry": { "type": "Point", "coordinates": [ -76.604318571135337, 39.304523770235903 ] } },
{ "type": "Feature", "properties": { "surname": "Johnson", "given": "Charles", "occupation": "caulker", "house_no": 192, "street_raw": "Dallas", "street_matched": "DALLAS (S)", "side": "left", "confidence": "bracketed", "anchors_on_street": 9 }, "geometry": { "type": "Point", "coordinates": [ -76.596034960855732, 39.2853583111335 ] } },
{ "type": "Feature", "properties": { "surname": "Johnson", "given": "diaries", "occupation": "157 Bank lohnson Clement", "house_no": 167, "street_raw": "Sarah Ann", "street_matched": "SARAH ANN", "side": "", "confidence": "street_proportional", "anchors_on_street": 0 }, "geometry": { "type": "Point", "coordinates": [ -76.630599929503603, 39.293108923079544 ] } },
{ "type": "Feature", "properties": { "surname": "Johnson", "given": "Daniel", "occupation": "coachman", "house_no": 82, "street_raw": "Tyson", "street_matched": "TYSON", "side": "", "confidence": "street_proportional", "anchors_on_street": 0 }, "geometry": { "type": "Point", "coordinates": [ -76.619276908399115, 39.298981263532376 ] } },
{ "type": "Feature", "properties": { "surname": "Johnson", "given": "Dennis", "occupation": "carter", "house_no": 163, "street_raw": "Sarah Ann", "street_matched": "SARAH ANN", "side": "", "confidence": "street_proportional", "anchors_on_street": 0 }, "geometry": { "type": "Point", "coordinates": [ -76.630457873781765, 39.293114678850607 ] } },
{ "type": "Feature", "properties": { "surname": "Johnson", "given": "Dorcas", "occupation": "cook", "house_no": 8, "street_raw": "Short", "street_matched": "SHORT", "side": "", "confidence": "street_proportional", "anchors_on_street": 0 }, "geometry": { "type": "Point", "coordinates": [ -76.597599667683667, 39.29588891399699 ] } },
{ "type": "Feature", "properties": { "surname": "Johnson", "given": "Edward", "occupation": "", "house_no": 170, "street_raw": "Dallas", "street_matched": "DALLAS (S)", "side": "left", "confidence": "bracketed", "anchors_on_street": 9 }, "geometry": { "type": "Point", "coordinates": [ -76.596073959081551, 39.286003223782551 ] } },
{ "type": "Feature", "properties": { "surname": "Johnson", "given": "Edward", "occupation": "hackman", "house_no": 150, "street_raw": "Low", "street_matched": "LOW", "side": "", "confidence": "street_proportional", "anchors_on_street": 0 }, "geometry": { "type": "Point", "coordinates": [ -76.607257609152853, 39.292447735024439 ] } },
{ "type": "Feature", "properties": { "surname": "Johnson", "given": "Eliza", "occupation": "shop", "house_no": 137, "street_raw": "Lombard", "street_matched": "LOMBARD", "side": "", "confidence": "street_proportional", "anchors_on_street": 0 }, "geometry": { "type": "Point", "coordinates": [ -76.597274907914368, 39.29024788291477 ] } },
{ "type": "Feature", "properties": { "surname": "Johnson", "given": "Frederick", "occupation": "porter, rear 10 Bath lohnson George, carter", "house_no": 41, "street_raw": "Burgundy al", "street_matched": "BURGUNDY", "side": "", "confidence": "street_proportional", "anchors_on_street": 0 }, "geometry": { "type": "Point", "coordinates": [ -76.625425822127653, 39.281424472542021 ] } },
{ "type": "Feature", "properties": { "surname": "Johnson", "given": "Henry", "occupation": "carter", "house_no": 155, "street_raw": "Dallas", "street_matched": "DALLAS (S)", "side": "left", "confidence": "bracketed", "anchors_on_street": 9 }, "geometry": { "type": "Point", "coordinates": [ -76.596101294867424, 39.28645526906574 ] } },
{ "type": "Feature", "properties": { "surname": "Johnson", "given": "Henry", "occupation": "laborer", "house_no": 69, "street_raw": "French", "street_matched": "WATER", "side": "", "confidence": "street_proportional", "anchors_on_street": 0 }, "geometry": { "type": "Point", "coordinates": [ -76.610889644372335, 39.288547858948576 ] } },
{ "type": "Feature", "properties": { "surname": "Johnson", "given": "Henry", "occupation": "coachman", "house_no": 63, "street_raw": "Wayne", "street_matched": "WAYNE", "side": "", "confidence": "street_proportional", "anchors_on_street": 0 }, "geometry": { "type": "Point", "coordinates": [ -76.617626385790842, 39.283547583632256 ] } },
{ "type": "Feature", "properties": { "surname": "John3on Henry", "given": "porter", "occupation": "", "house_no": 1, "street_raw": "1 Temple", "street_matched": "TEMPLE", "side": "", "confidence": "street_proportional", "anchors_on_street": 0 }, "geometry": { "type": "Point", "coordinates": [ -76.604179601379272, 39.291283242319594 ] } },
{ "type": "Feature", "properties": { "surname": "Johnson", "given": "Isaac", "occupation": "laborer", "house_no": 52, "street_raw": "Biddle al", "street_matched": "BIDDLE, (W)", "side": "right", "confidence": "bracketed", "anchors_on_street": 11 }, "geometry": { "type": "Point", "coordinates": [ -76.619828343180785, 39.30208055305151 ] } },
{ "type": "Feature", "properties": { "surname": "Johnton", "given": "Isaac", "occupation": "laborer", "house_no": 8, "street_raw": "Welcome al", "street_matched": "WELCOME", "side": "", "confidence": "street_proportional", "anchors_on_street": 0 }, "geometry": { "type": "Point", "coordinates": [ -76.613795558639737, 39.282716079168324 ] } },
{ "type": "Feature", "properties": { "surname": "Johnson", "given": "James", "occupation": "Hamburg between Hanoverand Leadenhall . Johnson James, shoemaker", "house_no": 53, "street_raw": "Short", "street_matched": "SHORT", "side": "", "confidence": "street_proportional", "anchors_on_street": 0 }, "geometry": { "type": "Point", "coordinates": [ -76.598637047151627, 39.295845114874375 ] } },
{ "type": "Feature", "properties": { "surname": "Johnson", "given": "James", "occupation": "shoe maker", "house_no": 12, "street_raw": "Wayne", "street_matched": "WAYNE", "side": "", "confidence": "street_proportional", "anchors_on_street": 0 }, "geometry": { "type": "Point", "coordinates": [ -76.618895838196323, 39.283486571843902 ] } },
{ "type": "Feature", "properties": { "surname": "Johnson", "given": "James", "occupation": "", "house_no": 188, "street_raw": "Dallas", "street_matched": "DALLAS (S)", "side": "left", "confidence": "bracketed", "anchors_on_street": 9 }, "geometry": { "type": "Point", "coordinates": [ -76.596041156598346, 39.285460769354223 ] } },
{ "type": "Feature", "properties": { "surname": "Johnson", "given": "John", "occupation": "carter", "house_no": 65, "street_raw": "Lewis", "street_matched": "LEWIS", "side": "", "confidence": "street_proportional", "anchors_on_street": 0 }, "geometry": { "type": "Point", "coordinates": [ -76.600375389028031, 39.296564982177877 ] } },
{ "type": "Feature", "properties": { "surname": "Johnson", "given": "John", "occupation": "", "house_no": 66, "street_raw": "Mulberry", "street_matched": "MULBERRY", "side": "", "confidence": "street_proportional", "anchors_on_street": 0 }, "geometry": { "type": "Point", "coordinates": [ -76.63788776033914, 39.293197962490474 ] } },
{ "type": "Feature", "properties": { "surname": "Johnson", "given": "John", "occupation": "", "house_no": 43, "street_raw": "Forrest", "street_matched": "FORREST", "side": "", "confidence": "street_proportional", "anchors_on_street": 0 }, "geometry": { "type": "Point", "coordinates": [ -76.607758528420533, 39.300201168190611 ] } },
{ "type": "Feature", "properties": { "surname": "Johnson", "given": "John", "occupation": "laborer", "house_no": 105, "street_raw": "Madison", "street_matched": "MADISON (E)", "side": "left", "confidence": "bracketed", "anchors_on_street": 16 }, "geometry": { "type": "Point", "coordinates": [ -76.605942862359072, 39.298960497215276 ] } },
{ "type": "Feature", "properties": { "surname": "Johnson", "given": "Josiah", "occupation": "", "house_no": 204, "street_raw": "n Exeter", "street_matched": "EXETER", "side": "left", "confidence": "extrapolated", "anchors_on_street": 9 }, "geometry": { "type": "Point", "coordinates": [ -76.600218881935007, 39.283391242707452 ] } },
{ "type": "Feature", "properties": { "surname": "Johnson", "given": "Joseph", "occupation": "laborer", "house_no": 15, "street_raw": "Wayne", "street_matched": "WAYNE", "side": "", "confidence": "street_proportional", "anchors_on_street": 0 }, "geometry": { "type": "Point", "coordinates": [ -76.618821164589804, 39.283490161210224 ] } },
{ "type": "Feature", "properties": { "surname": "Johnson", "given": "Joseph", "occupation": "drayman", "house_no": 4, "street_raw": "Wayne", "street_matched": "WAYNE", "side": "", "confidence": "street_proportional", "anchors_on_street": 0 }, "geometry": { "type": "Point", "coordinates": [ -76.619094967776775, 39.2834769999683 ] } },
{ "type": "Feature", "properties": { "surname": "Johnson", "given": "Josiah", "occupation": "", "house_no": 204, "street_raw": "n Exeter", "street_matched": "EXETER", "side": "left", "confidence": "extrapolated", "anchors_on_street": 9 }, "geometry": { "type": "Point", "coordinates": [ -76.600218881935007, 39.283391242707452 ] } },
{ "type": "Feature", "properties": { "surname": "Johnson", "given": "Julia", "occupation": "seamstress", "house_no": 162, "street_raw": "Happy al", "street_matched": "DURHAM (S)", "side": "left", "confidence": "bracketed", "anchors_on_street": 9 }, "geometry": { "type": "Point", "coordinates": [ -76.590824242234405, 39.287375870622931 ] } },
{ "type": "Feature", "properties": { "surname": "Johnson", "given": "Louisa", "occupation": "washer", "house_no": 142, "street_raw": "Tyson", "street_matched": "TYSON", "side": "", "confidence": "street_proportional", "anchors_on_street": 0 }, "geometry": { "type": "Point", "coordinates": [ -76.619193741073559, 39.297694265250378 ] } },
{ "type": "Feature", "properties": { "surname": "Johnson", "given": "Lydia", "occupation": "", "house_no": 172, "street_raw": "Eastern av", "street_matched": "EASTERN", "side": "", "confidence": "street_proportional", "anchors_on_street": 0 }, "geometry": { "type": "Point", "coordinates": [ -76.578489832232563, 39.286198630937726 ] } },
{ "type": "Feature", "properties": { "surname": "Johnson", "given": "M. laborer", "occupation": "", "house_no": 374, "street_raw": "s Charles", "street_matched": "CHARLES (S.)", "side": "left", "confidence": "extrapolated", "anchors_on_street": 12 }, "geometry": { "type": "Point", "coordinates": [ -76.614335896150763, 39.276136754405577 ] } },
{ "type": "Feature", "properties": { "surname": "Johnson", "given": "Maria", "occupation": "", "house_no": 50, "street_raw": "Park", "street_matched": "PARK", "side": "left", "confidence": "bracketed", "anchors_on_street": 9 }, "geometry": { "type": "Point", "coordinates": [ -76.618104602588488, 39.292520477658769 ] } },
{ "type": "Feature", "properties": { "surname": "Johnson", "given": "Maria", "occupation": "", "house_no": 109, "street_raw": "s Spring", "street_matched": "SPRING (S.)", "side": "left", "confidence": "bracketed", "anchors_on_street": 8 }, "geometry": { "type": "Point", "coordinates": [ -76.597694290068588, 39.28782813645671 ] } },
{ "type": "Feature", "properties": { "surname": "Johnson", "given": "Mary Ann", "occupation": "", "house_no": 16, "street_raw": "Harmony lane", "street_matched": "FORREST", "side": "", "confidence": "street_proportional", "anchors_on_street": 0 }, "geometry": { "type": "Point", "coordinates": [ -76.607947981333709, 39.300917198381313 ] } },
{ "type": "Feature", "properties": { "surname": "Johnson", "given": "Moses", "occupation": "laborer", "house_no": 42, "street_raw": "Cross", "street_matched": "CROSS", "side": "", "confidence": "street_proportional", "anchors_on_street": 0 }, "geometry": { "type": "Point", "coordinates": [ -76.618745975200326, 39.277189401670022 ] } },
{ "type": "Feature", "properties": { "surname": "Johnson", "given": "Nicholas", "occupation": "carter", "house_no": 80, "street_raw": "Watson", "street_matched": "WATSON", "side": "", "confidence": "street_proportional", "anchors_on_street": 0 }, "geometry": { "type": "Point", "coordinates": [ -76.602817767506082, 39.289927221695407 ] } },
{ "type": "Feature", "properties": { "surname": "Johnson", "given": "Peter", "occupation": "laborer", "house_no": 52, "street_raw": "Davis", "street_matched": "DAVIS", "side": "", "confidence": "street_proportional", "anchors_on_street": 0 }, "geometry": { "type": "Point", "coordinates": [ -76.612037667558354, 39.292794235587088 ] } },
{ "type": "Feature", "properties": { "surname": "Johnson", "given": "Peter", "occupation": "sailor", "house_no": 24, "street_raw": "Argyle al", "street_matched": "ARGYLE", "side": "", "confidence": "street_proportional", "anchors_on_street": 0 }, "geometry": { "type": "Point", "coordinates": [ -76.635142346818313, 39.302460159838986 ] } },
{ "type": "Feature", "properties": { "surname": "Johnson", "given": "Philip", "occupation": "carter", "house_no": 142, "street_raw": "Hill", "street_matched": "HILL", "side": "left", "confidence": "bracketed", "anchors_on_street": 5 }, "geometry": { "type": "Point", "coordinates": [ -76.61875705022122, 39.280884109058064 ] } },
{ "type": "Feature", "properties": { "surname": "Johnson", "given": "Philip", "occupation": "whitewasher", "house_no": 79, "street_raw": "East", "street_matched": "EAST", "side": "", "confidence": "street_proportional", "anchors_on_street": 0 }, "geometry": { "type": "Point", "coordinates": [ -76.573437501398672, 39.307316274695523 ] } },
{ "type": "Feature", "properties": { "surname": "Johnson", "given": "Presbury", "occupation": "drayman", "house_no": 133, "street_raw": "Stirling", "street_matched": "STIRLING", "side": "", "confidence": "street_proportional", "anchors_on_street": 0 }, "geometry": { "type": "Point", "coordinates": [ -76.602794697247177, 39.300779581340635 ] } },
{ "type": "Feature", "properties": { "surname": "Johnson", "given": "Richard", "occupation": "laborer", "house_no": 4, "street_raw": "Sarah Ann", "street_matched": "SARAH ANN", "side": "", "confidence": "street_proportional", "anchors_on_street": 0 }, "geometry": { "type": "Point", "coordinates": [ -76.624827695969202, 39.293257117213763 ] } },
{ "type": "Feature", "properties": { "surname": "Johnson", "given": "Richard", "occupation": "waiter", "house_no": 44, "street_raw": "Dover", "street_matched": "DOVER", "side": "", "confidence": "street_proportional", "anchors_on_street": 0 }, "geometry": { "type": "Point", "coordinates": [ -76.620684389582038, 39.28589622707959 ] } },
{ "type": "Feature", "properties": { "surname": "Johnson", "given": "Richard", "occupation": "porter", "house_no": 57, "street_raw": "Davis *", "street_matched": "DAVIS", "side": "", "confidence": "street_proportional", "anchors_on_street": 0 }, "geometry": { "type": "Point", "coordinates": [ -76.612076038631926, 39.293399388928059 ] } },
{ "type": "Feature", "properties": { "surname": "Johnson", "given": "Richard", "occupation": "oysterman", "house_no": 55, "street_raw": "Douglass", "street_matched": "LEXINGTON", "side": "left", "confidence": "bracketed", "anchors_on_street": 21 }, "geometry": { "type": "Point", "coordinates": [ -76.615293582938477, 39.291063839012914 ] } },
{ "type": "Feature", "properties": { "surname": "Johnson", "given": "Robt. seaman", "occupation": "", "house_no": 47, "street_raw": "Caroline", "street_matched": "CAROLINE (S.)", "side": "left", "confidence": "bracketed", "anchors_on_street": 10 }, "geometry": { "type": "Point", "coordinates": [ -76.597047746304042, 39.289709629315453 ] } },
{ "type": "Feature", "properties": { "surname": "Johnson", "given": "R. old iron dealer", "occupation": "", "house_no": 109, "street_raw": "Low", "street_matched": "LOW", "side": "", "confidence": "street_proportional", "anchors_on_street": 0 }, "geometry": { "type": "Point", "coordinates": [ -76.60532489563559, 39.293944177168918 ] } },
{ "type": "Feature", "properties": { "surname": "Johnson", "given": "Robt. drayman", "occupation": "", "house_no": 103, "street_raw": "Jasper", "street_matched": "JASPER", "side": "", "confidence": "street_proportional", "anchors_on_street": 0 }, "geometry": { "type": "Point", "coordinates": [ -76.621825099689815, 39.292751738709804 ] } },
{ "type": "Feature", "properties": { "surname": "Johnson", "given": "Samuel", "occupation": "bacon packer", "house_no": 49, "street_raw": "Welcome al", "street_matched": "WELCOME", "side": "", "confidence": "street_proportional", "anchors_on_street": 0 }, "geometry": { "type": "Point", "coordinates": [ -76.618272169881138, 39.282557426636913 ] } },
{ "type": "Feature", "properties": { "surname": "Johnson", "given": "Samuel", "occupation": "laborer", "house_no": 7, "street_raw": "n Sharp", "street_matched": "SHARP, (S)", "side": "left", "confidence": "extrapolated", "anchors_on_street": 5 }, "geometry": { "type": "Point", "coordinates": [ -76.617515642871879, 39.280923535799914 ] } },
{ "type": "Feature", "properties": { "surname": "Johnson", "given": "Samuel", "occupation": "carter", "house_no": 95, "street_raw": "Stirling", "street_matched": "STIRLING", "side": "", "confidence": "street_proportional", "anchors_on_street": 0 }, "geometry": { "type": "Point", "coordinates": [ -76.60277341635215, 39.301424308348821 ] } },
{ "type": "Feature", "properties": { "surname": "Johnson", "given": "Samuel", "occupation": "", "house_no": 50, "street_raw": "Bethel", "street_matched": "BETHEL, (S)", "side": "left", "confidence": "bracketed", "anchors_on_street": 9 }, "geometry": { "type": "Point", "coordinates": [ -76.594766664602574, 39.289718824121394 ] } },
{ "type": "Feature", "properties": { "surname": "Johnson", "given": "Severn", "occupation": "drayman", "house_no": 37, "street_raw": "Dover", "street_matched": "DOVER", "side": "", "confidence": "street_proportional", "anchors_on_street": 0 }, "geometry": { "type": "Point", "coordinates": [ -76.619828965754209, 39.285927657542736 ] } },
{ "type": "Feature", "properties": { "surname": "Johnson", "given": "Stanly", "occupation": "Stewart steamboat", "house_no": 43, "street_raw": "Park", "street_matched": "PARK", "side": "left", "confidence": "bracketed", "anchors_on_street": 9 }, "geometry": { "type": "Point", "coordinates": [ -76.618078113613961, 39.292089056901382 ] } },
{ "type": "Feature", "properties": { "surname": "Johnson", "given": "Theodore", "occupation": "", "house_no": 32, "street_raw": "Slemmer's al", "street_matched": "SLEMMERS", "side": "", "confidence": "street_proportional", "anchors_on_street": 0 }, "geometry": { "type": "Point", "coordinates": [ -76.602226415249362, 39.285185859430548 ] } },
{ "type": "Feature", "properties": { "surname": "Johnson", "given": "Thomas", "occupation": "caulker", "house_no": 44, "street_raw": "Dallas", "street_matched": "DALLAS (S)", "side": "left", "confidence": "bracketed", "anchors_on_street": 9 }, "geometry": { "type": "Point", "coordinates": [ -76.596332351817622, 39.290276211179702 ] } },
{ "type": "Feature", "properties": { "surname": "Johnson", "given": "Thomas", "occupation": "", "house_no": 190, "street_raw": "Bethel", "street_matched": "BETHEL, (S)", "side": "left", "confidence": "bracketed", "anchors_on_street": 9 }, "geometry": { "type": "Point", "coordinates": [ -76.594363871966536, 39.284152608828101 ] } },
{ "type": "Feature", "properties": { "surname": "Johnson", "given": "Walter", "occupation": "barber", "house_no": 51, "street_raw": "Douglass", "street_matched": "LEXINGTON", "side": "left", "confidence": "extrapolated", "anchors_on_street": 21 }, "geometry": { "type": "Point", "coordinates": [ -76.615245353193259, 39.291065717826946 ] } },
{ "type": "Feature", "properties": { "surname": "Johnson", "given": "Wm. seaman", "occupation": "", "house_no": 54, "street_raw": "Welcome al", "street_matched": "WELCOME", "side": "", "confidence": "street_proportional", "anchors_on_street": 0 }, "geometry": { "type": "Point", "coordinates": [ -76.618818086263076, 39.28253788668917 ] } },
{ "type": "Feature", "properties": { "surname": "Johnson", "given": "Wm. teamster", "occupation": "", "house_no": 148, "street_raw": "Low", "street_matched": "LOW", "side": "", "confidence": "street_proportional", "anchors_on_street": 0 }, "geometry": { "type": "Point", "coordinates": [ -76.607163330902566, 39.292520731837143 ] } },
{ "type": "Feature", "properties": { "surname": "Johnson", "given": "Wm. laborer", "occupation": "", "house_no": 51, "street_raw": "Ross", "street_matched": "ROSS", "side": "left", "confidence": "bracketed", "anchors_on_street": 8 }, "geometry": { "type": "Point", "coordinates": [ -76.622807074128261, 39.297440052822836 ] } },
{ "type": "Feature", "properties": { "surname": "Johnson", "given": "Wm. laborer", "occupation": "", "house_no": 34, "street_raw": "Dallas", "street_matched": "DALLAS (S)", "side": "left", "confidence": "bracketed", "anchors_on_street": 9 }, "geometry": { "type": "Point", "coordinates": [ -76.596349285161551, 39.290556249631706 ] } },
{ "type": "Feature", "properties": { "surname": "Johnson", "given": "Wm. cook", "occupation": "", "house_no": 76, "street_raw": "Conway", "street_matched": "CONWAY", "side": "", "confidence": "street_proportional", "anchors_on_street": 0 }, "geometry": { "type": "Point", "coordinates": [ -76.61769932326753, 39.284045311475602 ] } },
{ "type": "Feature", "properties": { "surname": "Johnson", "given": "Wm. hackman", "occupation": "", "house_no": 56, "street_raw": "Perry", "street_matched": "PERRY", "side": "", "confidence": "street_proportional", "anchors_on_street": 0 }, "geometry": { "type": "Point", "coordinates": [ -76.618364624622075, 39.284794722027662 ] } },
{ "type": "Feature", "properties": { "surname": "Johnson", "given": "Wm. laborer", "occupation": "", "house_no": 25, "street_raw": "Tyson", "street_matched": "TYSON", "side": "", "confidence": "street_proportional", "anchors_on_street": 0 }, "geometry": { "type": "Point", "coordinates": [ -76.619355919066123, 39.300203911426365 ] } },
{ "type": "Feature", "properties": { "surname": "Johnson", "given": "Wm. wagoner", "occupation": "", "house_no": 25, "street_raw": "Jefferson", "street_matched": "JEFFERSON", "side": "", "confidence": "street_proportional", "anchors_on_street": 0 }, "geometry": { "type": "Point", "coordinates": [ -76.598656915924209, 39.296055071690517 ] } },
{ "type": "Feature", "properties": { "surname": "Jolly", "given": "Geo. laborer", "occupation": "", "house_no": 222, "street_raw": "Happy al", "street_matched": "DURHAM (S)", "side": "left", "confidence": "bracketed", "anchors_on_street": 9 }, "geometry": { "type": "Point", "coordinates": [ -76.590670730610711, 39.28518911263243 ] } },
{ "type": "Feature", "properties": { "surname": "Jones", "given": "Amos", "occupation": "laborer", "house_no": 134, "street_raw": "Sarah Ann", "street_matched": "SARAH ANN", "side": "", "confidence": "street_proportional", "anchors_on_street": 0 }, "geometry": { "type": "Point", "coordinates": [ -76.629427969110466, 39.293156403073773 ] } },
{ "type": "Feature", "properties": { "surname": "Jones", "given": "Ann M. washer", "occupation": "McElderry st. continued", "house_no": 44, "street_raw": "Bank lane", "street_matched": "BANK", "side": "left", "confidence": "extrapolated", "anchors_on_street": 11 }, "geometry": { "type": "Point", "coordinates": [ -76.597180636260774, 39.286437372746605 ] } },
{ "type": "Feature", "properties": { "surname": "Jones", "given": "Andrew D. bottler and wine refiner", "occupation": "", "house_no": 28, "street_raw": "Douglass", "street_matched": "LEXINGTON", "side": "left", "confidence": "extrapolated", "anchors_on_street": 21 }, "geometry": { "type": "Point", "coordinates": [ -76.615245353193259, 39.291065717826946 ] } },
{ "type": "Feature", "properties": { "surname": "Jones", "given": "Asbury", "occupation": "waiter", "house_no": 99, "street_raw": "Jasper", "street_matched": "JASPER", "side": "", "confidence": "street_proportional", "anchors_on_street": 0 }, "geometry": { "type": "Point", "coordinates": [ -76.621836598743513, 39.292930268959822 ] } },
{ "type": "Feature", "properties": { "surname": "Jones", "given": "Celia", "occupation": "", "house_no": 126, "street_raw": "Spring", "street_matched": "SPRING (S.)", "side": "left", "confidence": "bracketed", "anchors_on_street": 8 }, "geometry": { "type": "Point", "coordinates": [ -76.597669120358233, 39.287429980018501 ] } },
{ "type": "Feature", "properties": { "surname": "Jones", "given": "Chas. caulker", "occupation": "", "house_no": 46, "street_raw": "Forrest", "street_matched": "FORREST", "side": "", "confidence": "street_proportional", "anchors_on_street": 0 }, "geometry": { "type": "Point", "coordinates": [ -76.607737383436756, 39.300121624411332 ] } },
{ "type": "Feature", "properties": { "surname": "Jones", "given": "David", "occupation": "porter", "house_no": 7, "street_raw": "Jew al", "street_matched": "JEW", "side": "", "confidence": "street_proportional", "anchors_on_street": 0 }, "geometry": { "type": "Point", "coordinates": [ -76.621561084123329, 39.290999800112786 ] } },
{ "type": "Feature", "properties": { "surname": "Jones", "given": "Eli", "occupation": "painter", "house_no": 18, "street_raw": "Bethel", "street_matched": "BETHEL, (S)", "side": "left", "confidence": "bracketed", "anchors_on_street": 9 }, "geometry": { "type": "Point", "coordinates": [ -76.594845369759057, 39.290910962605068 ] } },
{ "type": "Feature", "properties": { "surname": "Jones", "given": "Elijah", "occupation": "tobaconist", "house_no": 10, "street_raw": "Mott", "street_matched": "MOTT", "side": "", "confidence": "street_proportional", "anchors_on_street": 0 }, "geometry": { "type": "Point", "coordinates": [ -76.603701718520142, 39.296407716395926 ] } },
{ "type": "Feature", "properties": { "surname": "Jones", "given": "Elijah", "occupation": "whipsawyer", "house_no": 94, "street_raw": "Lancaster", "street_matched": "LANCASTER", "side": "", "confidence": "street_proportional", "anchors_on_street": 0 }, "geometry": { "type": "Point", "coordinates": [ -76.588640845266355, 39.282762537590067 ] } },
{ "type": "Feature", "properties": { "surname": "Jones", "given": "Emeline", "occupation": "washer", "house_no": 123, "street_raw": "Happy al", "street_matched": "DURHAM (S)", "side": "left", "confidence": "bracketed", "anchors_on_street": 9 }, "geometry": { "type": "Point", "coordinates": [ -76.590881597809968, 39.288310180332786 ] } },
{ "type": "Feature", "properties": { "surname": "Jones", "given": "Harriet", "occupation": "", "house_no": 20, "street_raw": "Peirce", "street_matched": "PIERCE", "side": "", "confidence": "street_proportional", "anchors_on_street": 0 }, "geometry": { "type": "Point", "coordinates": [ -76.633163592565694, 39.293886372013652 ] } },
{ "type": "Feature", "properties": { "surname": "Jones", "given": "Henrietta", "occupation": "", "house_no": 96, "street_raw": "Dover", "street_matched": "DOVER", "side": "", "confidence": "street_proportional", "anchors_on_street": 0 }, "geometry": { "type": "Point", "coordinates": [ -76.627007544935196, 39.28557616587468 ] } },
{ "type": "Feature", "properties": { "surname": "Jones", "given": "Henry", "occupation": "fireman", "house_no": 121, "street_raw": "Spring", "street_matched": "SPRING (S.)", "side": "left", "confidence": "bracketed", "anchors_on_street": 8 }, "geometry": { "type": "Point", "coordinates": [ -76.597676523184887, 39.287547084858744 ] } },
{ "type": "Feature", "properties": { "surname": "Jones", "given": "Henry", "occupation": "ostler", "house_no": 14, "street_raw": "State", "street_matched": "STATE", "side": "", "confidence": "street_proportional", "anchors_on_street": 0 }, "geometry": { "type": "Point", "coordinates": [ -76.620367347038751, 39.294453116531677 ] } },
{ "type": "Feature", "properties": { "surname": "Jones", "given": "Henry", "occupation": "waiter", "house_no": 14, "street_raw": "Wayne", "street_matched": "WAYNE", "side": "", "confidence": "street_proportional", "anchors_on_street": 0 }, "geometry": { "type": "Point", "coordinates": [ -76.618846055792801, 39.28348896476006 ] } },
{ "type": "Feature", "properties": { "surname": "Jones", "given": "Isaac", "occupation": "drayman", "house_no": 98, "street_raw": "Stirling", "street_matched": "STIRLING", "side": "", "confidence": "street_proportional", "anchors_on_street": 0 }, "geometry": { "type": "Point", "coordinates": [ -76.602786178030058, 39.301374144809145 ] } },
{ "type": "Feature", "properties": { "surname": "Jones", "given": "Israel", "occupation": "caulker", "house_no": 58, "street_raw": "Forrest", "street_matched": "FORREST", "side": "", "confidence": "street_proportional", "anchors_on_street": 0 }, "geometry": { "type": "Point", "coordinates": [ -76.607652803952476, 39.299803449240926 ] } },
{ "type": "Feature", "properties": { "surname": "Jones", "given": "James", "occupation": "waiter", "house_no": 56, "street_raw": "Orchard", "street_matched": "ORCHARD", "side": "", "confidence": "street_proportional", "anchors_on_street": 0 }, "geometry": { "type": "Point", "coordinates": [ -76.623746770197187, 39.297549846124568 ] } },
{ "type": "Feature", "properties": { "surname": "Jones", "given": "James", "occupation": "laborer", "house_no": 65, "street_raw": "Short", "street_matched": "SHORT", "side": "", "confidence": "street_proportional", "anchors_on_street": 0 }, "geometry": { "type": "Point", "coordinates": [ -76.598913681469796, 39.295833433700516 ] } },
{ "type": "Feature", "properties": { "surname": "Jones", "given": "James", "occupation": "whipsawyer", "house_no": 198, "street_raw": "Dallas", "street_matched": "DALLAS (S)", "side": "left", "confidence": "bracketed", "anchors_on_street": 9 }, "geometry": { "type": "Point", "coordinates": [ -76.59602566727537, 39.285204623795977 ] } },
{ "type": "Feature", "properties": { "surname": "Jones", "given": "James", "occupation": "grain measurer", "house_no": 98, "street_raw": "Spring", "street_matched": "SPRING (S.)", "side": "left", "confidence": "bracketed", "anchors_on_street": 8 }, "geometry": { "type": "Point", "coordinates": [ -76.597710576502308, 39.288085767065205 ] } },
{ "type": "Feature", "properties": { "surname": "Jones", "given": "James", "occupation": "caulker", "house_no": 91, "street_raw": "Dallas", "street_matched": "DALLAS (S)", "side": "left", "confidence": "bracketed", "anchors_on_street": 9 }, "geometry": { "type": "Point", "coordinates": [ -76.596240251803664, 39.28875318530654 ] } },
{ "type": "Feature", "properties": { "surname": "Jones", "given": "James", "occupation": "brickmaker", "house_no": 50, "street_raw": "Welcome al", "street_matched": "WELCOME", "side": "", "confidence": "street_proportional", "anchors_on_street": 0 }, "geometry": { "type": "Point", "coordinates": [ -76.61838135318159, 39.282553518850321 ] } },
{ "type": "Feature", "properties": { "surname": "Jones", "given": "James", "occupation": "drayman", "house_no": 94, "street_raw": "East", "street_matched": "EAST", "side": "", "confidence": "street_proportional", "anchors_on_street": 0 }, "geometry": { "type": "Point", "coordinates": [ -76.57346072334164, 39.307761108033809 ] } },
{ "type": "Feature", "properties": { "surname": "Jones", "given": "Jefferson", "occupation": "carter", "house_no": 92, "street_raw": "Orchard", "street_matched": "ORCHARD", "side": "", "confidence": "street_proportional", "anchors_on_street": 0 }, "geometry": { "type": "Point", "coordinates": [ -76.624917607027285, 39.296586484924724 ] } },
{ "type": "Feature", "properties": { "surname": "Jones", "given": "Jenkin H. drayman", "occupation": "", "house_no": 10, "street_raw": "Welcome al", "street_matched": "WELCOME", "side": "", "confidence": "street_proportional", "anchors_on_street": 0 }, "geometry": { "type": "Point", "coordinates": [ -76.614013946091077, 39.28270861522455 ] } },
{ "type": "Feature", "properties": { "surname": "Jones", "given": "John A. barber", "occupation": "man. hair dye, perfumery and variety store", "house_no": 46, "street_raw": "e Baltimore", "street_matched": "BALTIMORE, (W)", "side": "left", "confidence": "bracketed", "anchors_on_street": 19 }, "geometry": { "type": "Point", "coordinates": [ -76.642173616552867, 39.288378005723438 ] } },
{ "type": "Feature", "properties": { "surname": "Jones", "given": "John laborer", "occupation": "", "house_no": 34, "street_raw": "Hill", "street_matched": "HILL", "side": "left", "confidence": "bracketed", "anchors_on_street": 5 }, "geometry": { "type": "Point", "coordinates": [ -76.614151547680919, 39.281025399673489 ] } },
{ "type": "Feature", "properties": { "surname": "Jones", "given": "John", "occupation": "blacksmith", "house_no": 1, "street_raw": "Lewis", "street_matched": "LEWIS", "side": "", "confidence": "street_proportional", "anchors_on_street": 0 }, "geometry": { "type": "Point", "coordinates": [ -76.600234527532663, 39.294367493601257 ] } },
{ "type": "Feature", "properties": { "surname": "Jones", "given": "John W. whipsawyer", "occupation": "", "house_no": 10, "street_raw": "Allen al", "street_matched": "ALLEN", "side": "", "confidence": "street_proportional", "anchors_on_street": 0 }, "geometry": { "type": "Point", "coordinates": [ -76.599383502576529, 39.288274410013017 ] } },
{ "type": "Feature", "properties": { "surname": "Jones", "given": "John", "occupation": "laborer", "house_no": 43, "street_raw": "n Sharp", "street_matched": "SHARP, (S)", "side": "left", "confidence": "extrapolated", "anchors_on_street": 5 }, "geometry": { "type": "Point", "coordinates": [ -76.617515642871879, 39.280923535799914 ] } },
{ "type": "Feature", "properties": { "surname": "Jones", "given": "John", "occupation": "fisherman", "house_no": 83, "street_raw": "Cross", "street_matched": "CROSS", "side": "", "confidence": "street_proportional", "anchors_on_street": 0 }, "geometry": { "type": "Point", "coordinates": [ -76.632138658713686, 39.282633761045574 ] } },
{ "type": "Feature", "properties": { "surname": "Jones", "given": "John", "occupation": "cooper", "house_no": 31, "street_raw": "Park", "street_matched": "PARK", "side": "left", "confidence": "bracketed", "anchors_on_street": 9 }, "geometry": { "type": "Point", "coordinates": [ -76.618043075594841, 39.291518402542422 ] } },
{ "type": "Feature", "properties": { "surname": "Jones", "given": "John", "occupation": "laborer", "house_no": 140, "street_raw": "Happy al", "street_matched": "DURHAM (S)", "side": "left", "confidence": "bracketed", "anchors_on_street": 9 }, "geometry": { "type": "Point", "coordinates": [ -76.590861445553273, 39.287975244581304 ] } },
{ "type": "Feature", "properties": { "surname": "Jones", "given": "John", "occupation": "cook", "house_no": 108, "street_raw": "North", "street_matched": "NORTH", "side": "", "confidence": "street_proportional", "anchors_on_street": 0 }, "geometry": { "type": "Point", "coordinates": [ -76.643472346235825, 39.310037348445796 ] } },
{ "type": "Feature", "properties": { "surname": "Jones", "given": "Mary", "occupation": "cook, Frederick near Second rones Michael, laboror", "house_no": 136, "street_raw": "Hill", "street_matched": "HILL", "side": "left", "confidence": "bracketed", "anchors_on_street": 5 }, "geometry": { "type": "Point", "coordinates": [ -76.618491034489224, 39.280892559002446 ] } },
{ "type": "Feature", "properties": { "surname": "Jones", "given": "Nicholas", "occupation": "porter", "house_no": 34, "street_raw": "Tyson", "street_matched": "TYSON", "side": "", "confidence": "street_proportional", "anchors_on_street": 0 }, "geometry": { "type": "Point", "coordinates": [ -76.619343443516541, 39.300010861792366 ] } },
{ "type": "Feature", "properties": { "surname": "Jones", "given": "Peter", "occupation": "ostler", "house_no": 109, "street_raw": "North", "street_matched": "NORTH", "side": "", "confidence": "street_proportional", "anchors_on_street": 0 }, "geometry": { "type": "Point", "coordinates": [ -76.643451713402172, 39.310038460504344 ] } },
{ "type": "Feature", "properties": { "surname": "Jones", "given": "Prince", "occupation": "waiter", "house_no": 30, "street_raw": "State", "street_matched": "STATE", "side": "", "confidence": "street_proportional", "anchors_on_street": 0 }, "geometry": { "type": "Point", "coordinates": [ -76.620325018505696, 39.293754550617471 ] } },
{ "type": "Feature", "properties": { "surname": "Jones", "given": "Rachel", "occupation": "", "house_no": 14, "street_raw": "WiLiamson", "street_matched": "WILLIAMSON", "side": "", "confidence": "street_proportional", "anchors_on_street": 0 }, "geometry": { "type": "Point", "coordinates": [ -76.612415507773335, 39.278551687461153 ] } },
{ "type": "Feature", "properties": { "surname": "Jones", "given": "Rebecca", "occupation": "", "house_no": 84, "street_raw": "East", "street_matched": "EAST", "side": "", "confidence": "street_proportional", "anchors_on_street": 0 }, "geometry": { "type": "Point", "coordinates": [ -76.57344524201396, 39.307464552482145 ] } },
{ "type": "Feature", "properties": { "surname": "Jones", "given": "Thomas", "occupation": "rope maker", "house_no": 10, "street_raw": "Bethel", "street_matched": "BETHEL, (S)", "side": "left", "confidence": "bracketed", "anchors_on_street": 9 }, "geometry": { "type": "Point", "coordinates": [ -76.594867593684597, 39.291208877379852 ] } },
{ "type": "Feature", "properties": { "surname": "Jones", "given": "Thomas", "occupation": "laborer", "house_no": 58, "street_raw": "Elbow lane", "street_matched": "CAMDEN", "side": "left", "confidence": "bracketed", "anchors_on_street": 6 }, "geometry": { "type": "Point", "coordinates": [ -76.616970248810162, 39.285360594553801 ] } },
{ "type": "Feature", "properties": { "surname": "Jones", "given": "Walter", "occupation": "", "house_no": 27, "street_raw": "Stirling", "street_matched": "STIRLING", "side": "", "confidence": "street_proportional", "anchors_on_street": 0 }, "geometry": { "type": "Point", "coordinates": [ -76.602082250550581, 39.302274022147756 ] } },
{ "type": "Feature", "properties": { "surname": "Jones", "given": "Wm. lumber wagoner", "occupation": "", "house_no": 830, "street_raw": "w Baltimore", "street_matched": "BALTIMORE, (W)", "side": "left", "confidence": "bracketed", "anchors_on_street": 19 }, "geometry": { "type": "Point", "coordinates": [ -76.643570480227794, 39.288317013930509 ] } },
{ "type": "Feature", "properties": { "surname": "Jones", "given": "W. oysterman", "occupation": "", "house_no": 12, "street_raw": "Salisbury al", "street_matched": "SALISBURY", "side": "", "confidence": "street_proportional", "anchors_on_street": 0 }, "geometry": { "type": "Point", "coordinates": [ -76.603075323569598, 39.289396770448349 ] } },
{ "type": "Feature", "properties": { "surname": "Jordan", "given": "Armistead", "occupation": "laborer", "house_no": 10, "street_raw": "Dallas", "street_matched": "DALLAS (S)", "side": "left", "confidence": "bracketed", "anchors_on_street": 9 }, "geometry": { "type": "Point", "coordinates": [ -76.596389928465797, 39.291228341711204 ] } },
{ "type": "Feature", "properties": { "surname": "Jordan", "given": "Lucinda", "occupation": "washer", "house_no": 53, "street_raw": "Burgundy al", "street_matched": "BURGUNDY", "side": "", "confidence": "street_proportional", "anchors_on_street": 0 }, "geometry": { "type": "Point", "coordinates": [ -76.625975660536582, 39.280261880708927 ] } },
{ "type": "Feature", "properties": { "surname": "Kamfer", "given": "Andrew", "occupation": "coachman", "house_no": 13, "street_raw": "1 Spring", "street_matched": "SPRING (S.)", "side": "right", "confidence": "bracketed", "anchors_on_street": 8 }, "geometry": { "type": "Point", "coordinates": [ -76.597911608556217, 39.291265855588868 ] } },
{ "type": "Feature", "properties": { "surname": "Kane", "given": "James", "occupation": "waiter", "house_no": 51, "street_raw": "L. Sharp", "street_matched": "SHARP, (S)", "side": "left", "confidence": "extrapolated", "anchors_on_street": 5 }, "geometry": { "type": "Point", "coordinates": [ -76.617515642871879, 39.280923535799914 ] } },
{ "type": "Feature", "properties": { "surname": "Keith", "given": "Chas. caulker", "occupation": "", "house_no": 184, "street_raw": "Dallas", "street_matched": "DALLAS (S)", "side": "left", "confidence": "bracketed", "anchors_on_street": 9 }, "geometry": { "type": "Point", "coordinates": [ -76.59604844599572, 39.285581314791081 ] } },
{ "type": "Feature", "properties": { "surname": "Kelly", "given": "Geo. M. barber", "occupation": "", "house_no": 8, "street_raw": "Vine", "street_matched": "VINE", "side": "", "confidence": "street_proportional", "anchors_on_street": 0 }, "geometry": { "type": "Point", "coordinates": [ -76.626182275995447, 39.290720275014642 ] } },
{ "type": "Feature", "properties": { "surname": "Kemp", "given": "Henry", "occupation": "waiter", "house_no": 128, "street_raw": "St. Paul", "street_matched": "PAUL", "side": "", "confidence": "street_proportional", "anchors_on_street": 0 }, "geometry": { "type": "Point", "coordinates": [ -76.613783506130872, 39.295972721311962 ] } },
{ "type": "Feature", "properties": { "surname": "Kennard", "given": "James", "occupation": "waiter", "house_no": 9, "street_raw": "State", "street_matched": "STATE", "side": "", "confidence": "street_proportional", "anchors_on_street": 0 }, "geometry": { "type": "Point", "coordinates": [ -76.620380575089442, 39.294671418338972 ] } },
{ "type": "Feature", "properties": { "surname": "Kennard", "given": "Thomas", "occupation": "laborer", "house_no": 6, "street_raw": "Salisbury al", "street_matched": "SALISBURY", "side": "", "confidence": "street_proportional", "anchors_on_street": 0 }, "geometry": { "type": "Point", "coordinates": [ -76.602094790599963, 39.289727137461298 ] } },
{ "type": "Feature", "properties": { "surname": "Kennard", "given": "Wm. carter", "occupation": "", "house_no": 69, "street_raw": "s Spring;", "street_matched": "SPRING (S.)", "side": "left", "confidence": "bracketed", "anchors_on_street": 8 }, "geometry": { "type": "Point", "coordinates": [ -76.597753513623204, 39.288764974943028 ] } },
{ "type": "Feature", "properties": { "surname": "Keys", "given": "James", "occupation": "drayman", "house_no": 51, "street_raw": "Short", "street_matched": "SHORT", "side": "", "confidence": "street_proportional", "anchors_on_street": 0 }, "geometry": { "type": "Point", "coordinates": [ -76.598590941423083, 39.295847061673349 ] } },
{ "type": "Feature", "properties": { "surname": "Kimmer", "given": "Wm. watchman", "occupation": "", "house_no": 24, "street_raw": "Wayne", "street_matched": "WAYNE", "side": "", "confidence": "street_proportional", "anchors_on_street": 0 }, "geometry": { "type": "Point", "coordinates": [ -76.618597143724884, 39.283500929024349 ] } },
{ "type": "Feature", "properties": { "surname": "Klash", "given": "Archd. laborer", "occupation": "", "house_no": 9, "street_raw": "Elbow lane", "street_matched": "CAMDEN", "side": "left", "confidence": "extrapolated", "anchors_on_street": 6 }, "geometry": { "type": "Point", "coordinates": [ -76.614298517601725, 39.285467958489583 ] } },
{ "type": "Feature", "properties": { "surname": "Kyle", "given": "John", "occupation": "porter", "house_no": 8, "street_raw": "Forrest", "street_matched": "FORREST", "side": "", "confidence": "street_proportional", "anchors_on_street": 0 }, "geometry": { "type": "Point", "coordinates": [ -76.608003879072953, 39.301129393276788 ] } },
{ "type": "Feature", "properties": { "surname": "Kyle", "given": "Milly", "occupation": "washer", "house_no": 86, "street_raw": "s Spring", "street_matched": "SPRING (S.)", "side": "left", "confidence": "bracketed", "anchors_on_street": 8 }, "geometry": { "type": "Point", "coordinates": [ -76.597728343655831, 39.288366818612978 ] } },
{ "type": "Feature", "properties": { "surname": "Landey", "given": "Thomas", "occupation": "marketer", "house_no": 83, "street_raw": "Jefferson", "street_matched": "JEFFERSON", "side": "", "confidence": "street_proportional", "anchors_on_street": 0 }, "geometry": { "type": "Point", "coordinates": [ -76.572587039485754, 39.29711108493396 ] } },
{ "type": "Feature", "properties": { "surname": "Landori", "given": "Walter", "occupation": "", "house_no": 64, "street_raw": "St. Mary", "street_matched": "SEMINARY", "side": "", "confidence": "street_proportional", "anchors_on_street": 0 }, "geometry": { "type": "Point", "coordinates": [ -76.624329107813708, 39.295121981901566 ] } },
{ "type": "Feature", "properties": { "surname": "Lane", "given": "Timothy", "occupation": "laborer", "house_no": 82, "street_raw": "Watson", "street_matched": "WATSON", "side": "", "confidence": "street_proportional", "anchors_on_street": 0 }, "geometry": { "type": "Point", "coordinates": [ -76.602945567621134, 39.289893684421095 ] } },
{ "type": "Feature", "properties": { "surname": "Lanman", "given": "Wm. A. laborer", "occupation": "", "house_no": 100, "street_raw": "York •", "street_matched": "YORK", "side": "", "confidence": "street_proportional", "anchors_on_street": 0 }, "geometry": { "type": "Point", "coordinates": [ -76.610727598637453, 39.281500858991137 ] } },
{ "type": "Feature", "properties": { "surname": "Large", "given": "Richd. drayman", "occupation": "", "house_no": 31, "street_raw": "Forest", "street_matched": "FORREST", "side": "", "confidence": "street_proportional", "anchors_on_street": 0 }, "geometry": { "type": "Point", "coordinates": [ -76.607843108829883, 39.300519343250542 ] } },
{ "type": "Feature", "properties": { "surname": "Larkin", "given": "Wm. draymar*", "occupation": "", "house_no": 4, "street_raw": "Painter's court", "street_matched": "PAINTERS", "side": "", "confidence": "street_proportional", "anchors_on_street": 0 }, "geometry": { "type": "Point", "coordinates": [ -76.603090641483405, 39.291294072821252 ] } },
{ "type": "Feature", "properties": { "surname": "Larkins", "given": "James", "occupation": "drayman", "house_no": 17, "street_raw": "State", "street_matched": "STATE", "side": "", "confidence": "street_proportional", "anchors_on_street": 0 }, "geometry": { "type": "Point", "coordinates": [ -76.620359410285928, 39.294322135438343 ] } },
{ "type": "Feature", "properties": { "surname": "Lawrenee", "given": "John", "occupation": "laborer", "house_no": 240, "street_raw": "Fayette", "street_matched": "FAYETTE (E)", "side": "left", "confidence": "bracketed", "anchors_on_street": 11 }, "geometry": { "type": "Point", "coordinates": [ -76.595818801040252, 39.293591377878265 ] } },
{ "type": "Feature", "properties": { "surname": "Lavvson", "given": "Nancy", "occupation": "", "house_no": 84, "street_raw": "Orchard", "street_matched": "ORCHARD", "side": "", "confidence": "street_proportional", "anchors_on_street": 0 }, "geometry": { "type": "Point", "coordinates": [ -76.624657423458672, 39.29680056596343 ] } },
{ "type": "Feature", "properties": { "surname": "Lehark", "given": "Eli", "occupation": "coachman", "house_no": 39, "street_raw": "Park", "street_matched": "PARK", "side": "left", "confidence": "bracketed", "anchors_on_street": 9 }, "geometry": { "type": "Point", "coordinates": [ -76.618066704777164, 39.291903245278633 ] } },
{ "type": "Feature", "properties": { "surname": "Lecompte", "given": "Dav.il", "occupation": "steamboat ma n", "house_no": 58, "street_raw": "Dallas", "street_matched": "DALLAS (S)", "side": "left", "confidence": "bracketed", "anchors_on_street": 9 }, "geometry": { "type": "Point", "coordinates": [ -76.596303883542404, 39.289805437849814 ] } },
{ "type": "Feature", "properties": { "surname": "Lecompl", "given": "John", "occupation": "sawyer", "house_no": 67, "street_raw": "Lewis", "street_matched": "LEWIS", "side": "", "confidence": "street_proportional", "anchors_on_street": 0 }, "geometry": { "type": "Point", "coordinates": [ -76.600379791076918, 39.296633653670348 ] } },
{ "type": "Feature", "properties": { "surname": "Lee", "given": "Abram", "occupation": "sawyer", "house_no": 4, "street_raw": "Lloyd", "street_matched": "LLOYD", "side": "", "confidence": "street_proportional", "anchors_on_street": 0 }, "geometry": { "type": "Point", "coordinates": [ -76.600341328381546, 39.28760333209226 ] } },
{ "type": "Feature", "properties": { "surname": "Lee", "given": "Andrew", "occupation": "laborer", "house_no": 31, "street_raw": "1-2 Jefferson", "street_matched": "JEFFERSON", "side": "", "confidence": "street_proportional", "anchors_on_street": 0 }, "geometry": { "type": "Point", "coordinates": [ -76.595960359151206, 39.296168862941968 ] } },
{ "type": "Feature", "properties": { "surname": "Lee", "given": "Chas. laborer", "occupation": "", "house_no": 12, "street_raw": "Vine", "street_matched": "VINE", "side": "", "confidence": "street_proportional", "anchors_on_street": 0 }, "geometry": { "type": "Point", "coordinates": [ -76.626817252215147, 39.290695441159691 ] } },
{ "type": "Feature", "properties": { "surname": "Lee", "given": "Chas. hackman", "occupation": "", "house_no": 13, "street_raw": "Short", "street_matched": "SHORT", "side": "", "confidence": "street_proportional", "anchors_on_street": 0 }, "geometry": { "type": "Point", "coordinates": [ -76.59771493212925, 39.295884047837149 ] } },
{ "type": "Feature", "properties": { "surname": "Lee", "given": "Chas. watchman", "occupation": "", "house_no": 3, "street_raw": "Philpot al", "street_matched": "PHILPOT", "side": "", "confidence": "street_proportional", "anchors_on_street": 0 }, "geometry": { "type": "Point", "coordinates": [ -76.596733639510262, 39.279719982898428 ] } },
{ "type": "Feature", "properties": { "surname": "Lee", "given": "E.lwd. engineer", "occupation": "", "house_no": 55, "street_raw": "Canal", "street_matched": "CANAL", "side": "", "confidence": "street_proportional", "anchors_on_street": 0 }, "geometry": { "type": "Point", "coordinates": [ -76.596097088452026, 39.296929155261246 ] } },
{ "type": "Feature", "properties": { "surname": "Lee", "given": "James", "occupation": "laborer", "house_no": 9, "street_raw": "Spring", "street_matched": "SPRING (S.)", "side": "right", "confidence": "bracketed", "anchors_on_street": 8 }, "geometry": { "type": "Point", "coordinates": [ -76.59792011669424, 39.291400447651917 ] } },
{ "type": "Feature", "properties": { "surname": "Lee", "given": "Robt. laborer", "occupation": "", "house_no": 9, "street_raw": "Spring", "street_matched": "SPRING (S.)", "side": "right", "confidence": "bracketed", "anchors_on_street": 8 }, "geometry": { "type": "Point", "coordinates": [ -76.59792011669424, 39.291400447651917 ] } },
{ "type": "Feature", "properties": { "surname": "Lee", "given": "Wm. W. dressing saloon", "occupation": "", "house_no": 182, "street_raw": "e Fayette", "street_matched": "FAYETTE (E)", "side": "left", "confidence": "bracketed", "anchors_on_street": 11 }, "geometry": { "type": "Point", "coordinates": [ -76.598763454960732, 39.292778457773721 ] } },
{ "type": "Feature", "properties": { "surname": "Leesbut", "given": "Mary", "occupation": "", "house_no": 175, "street_raw": "Bethel", "street_matched": "BETHEL, (S)", "side": "left", "confidence": "bracketed", "anchors_on_street": 9 }, "geometry": { "type": "Point", "coordinates": [ -76.594409657586596, 39.284811266015929 ] } },
{ "type": "Feature", "properties": { "surname": "Lemmon", "given": "J no. carter", "occupation": "", "house_no": 58, "street_raw": "Watson", "street_matched": "WATSON", "side": "", "confidence": "street_proportional", "anchors_on_street": 0 }, "geometry": { "type": "Point", "coordinates": [ -76.601411965550128, 39.290296139278546 ] } },
{ "type": "Feature", "properties": { "surname": "Ler.lon Isaac", "given": "laborer", "occupation": "", "house_no": 95, "street_raw": "s Spring", "street_matched": "SPRING (S.)", "side": "left", "confidence": "bracketed", "anchors_on_street": 8 }, "geometry": { "type": "Point", "coordinates": [ -76.597715018277498, 39.288156029954607 ] } },
{ "type": "Feature", "properties": { "surname": "Leva;t Wash", "given": "drayman", "occupation": "", "house_no": 24, "street_raw": "Douglass", "street_matched": "LEXINGTON", "side": "left", "confidence": "extrapolated", "anchors_on_street": 21 }, "geometry": { "type": "Point", "coordinates": [ -76.615245353193259, 39.291065717826946 ] } },
{ "type": "Feature", "properties": { "surname": "Levi", "given": "James", "occupation": "drayman", "house_no": 86, "street_raw": "Orchard", "street_matched": "ORCHARD", "side": "", "confidence": "street_proportional", "anchors_on_street": 0 }, "geometry": { "type": "Point", "coordinates": [ -76.624722469498082, 39.296747045759055 ] } },
{ "type": "Feature", "properties": { "surname": "Lewin", "given": "Leroy", "occupation": "waterman", "house_no": 21, "street_raw": "Welcome al", "street_matched": "WELCOME", "side": "", "confidence": "street_proportional", "anchors_on_street": 0 }, "geometry": { "type": "Point", "coordinates": [ -76.615215035004724, 39.282666844280804 ] } },
{ "type": "Feature", "properties": { "surname": "Lewis", "given": "Andrew", "occupation": "blacksmith", "house_no": 44, "street_raw": "Peirce", "street_matched": "PIERCE", "side": "", "confidence": "street_proportional", "anchors_on_street": 0 }, "geometry": { "type": "Point", "coordinates": [ -76.631912785056755, 39.293931846383252 ] } },
{ "type": "Feature", "properties": { "surname": "Lewis", "given": "E. R. tailor", "occupation": "", "house_no": 20, "street_raw": "Jefferson", "street_matched": "JEFFERSON", "side": "", "confidence": "street_proportional", "anchors_on_street": 0 }, "geometry": { "type": "Point", "coordinates": [ -76.600904043500634, 39.295960249031374 ] } },
{ "type": "Feature", "properties": { "surname": "Lewis", "given": "Eliza", "occupation": "washer", "house_no": 16, "street_raw": "Vine", "street_matched": "VINE", "side": "", "confidence": "street_proportional", "anchors_on_street": 0 }, "geometry": { "type": "Point", "coordinates": [ -76.627452228638816, 39.290670613886725 ] } },
{ "type": "Feature", "properties": { "surname": "Lewis", "given": "Henry", "occupation": "coachman", "house_no": 13, "street_raw": "Harford av", "street_matched": "HARFORD", "side": "", "confidence": "street_proportional", "anchors_on_street": 0 }, "geometry": { "type": "Point", "coordinates": [ -76.600766696950402, 39.30794346009678 ] } },
{ "type": "Feature", "properties": { "surname": "Lewis", "given": "John", "occupation": "drayman", "house_no": 6, "street_raw": "New", "street_matched": "BALDERSTON", "side": "", "confidence": "street_proportional", "anchors_on_street": 0 }, "geometry": { "type": "Point", "coordinates": [ -76.612987778174244, 39.287506924117523 ] } },
{ "type": "Feature", "properties": { "surname": "Lewis", "given": "John", "occupation": "", "house_no": 9, "street_raw": "Philpot lane", "street_matched": "PHILPOT", "side": "", "confidence": "street_proportional", "anchors_on_street": 0 }, "geometry": { "type": "Point", "coordinates": [ -76.597795158799727, 39.279893081943925 ] } },
{ "type": "Feature", "properties": { "surname": "Lewis", "given": "Lydia Ann", "occupation": "washer", "house_no": 33, "street_raw": "Park", "street_matched": "PARK", "side": "left", "confidence": "bracketed", "anchors_on_street": 9 }, "geometry": { "type": "Point", "coordinates": [ -76.618049591634019, 39.291624527823089 ] } },
{ "type": "Feature", "properties": { "surname": "Lewis", "given": "Matilda", "occupation": "", "house_no": 64, "street_raw": "Mulberry-", "street_matched": "MULBERRY", "side": "", "confidence": "street_proportional", "anchors_on_street": 0 }, "geometry": { "type": "Point", "coordinates": [ -76.639271590533198, 39.293151970923276 ] } },
{ "type": "Feature", "properties": { "surname": "Lilly", "given": "Coleman", "occupation": "barber", "house_no": 81, "street_raw": "Hillen", "street_matched": "HILLEN", "side": "left", "confidence": "bracketed", "anchors_on_street": 3 }, "geometry": { "type": "Point", "coordinates": [ -76.607188765568182, 39.295619488467771 ] } },
{ "type": "Feature", "properties": { "surname": "Lilly", "given": "Elizabeth", "occupation": "washer", "house_no": 34, "street_raw": "Union", "street_matched": "COLVIN", "side": "", "confidence": "street_proportional", "anchors_on_street": 0 }, "geometry": { "type": "Point", "coordinates": [ -76.605649135911236, 39.29483972259299 ] } },
{ "type": "Feature", "properties": { "surname": "Li", "given": "m berry Wash", "occupation": "porter", "house_no": 32, "street_raw": "n Sharp", "street_matched": "SHARP, (S)", "side": "left", "confidence": "extrapolated", "anchors_on_street": 5 }, "geometry": { "type": "Point", "coordinates": [ -76.617515642871879, 39.280923535799914 ] } },
{ "type": "Feature", "properties": { "surname": "Linberry", "given": "Robt. stevadore", "occupation": "", "house_no": 109, "street_raw": "Happy al", "street_matched": "DURHAM (S)", "side": "left", "confidence": "bracketed", "anchors_on_street": 9 }, "geometry": { "type": "Point", "coordinates": [ -76.59089819392895, 39.288586009747455 ] } },
{ "type": "Feature", "properties": { "surname": "Lindenbercr", "given": "Daniel C. brick moulder", "occupation": "", "house_no": 40, "street_raw": "Hill", "street_matched": "HILL", "side": "left", "confidence": "bracketed", "anchors_on_street": 5 }, "geometry": { "type": "Point", "coordinates": [ -76.614405087952107, 39.281017221477605 ] } },
{ "type": "Feature", "properties": { "surname": "Lingham", "given": "David", "occupation": "", "house_no": 138, "street_raw": "Low", "street_matched": "LOW", "side": "", "confidence": "street_proportional", "anchors_on_street": 0 }, "geometry": { "type": "Point", "coordinates": [ -76.606691938663701, 39.29288571624167 ] } },
{ "type": "Feature", "properties": { "surname": "Linn", "given": "Catharine", "occupation": "washer", "house_no": 4, "street_raw": "Jew al", "street_matched": "JEW", "side": "", "confidence": "street_proportional", "anchors_on_street": 0 }, "geometry": { "type": "Point", "coordinates": [ -76.621553704520878, 39.290887997862264 ] } },
{ "type": "Feature", "properties": { "surname": "Lister", "given": "John", "occupation": "", "house_no": 135, "street_raw": "Hill", "street_matched": "HILL", "side": "left", "confidence": "bracketed", "anchors_on_street": 5 }, "geometry": { "type": "Point", "coordinates": [ -76.618446698527734, 39.280893967267907 ] } },
{ "type": "Feature", "properties": { "surname": "Little", "given": "Richd. mariner", "occupation": "", "house_no": 63, "street_raw": "Dallas", "street_matched": "DALLAS (S)", "side": "left", "confidence": "bracketed", "anchors_on_street": 9 }, "geometry": { "type": "Point", "coordinates": [ -76.596293716276421, 39.289637304504303 ] } },
{ "type": "Feature", "properties": { "surname": "Lloyd", "given": "'Wm. caulker", "occupation": "", "house_no": 182, "street_raw": "Dallas", "street_matched": "DALLAS (S)", "side": "left", "confidence": "bracketed", "anchors_on_street": 9 }, "geometry": { "type": "Point", "coordinates": [ -76.596052090703679, 39.28564158750774 ] } },
{ "type": "Feature", "properties": { "surname": "Lock", "given": "Somerset", "occupation": "", "house_no": 166, "street_raw": "Bethel", "street_matched": "BETHEL, (S)", "side": "left", "confidence": "bracketed", "anchors_on_street": 9 }, "geometry": { "type": "Point", "coordinates": [ -76.594433036632182, 39.285192968794519 ] } },
{ "type": "Feature", "properties": { "surname": "Lockman", "given": "Daniel", "occupation": "laborer", "house_no": 37, "street_raw": "Forest", "street_matched": "FORREST", "side": "", "confidence": "street_proportional", "anchors_on_street": 0 }, "geometry": { "type": "Point", "coordinates": [ -76.60780081853035, 39.300360255732002 ] } },
{ "type": "Feature", "properties": { "surname": "Lockman", "given": "Mat. laborer", "occupation": "", "house_no": 40, "street_raw": "Vine", "street_matched": "VINE", "side": "", "confidence": "street_proportional", "anchors_on_street": 0 }, "geometry": { "type": "Point", "coordinates": [ -76.631262101890158, 39.290521950246365 ] } },
{ "type": "Feature", "properties": { "surname": "Locks", "given": "Perry", "occupation": "caulker", "house_no": 92, "street_raw": "Spring", "street_matched": "SPRING (S.)", "side": "left", "confidence": "bracketed", "anchors_on_street": 8 }, "geometry": { "type": "Point", "coordinates": [ -76.597719460061484, 39.28822629284236 ] } },
{ "type": "Feature", "properties": { "surname": "Loizan", "given": "Noah", "occupation": "laborer", "house_no": 7, "street_raw": "Dover", "street_matched": "DOVER", "side": "", "confidence": "street_proportional", "anchors_on_street": 0 }, "geometry": { "type": "Point", "coordinates": [ -76.616162858645623, 39.286062348067375 ] } },
{ "type": "Feature", "properties": { "surname": "Logan", "given": "Saml. L. baker", "occupation": "", "house_no": 20, "street_raw": "Burgundy al", "street_matched": "BURGUNDY", "side": "", "confidence": "street_proportional", "anchors_on_street": 0 }, "geometry": { "type": "Point", "coordinates": [ -76.623714904725006, 39.283031273800106 ] } },
{ "type": "Feature", "properties": { "surname": "Long", "given": "David", "occupation": "laborer", "house_no": 116, "street_raw": "York", "street_matched": "YORK", "side": "", "confidence": "street_proportional", "anchors_on_street": 0 }, "geometry": { "type": "Point", "coordinates": [ -76.612270512120588, 39.281442570073239 ] } },
{ "type": "Feature", "properties": { "surname": "Lovedav", "given": "Perry", "occupation": "drayman", "house_no": 61, "street_raw": "Wayne", "street_matched": "WAYNE", "side": "", "confidence": "street_proportional", "anchors_on_street": 0 }, "geometry": { "type": "Point", "coordinates": [ -76.61767616834365, 39.283545192215627 ] } },
{ "type": "Feature", "properties": { "surname": "Lyles", "given": "Jer. drayman", "occupation": "", "house_no": 85, "street_raw": "East", "street_matched": "EAST", "side": "", "confidence": "street_proportional", "anchors_on_street": 0 }, "geometry": { "type": "Point", "coordinates": [ -76.573446790140892, 39.307494208038612 ] } },
{ "type": "Feature", "properties": { "surname": "Lyles", "given": "John", "occupation": "carter", "house_no": 47, "street_raw": "Bethel", "street_matched": "BETHEL, (S)", "side": "left", "confidence": "bracketed", "anchors_on_street": 9 }, "geometry": { "type": "Point", "coordinates": [ -76.594774043162388, 39.289830587121948 ] } },
{ "type": "Feature", "properties": { "surname": "McCabe", "given": "S. dressing room", "occupation": "", "house_no": 25, "street_raw": "St. Paul", "street_matched": "PAUL", "side": "", "confidence": "street_proportional", "anchors_on_street": 0 }, "geometry": { "type": "Point", "coordinates": [ -76.613555436003466, 39.292770928691574 ] } },
{ "type": "Feature", "properties": { "surname": "McClure", "given": "Peter", "occupation": "sawyer", "house_no": 63, "street_raw": "Orchard", "street_matched": "ORCHARD", "side": "", "confidence": "street_proportional", "anchors_on_street": 0 }, "geometry": { "type": "Point", "coordinates": [ -76.623974434118679, 39.297362525883123 ] } },
{ "type": "Feature", "properties": { "surname": "McDowney", "given": "Henry", "occupation": "", "house_no": 208, "street_raw": "Dallas", "street_matched": "DALLAS (S)", "side": "left", "confidence": "bracketed", "anchors_on_street": 9 }, "geometry": { "type": "Point", "coordinates": [ -76.596010178064233, 39.284948478216201 ] } },
{ "type": "Feature", "properties": { "surname": "Madden", "given": "Peter", "occupation": "drayman", "house_no": 34, "street_raw": "Vine", "street_matched": "VINE", "side": "", "confidence": "street_proportional", "anchors_on_street": 0 }, "geometry": { "type": "Point", "coordinates": [ -76.630309627174285, 39.290559005458626 ] } },
{ "type": "Feature", "properties": { "surname": "Maddox", "given": "Colbert", "occupation": "", "house_no": 9, "street_raw": "Salisbury al", "street_matched": "SALISBURY", "side": "", "confidence": "street_proportional", "anchors_on_street": 0 }, "geometry": { "type": "Point", "coordinates": [ -76.602596064764001, 39.289581694146378 ] } },
{ "type": "Feature", "properties": { "surname": "Maddox", "given": "Geo. laborer", "occupation": "", "house_no": 48, "street_raw": "Peirce", "street_matched": "PIERCE", "side": "", "confidence": "street_proportional", "anchors_on_street": 0 }, "geometry": { "type": "Point", "coordinates": [ -76.631704323693413, 39.2939395369416 ] } },
{ "type": "Feature", "properties": { "surname": "Maddox", "given": "Henry", "occupation": "laborer", "house_no": 10, "street_raw": "Jasper", "street_matched": "JASPER", "side": "", "confidence": "street_proportional", "anchors_on_street": 0 }, "geometry": { "type": "Point", "coordinates": [ -76.622092457195407, 39.296902564668571 ] } },
{ "type": "Feature", "properties": { "surname": "McGill", "given": "Lloyd", "occupation": "laborer, 39 Perry jvlackeril Mary, dairy", "house_no": 3, "street_raw": "s Green", "street_matched": "EXETER", "side": "left", "confidence": "bracketed", "anchors_on_street": 9 }, "geometry": { "type": "Point", "coordinates": [ -76.602791283267862, 39.28989153066707 ] } },
{ "type": "Feature", "properties": { "surname": "Mackey", "given": "Aaron", "occupation": "blacksmith", "house_no": 12, "street_raw": "Vine", "street_matched": "VINE", "side": "", "confidence": "street_proportional", "anchors_on_street": 0 }, "geometry": { "type": "Point", "coordinates": [ -76.626817252215147, 39.290695441159691 ] } },
{ "type": "Feature", "properties": { "surname": "McKenna", "given": "Arthur", "occupation": "laborer", "house_no": 63, "street_raw": "Davis", "street_matched": "DAVIS", "side": "", "confidence": "street_proportional", "anchors_on_street": 0 }, "geometry": { "type": "Point", "coordinates": [ -76.612122083955356, 39.294125572807715 ] } },
{ "type": "Feature", "properties": { "surname": "Macky", "given": "Ann", "occupation": "", "house_no": 56, "street_raw": "Perry", "street_matched": "PERRY", "side": "", "confidence": "street_proportional", "anchors_on_street": 0 }, "geometry": { "type": "Point", "coordinates": [ -76.618364624622075, 39.284794722027662 ] } },
{ "type": "Feature", "properties": { "surname": "McLaughlin", "given": "Win", "occupation": "laborer", "house_no": 148, "street_raw": "Bethel", "street_matched": "BETHEL, (S)", "side": "left", "confidence": "bracketed", "anchors_on_street": 9 }, "geometry": { "type": "Point", "coordinates": [ -76.594488491772395, 39.2858973533979 ] } },
{ "type": "Feature", "properties": { "surname": "McPherson", "given": "Alex", "occupation": "cabinet maker", "house_no": 28, "street_raw": "Park", "street_matched": "PARK", "side": "left", "confidence": "bracketed", "anchors_on_street": 9 }, "geometry": { "type": "Point", "coordinates": [ -76.618032084046618, 39.291339385428579 ] } },
{ "type": "Feature", "properties": { "surname": "Magill", "given": "Jos. porter", "occupation": "", "house_no": 3, "street_raw": "Haw", "street_matched": "HAW", "side": "", "confidence": "street_proportional", "anchors_on_street": 0 }, "geometry": { "type": "Point", "coordinates": [ -76.625108411433487, 39.284720159467234 ] } },
{ "type": "Feature", "properties": { "surname": "Malioney", "given": "Benj. laborer", "occupation": "", "house_no": 27, "street_raw": "French", "street_matched": "WATER", "side": "", "confidence": "street_proportional", "anchors_on_street": 0 }, "geometry": { "type": "Point", "coordinates": [ -76.607544860594345, 39.288666156689764 ] } },
{ "type": "Feature", "properties": { "surname": "Malone", "given": "Nathaniel'", "occupation": "", "house_no": 219, "street_raw": "Biddle", "street_matched": "BIDDLE, (W)", "side": "left", "confidence": "bracketed", "anchors_on_street": 11 }, "geometry": { "type": "Point", "coordinates": [ -76.625351099536033, 39.297456233623173 ] } },
{ "type": "Feature", "properties": { "surname": "Mansis", "given": "Susan", "occupation": "washer", "house_no": 41, "street_raw": "Chatsworth", "street_matched": "MYRTLE", "side": "", "confidence": "street_proportional", "anchors_on_street": 0 }, "geometry": { "type": "Point", "coordinates": [ -76.635866584561469, 39.301652638672316 ] } },
{ "type": "Feature", "properties": { "surname": "Marberry", "given": "Luke", "occupation": "waiter", "house_no": 16, "street_raw": "Marion", "street_matched": "MARION", "side": "", "confidence": "street_proportional", "anchors_on_street": 0 }, "geometry": { "type": "Point", "coordinates": [ -76.619971210643556, 39.290943175335556 ] } },
{ "type": "Feature", "properties": { "surname": "Marshall", "given": "Ann", "occupation": "", "house_no": 17, "street_raw": "State", "street_matched": "STATE", "side": "", "confidence": "street_proportional", "anchors_on_street": 0 }, "geometry": { "type": "Point", "coordinates": [ -76.620359410285928, 39.294322135438343 ] } },
{ "type": "Feature", "properties": { "surname": "Marshall", "given": "Chas. coachman", "occupation": "", "house_no": 6, "street_raw": "Ross", "street_matched": "ROSS", "side": "right", "confidence": "bracketed", "anchors_on_street": 8 }, "geometry": { "type": "Point", "coordinates": [ -76.620155561715293, 39.296660769788197 ] } },
{ "type": "Feature", "properties": { "surname": "Martin", "given": "Henry W. porter", "occupation": "", "house_no": 19, "street_raw": "Vine", "street_matched": "VINE", "side": "", "confidence": "street_proportional", "anchors_on_street": 0 }, "geometry": { "type": "Point", "coordinates": [ -76.627928460771273, 39.290651992822326 ] } },
{ "type": "Feature", "properties": { "surname": "Martin", "given": "John", "occupation": "", "house_no": 135, "street_raw": "Happy al", "street_matched": "DURHAM (S)", "side": "left", "confidence": "bracketed", "anchors_on_street": 9 }, "geometry": { "type": "Point", "coordinates": [ -76.590867372667844, 39.288073755100271 ] } },
{ "type": "Feature", "properties": { "surname": "Martin", "given": "Luther", "occupation": "sawyer", "house_no": 37, "street_raw": "Welcome al", "street_matched": "WELCOME", "side": "", "confidence": "street_proportional", "anchors_on_street": 0 }, "geometry": { "type": "Point", "coordinates": [ -76.616961969758421, 39.282604319259576 ] } },
{ "type": "Feature", "properties": { "surname": "Martin", "given": "Montel", "occupation": "laborer", "house_no": 247, "street_raw": "Franklin", "street_matched": "FRANKLIN", "side": "left", "confidence": "bracketed", "anchors_on_street": 16 }, "geometry": { "type": "Point", "coordinates": [ -76.628706263284514, 39.294560241284458 ] } },
{ "type": "Feature", "properties": { "surname": "Mason", "given": "Albert", "occupation": "", "house_no": 49, "street_raw": "Forest", "street_matched": "FORREST", "side": "", "confidence": "street_proportional", "anchors_on_street": 0 }, "geometry": { "type": "Point", "coordinates": [ -76.60771623850043, 39.300042080626376 ] } },
{ "type": "Feature", "properties": { "surname": "Mason", "given": "Barton", "occupation": "sailor", "house_no": 112, "street_raw": "Dallas", "street_matched": "DALLAS (S)", "side": "left", "confidence": "bracketed", "anchors_on_street": 9 }, "geometry": { "type": "Point", "coordinates": [ -76.596203159507212, 39.288139792761555 ] } },
{ "type": "Feature", "properties": { "surname": "Mason", "given": "James", "occupation": "of steamboat", "house_no": 23, "street_raw": "Welcome al", "street_matched": "WELCOME", "side": "", "confidence": "street_proportional", "anchors_on_street": 0 }, "geometry": { "type": "Point", "coordinates": [ -76.615433401938063, 39.282659028736447 ] } },
{ "type": "Feature", "properties": { "surname": "Mason", "given": "John", "occupation": "steamboat man", "house_no": 32, "street_raw": "Hill", "street_matched": "HILL", "side": "left", "confidence": "bracketed", "anchors_on_street": 5 }, "geometry": { "type": "Point", "coordinates": [ -76.614067034244201, 39.281028125617155 ] } },
{ "type": "Feature", "properties": { "surname": "Mason", "given": "Joseph", "occupation": "stevadore", "house_no": 5, "street_raw": "Haw", "street_matched": "HAW", "side": "", "confidence": "street_proportional", "anchors_on_street": 0 }, "geometry": { "type": "Point", "coordinates": [ -76.625573543797159, 39.284701656757385 ] } },
{ "type": "Feature", "properties": { "surname": "Mason", "given": "Rachel", "occupation": "washer", "house_no": 9, "street_raw": "Inloes al", "street_matched": "INLOES", "side": "", "confidence": "street_proportional", "anchors_on_street": 0 }, "geometry": { "type": "Point", "coordinates": [ -76.618597303374344, 39.294292399626713 ] } },
{ "type": "Feature", "properties": { "surname": "Mason", "given": "Thos. sawyer", "occupation": "", "house_no": 6, "street_raw": "Inloes al", "street_matched": "INLOES", "side": "", "confidence": "street_proportional", "anchors_on_street": 0 }, "geometry": { "type": "Point", "coordinates": [ -76.618214313787945, 39.294307304455046 ] } },
{ "type": "Feature", "properties": { "surname": "Matthews", "given": "Henry", "occupation": "furniture carter", "house_no": 10, "street_raw": "State", "street_matched": "STATE", "side": "", "confidence": "street_proportional", "anchors_on_street": 0 }, "geometry": { "type": "Point", "coordinates": [ -76.620377929472795, 39.294627757978787 ] } },
{ "type": "Feature", "properties": { "surname": "Matthews", "given": "Henry", "occupation": "porter", "house_no": 167, "street_raw": "Sarah Ann", "street_matched": "SARAH ANN", "side": "", "confidence": "street_proportional", "anchors_on_street": 0 }, "geometry": { "type": "Point", "coordinates": [ -76.630599929503603, 39.293108923079544 ] } },
{ "type": "Feature", "properties": { "surname": "Matthews", "given": "James H. sawyer", "occupation": "", "house_no": 108, "street_raw": "n Canal", "street_matched": "CANAL", "side": "", "confidence": "street_proportional", "anchors_on_street": 0 }, "geometry": { "type": "Point", "coordinates": [ -76.595224990615776, 39.296959107273864 ] } },
{ "type": "Feature", "properties": { "surname": "Matthews", "given": "John", "occupation": "drayman", "house_no": 10, "street_raw": "Peirce", "street_matched": "PIERCE", "side": "", "confidence": "street_proportional", "anchors_on_street": 0 }, "geometry": { "type": "Point", "coordinates": [ -76.633684805171896, 39.293868147648183 ] } },
{ "type": "Feature", "properties": { "surname": "Matthews", "given": "Martha", "occupation": "", "house_no": 26, "street_raw": "Union", "street_matched": "COLVIN", "side": "", "confidence": "street_proportional", "anchors_on_street": 0 }, "geometry": { "type": "Point", "coordinates": [ -76.606203356541542, 39.295308965138091 ] } },
{ "type": "Feature", "properties": { "surname": "Matthews", "given": "Samuel", "occupation": "laborer", "house_no": 7, "street_raw": "s Green", "street_matched": "EXETER", "side": "left", "confidence": "bracketed", "anchors_on_street": 9 }, "geometry": { "type": "Point", "coordinates": [ -76.602697966748039, 39.28974545472412 ] } },
{ "type": "Feature", "properties": { "surname": "Matthews", "given": "Samuel", "occupation": "laborer", "house_no": 59, "street_raw": "Biddle al", "street_matched": "BIDDLE, (W)", "side": "right", "confidence": "bracketed", "anchors_on_street": 11 }, "geometry": { "type": "Point", "coordinates": [ -76.620008486874454, 39.301929714834316 ] } },
{ "type": "Feature", "properties": { "surname": "Matthews", "given": "Wm. porter", "occupation": "]0l Pine Matthews Wm. J. C. whitewashes cor", "house_no": 116, "street_raw": "Saratoga", "street_matched": "SARATOGA", "side": "left", "confidence": "extrapolated", "anchors_on_street": 16 }, "geometry": { "type": "Point", "coordinates": [ -76.62388484106431, 39.29281628110099 ] } },
{ "type": "Feature", "properties": { "surname": "Matthews", "given": "Wm. waiter", "occupation": "", "house_no": 116, "street_raw": "Sarah Ann", "street_matched": "SARAH ANN", "side": "", "confidence": "street_proportional", "anchors_on_street": 0 }, "geometry": { "type": "Point", "coordinates": [ -76.628806534848522, 39.293118771990287 ] } },
{ "type": "Feature", "properties": { "surname": "Maxfield", "given": "John", "occupation": "laborer", "house_no": 50, "street_raw": "Park", "street_matched": "PARK", "side": "left", "confidence": "bracketed", "anchors_on_street": 9 }, "geometry": { "type": "Point", "coordinates": [ -76.618104602588488, 39.292520477658769 ] } },
{ "type": "Feature", "properties": { "surname": "Mays", "given": "Henry", "occupation": "caulker", "house_no": 93, "street_raw": "Dallas", "street_matched": "DALLAS (S)", "side": "left", "confidence": "bracketed", "anchors_on_street": 9 }, "geometry": { "type": "Point", "coordinates": [ -76.596236719061778, 39.288694766978445 ] } },
{ "type": "Feature", "properties": { "surname": "Meads", "given": "Stephen", "occupation": "mariner", "house_no": 167, "street_raw": "Dallas", "street_matched": "DALLAS (S)", "side": "left", "confidence": "bracketed", "anchors_on_street": 9 }, "geometry": { "type": "Point", "coordinates": [ -76.596079426210864, 39.286093632844576 ] } },
{ "type": "Feature", "properties": { "surname": "Meads", "given": "Zachariah", "occupation": "drayman", "house_no": 134, "street_raw": "St. Paul", "street_matched": "PAUL", "side": "", "confidence": "street_proportional", "anchors_on_street": 0 }, "geometry": { "type": "Point", "coordinates": [ -76.613796791768308, 39.296159233422422 ] } },
{ "type": "Feature", "properties": { "surname": "Meeks", "given": "Sarah", "occupation": "", "house_no": 30, "street_raw": "Bethel", "street_matched": "BETHEL, (S)", "side": "left", "confidence": "bracketed", "anchors_on_street": 9 }, "geometry": { "type": "Point", "coordinates": [ -76.594815855276636, 39.290463910719147 ] } },
{ "type": "Feature", "properties": { "surname": "Melious", "given": "Alex", "occupation": "barber", "house_no": 6, "street_raw": "Neighbor St", "street_matched": "CHEW", "side": "left", "confidence": "bracketed", "anchors_on_street": 9 }, "geometry": { "type": "Point", "coordinates": [ -76.604299571377311, 39.300098123580199 ] } },
{ "type": "Feature", "properties": { "surname": "Merrit", "given": "Geo. sawyer", "occupation": "", "house_no": 89, "street_raw": "Stirling", "street_matched": "STIRLING", "side": "", "confidence": "street_proportional", "anchors_on_street": 0 }, "geometry": { "type": "Point", "coordinates": [ -76.602747892942148, 39.30152463542175 ] } },
{ "type": "Feature", "properties": { "surname": "Mickens", "given": "Susan", "occupation": "washer", "house_no": 108, "street_raw": "Dugan's wharf", "street_matched": "DUGAN'S", "side": "", "confidence": "street_proportional", "anchors_on_street": 0 }, "geometry": { "type": "Point", "coordinates": [ -76.606757843367305, 39.285438749059544 ] } },
{ "type": "Feature", "properties": { "surname": "Millhurn", "given": "Ann E. washer", "occupation": "", "house_no": 34, "street_raw": "Harmony lane", "street_matched": "FORREST", "side": "", "confidence": "street_proportional", "anchors_on_street": 0 }, "geometry": { "type": "Point", "coordinates": [ -76.607821963656392, 39.300439799494129 ] } },
{ "type": "Feature", "properties": { "surname": "MiHer", "given": "Asbury", "occupation": "caulker", "house_no": 252, "street_raw": "Happy al", "street_matched": "DURHAM (S)", "side": "right", "confidence": "bracketed", "anchors_on_street": 9 }, "geometry": { "type": "Point", "coordinates": [ -76.590613697885075, 39.284394512928159 ] } },
{ "type": "Feature", "properties": { "surname": "Miller", "given": "Emory", "occupation": "carter", "house_no": 92, "street_raw": "Lee", "street_matched": "LEE", "side": "left", "confidence": "bracketed", "anchors_on_street": 7 }, "geometry": { "type": "Point", "coordinates": [ -76.61700773933056, 39.282050839575469 ] } },
{ "type": "Feature", "properties": { "surname": "Miller", "given": "Rebecca", "occupation": "", "house_no": 104, "street_raw": "s Spring", "street_matched": "SPRING (S.)", "side": "left", "confidence": "bracketed", "anchors_on_street": 8 }, "geometry": { "type": "Point", "coordinates": [ -76.597701692978347, 39.287945241281477 ] } },
{ "type": "Feature", "properties": { "surname": "Milligan", "given": "Moses", "occupation": "", "house_no": 32, "street_raw": "Perry", "street_matched": "PERRY", "side": "", "confidence": "street_proportional", "anchors_on_street": 0 }, "geometry": { "type": "Point", "coordinates": [ -76.614477945233673, 39.284953632475286 ] } },
{ "type": "Feature", "properties": { "surname": "Mills", "given": "Charily", "occupation": "washer, 49 Welcome al M 1 s Geo. wlnthewasher", "house_no": 225, "street_raw": "Ensor", "street_matched": "ENSOR", "side": "", "confidence": "street_proportional", "anchors_on_street": 0 }, "geometry": { "type": "Point", "coordinates": [ -76.603607723395726, 39.304708781988225 ] } },
{ "type": "Feature", "properties": { "surname": "Alills", "given": "Henry", "occupation": "lohorer", "house_no": 39, "street_raw": "Forest", "street_matched": "FORREST", "side": "", "confidence": "street_proportional", "anchors_on_street": 0 }, "geometry": { "type": "Point", "coordinates": [ -76.607786721805994, 39.300307226554068 ] } },
{ "type": "Feature", "properties": { "surname": "Mills", "given": "Robert", "occupation": "stevadore", "house_no": 195, "street_raw": "Happy al", "street_matched": "DURHAM (S)", "side": "left", "confidence": "bracketed", "anchors_on_street": 9 }, "geometry": { "type": "Point", "coordinates": [ -76.590747099477468, 39.286211281952092 ] } },
{ "type": "Feature", "properties": { "surname": "Mills", "given": "Thomas", "occupation": "laborer", "house_no": 174, "street_raw": "Happy al", "street_matched": "DURHAM (S)", "side": "left", "confidence": "bracketed", "anchors_on_street": 9 }, "geometry": { "type": "Point", "coordinates": [ -76.59079665265692, 39.286940332718778 ] } },
{ "type": "Feature", "properties": { "surname": "Miner", "given": "Edwd. laborer", "occupation": "", "house_no": 65, "street_raw": "Jasper", "street_matched": "JASPER", "side": "", "confidence": "street_proportional", "anchors_on_street": 0 }, "geometry": { "type": "Point", "coordinates": [ -76.621934342231057, 39.294447775685605 ] } },
{ "type": "Feature", "properties": { "surname": "Mingo", "given": "Rev. Elsey R. teacher", "occupation": "", "house_no": 99, "street_raw": "Hill", "street_matched": "HILL", "side": "left", "confidence": "bracketed", "anchors_on_street": 5 }, "geometry": { "type": "Point", "coordinates": [ -76.616911968986855, 39.280940668350631 ] } },
{ "type": "Feature", "properties": { "surname": "Milchel", "given": "Anthony", "occupation": "In borer", "house_no": 20, "street_raw": "Dallas", "street_matched": "DALLAS (S)", "side": "left", "confidence": "bracketed", "anchors_on_street": 9 }, "geometry": { "type": "Point", "coordinates": [ -76.59637299355505, 39.290948303366754 ] } },
{ "type": "Feature", "properties": { "surname": "Milchel", "given": "Elisha", "occupation": "sawyer", "house_no": 92, "street_raw": "Lancaster", "street_matched": "LANCASTER", "side": "", "confidence": "street_proportional", "anchors_on_street": 0 }, "geometry": { "type": "Point", "coordinates": [ -76.602577124338396, 39.282206225188936 ] } },
{ "type": "Feature", "properties": { "surname": "Milchel", "given": "Emanuel", "occupation": "shoe maker", "house_no": 88, "street_raw": "Henrietta", "street_matched": "HENRIETTA", "side": "", "confidence": "street_proportional", "anchors_on_street": 0 }, "geometry": { "type": "Point", "coordinates": [ -76.612626795351375, 39.279063666737493 ] } },
{ "type": "Feature", "properties": { "surname": "Mitchel", "given": "Richd. laborer", "occupation": "", "house_no": 13, "street_raw": "Welcome at", "street_matched": "WELCOME", "side": "", "confidence": "street_proportional", "anchors_on_street": 0 }, "geometry": { "type": "Point", "coordinates": [ -76.614341527181907, 39.282697418547599 ] } },
{ "type": "Feature", "properties": { "surname": "Moale", "given": "Charlotte", "occupation": "", "house_no": 52, "street_raw": "n High", "street_matched": "HIGH (N)", "side": "left", "confidence": "bracketed", "anchors_on_street": 5 }, "geometry": { "type": "Point", "coordinates": [ -76.605015928058378, 39.291906138407448 ] } },
{ "type": "Feature", "properties": { "surname": "Monia", "given": "Wm. huckster", "occupation": "", "house_no": 43, "street_raw": "Douglass", "street_matched": "LEXINGTON", "side": "left", "confidence": "extrapolated", "anchors_on_street": 21 }, "geometry": { "type": "Point", "coordinates": [ -76.615245353193259, 39.291065717826946 ] } },
{ "type": "Feature", "properties": { "surname": "Montgomery", "given": "Jas. barber", "occupation": "", "house_no": 76, "street_raw": "s Charles", "street_matched": "CHARLES (S.)", "side": "left", "confidence": "bracketed", "anchors_on_street": 12 }, "geometry": { "type": "Point", "coordinates": [ -76.614885464851383, 39.286525055034915 ] } },
{ "type": "Feature", "properties": { "surname": "Montgomery", "given": "Martin", "occupation": "", "house_no": 194, "street_raw": "s Spring", "street_matched": "SPRING (S.)", "side": "left", "confidence": "extrapolated", "anchors_on_street": 8 }, "geometry": { "type": "Point", "coordinates": [ -76.597460749311594, 39.284133846089013 ] } },
{ "type": "Feature", "properties": { "surname": "Montgomery", "given": "Matilda", "occupation": "", "house_no": 80, "street_raw": "Spring", "street_matched": "SPRING (S.)", "side": "left", "confidence": "bracketed", "anchors_on_street": 8 }, "geometry": { "type": "Point", "coordinates": [ -76.597737227285393, 39.288507344377024 ] } },
{ "type": "Feature", "properties": { "surname": "Montgomery", "given": "Rachel", "occupation": "", "house_no": 35, "street_raw": "Argyle a!", "street_matched": "ARGYLE", "side": "", "confidence": "street_proportional", "anchors_on_street": 0 }, "geometry": { "type": "Point", "coordinates": [ -76.63209911098447, 39.300000495008909 ] } },
{ "type": "Feature", "properties": { "surname": "Mooers", "given": "Cha's. H- shoe maker", "occupation": "", "house_no": 18, "street_raw": "Jasper", "street_matched": "JASPER", "side": "", "confidence": "street_proportional", "anchors_on_street": 0 }, "geometry": { "type": "Point", "coordinates": [ -76.622069458478478, 39.296545504558921 ] } },
{ "type": "Feature", "properties": { "surname": "Moore", "given": "Emory", "occupation": "drayman", "house_no": 20, "street_raw": "Wayne", "street_matched": "WAYNE", "side": "", "confidence": "street_proportional", "anchors_on_street": 0 }, "geometry": { "type": "Point", "coordinates": [ -76.618696708562126, 39.283496143381917 ] } },
{ "type": "Feature", "properties": { "surname": "Moore", "given": "G. sailor", "occupation": "", "house_no": 16, "street_raw": "Forest", "street_matched": "FORREST", "side": "", "confidence": "street_proportional", "anchors_on_street": 0 }, "geometry": { "type": "Point", "coordinates": [ -76.607947981333709, 39.300917198381313 ] } },
{ "type": "Feature", "properties": { "surname": "Moore", "given": "Geo. caulker", "occupation": "", "house_no": 1, "street_raw": "Forest", "street_matched": "FORREST", "side": "", "confidence": "street_proportional", "anchors_on_street": 0 }, "geometry": { "type": "Point", "coordinates": [ -76.608052789869163, 39.301315063777345 ] } },
{ "type": "Feature", "properties": { "surname": "Moore", "given": "Hannibal", "occupation": "laborer", "house_no": 47, "street_raw": "Caroline", "street_matched": "CAROLINE (S.)", "side": "left", "confidence": "bracketed", "anchors_on_street": 10 }, "geometry": { "type": "Point", "coordinates": [ -76.597047746304042, 39.289709629315453 ] } },
{ "type": "Feature", "properties": { "surname": "Moore", "given": "John C. dravman", "occupation": "", "house_no": 49, "street_raw": "Ross", "street_matched": "ROSS", "side": "left", "confidence": "bracketed", "anchors_on_street": 8 }, "geometry": { "type": "Point", "coordinates": [ -76.622732758214568, 39.297397570382891 ] } },
{ "type": "Feature", "properties": { "surname": "Moore", "given": "John", "occupation": "caulker", "house_no": 146, "street_raw": "Bethel", "street_matched": "BETHEL, (S)", "side": "left", "confidence": "bracketed", "anchors_on_street": 9 }, "geometry": { "type": "Point", "coordinates": [ -76.59449423998079, 39.285970433341596 ] } },
{ "type": "Feature", "properties": { "surname": "Moore", "given": "Llovd", "occupation": "coachman", "house_no": 49, "street_raw": "L. Sharp", "street_matched": "SHARP, (S)", "side": "left", "confidence": "extrapolated", "anchors_on_street": 5 }, "geometry": { "type": "Point", "coordinates": [ -76.617515642871879, 39.280923535799914 ] } },
{ "type": "Feature", "properties": { "surname": "Moore", "given": "Moses", "occupation": "", "house_no": 106, "street_raw": "Tyson", "street_matched": "TYSON", "side": "", "confidence": "street_proportional", "anchors_on_street": 0 }, "geometry": { "type": "Point", "coordinates": [ -76.619243641564751, 39.298466464268586 ] } },
{ "type": "Feature", "properties": { "surname": "Moore", "given": "Wm. miller", "occupation": "", "house_no": 61, "street_raw": "i Davis", "street_matched": "DAVIS", "side": "", "confidence": "street_proportional", "anchors_on_street": 0 }, "geometry": { "type": "Point", "coordinates": [ -76.612106735556452, 39.293883511528435 ] } },
{ "type": "Feature", "properties": { "surname": "Moore", "given": "Wm. rope maker", "occupation": "", "house_no": 112, "street_raw": "Holliday", "street_matched": "HOLLIDAY", "side": "", "confidence": "street_proportional", "anchors_on_street": 0 }, "geometry": { "type": "Point", "coordinates": [ -76.61078527493153, 39.298789293110033 ] } },
{ "type": "Feature", "properties": { "surname": "Morgan", "given": "Augustus", "occupation": "laborer", "house_no": 32, "street_raw": "St. Mary", "street_matched": "SEMINARY", "side": "", "confidence": "street_proportional", "anchors_on_street": 0 }, "geometry": { "type": "Point", "coordinates": [ -76.623950652117244, 39.295406749977644 ] } },
{ "type": "Feature", "properties": { "surname": "Morgan", "given": "John", "occupation": "sailor", "house_no": 18, "street_raw": "Forest", "street_matched": "FORREST", "side": "", "confidence": "street_proportional", "anchors_on_street": 0 }, "geometry": { "type": "Point", "coordinates": [ -76.60793400695114, 39.300864149651183 ] } },
{ "type": "Feature", "properties": { "surname": "Morgan", "given": "Jas. ship carpenter", "occupation": "", "house_no": 143, "street_raw": "Dallas", "street_matched": "DALLAS (S)", "side": "left", "confidence": "bracketed", "anchors_on_street": 9 }, "geometry": { "type": "Point", "coordinates": [ -76.596136768682626, 39.287041887472775 ] } },
{ "type": "Feature", "properties": { "surname": "Morgan", "given": "Saml. steward", "occupation": "", "house_no": 163, "street_raw": "w Lombard", "street_matched": "LOMBARD, (W)", "side": "left", "confidence": "extrapolated", "anchors_on_street": 8 }, "geometry": { "type": "Point", "coordinates": [ -76.6278169831551, 39.287030180865059 ] } },
{ "type": "Feature", "properties": { "surname": "Morgan", "given": "Thos. laborer", "occupation": "", "house_no": 64, "street_raw": "Tyson", "street_matched": "TYSON", "side": "", "confidence": "street_proportional", "anchors_on_street": 0 }, "geometry": { "type": "Point", "coordinates": [ -76.61930185884178, 39.2993673629217 ] } },
{ "type": "Feature", "properties": { "surname": "Morgan", "given": "Win. porter", "occupation": "", "house_no": 16, "street_raw": "State", "street_matched": "STATE", "side": "", "confidence": "street_proportional", "anchors_on_street": 0 }, "geometry": { "type": "Point", "coordinates": [ -76.620362055841284, 39.29436579580436 ] } },
{ "type": "Feature", "properties": { "surname": "Morris", "given": "Delia", "occupation": "washer", "house_no": 100, "street_raw": "Jasper", "street_matched": "JASPER", "side": "", "confidence": "street_proportional", "anchors_on_street": 0 }, "geometry": { "type": "Point", "coordinates": [ -76.621833723991045, 39.292885636397699 ] } },
{ "type": "Feature", "properties": { "surname": "Morris", "given": "Jas. ship carpenter", "occupation": "", "house_no": 143, "street_raw": "Dallas", "street_matched": "DALLAS (S)", "side": "left", "confidence": "bracketed", "anchors_on_street": 9 }, "geometry": { "type": "Point", "coordinates": [ -76.596136768682626, 39.287041887472775 ] } },
{ "type": "Feature", "properties": { "surname": "Marrisort", "given": "EJlen", "occupation": "washer", "house_no": 89, "street_raw": "Pearl c*", "street_matched": "PEARL", "side": "", "confidence": "street_proportional", "anchors_on_street": 0 }, "geometry": { "type": "Point", "coordinates": [ -76.624669469252112, 39.292330138353954 ] } },
{ "type": "Feature", "properties": { "surname": "Murphy", "given": "Moses", "occupation": "", "house_no": 6, "street_raw": "Inloes al", "street_matched": "INLOES", "side": "", "confidence": "street_proportional", "anchors_on_street": 0 }, "geometry": { "type": "Point", "coordinates": [ -76.618214313787945, 39.294307304455046 ] } },
{ "type": "Feature", "properties": { "surname": "Murray", "given": "Alex", "occupation": "waiter", "house_no": 29, "street_raw": "Watson", "street_matched": "WATSON", "side": "", "confidence": "street_proportional", "anchors_on_street": 0 }, "geometry": { "type": "Point", "coordinates": [ -76.59955885290529, 39.29078244220721 ] } },
{ "type": "Feature", "properties": { "surname": "Murray", "given": "David", "occupation": "", "house_no": 31, "street_raw": "Watson", "street_matched": "WATSON", "side": "", "confidence": "street_proportional", "anchors_on_street": 0 }, "geometry": { "type": "Point", "coordinates": [ -76.599686654588581, 39.290748905004655 ] } },
{ "type": "Feature", "properties": { "surname": "Murray", "given": "Debora", "occupation": "", "house_no": 177, "street_raw": "Happy al", "street_matched": "DURHAM (S)", "side": "left", "confidence": "bracketed", "anchors_on_street": 9 }, "geometry": { "type": "Point", "coordinates": [ -76.590789755315484, 39.286831448232917 ] } },
{ "type": "Feature", "properties": { "surname": "Murray", "given": "Francis", "occupation": "laborer", "house_no": 182, "street_raw": "s Caroline", "street_matched": "CAROLINE (S.)", "side": "left", "confidence": "bracketed", "anchors_on_street": 10 }, "geometry": { "type": "Point", "coordinates": [ -76.596803804333376, 39.286125361095927 ] } },
{ "type": "Feature", "properties": { "surname": "Murray", "given": "George", "occupation": "or McElderry st. continued", "house_no": 74, "street_raw": "Bank lane", "street_matched": "BANK", "side": "left", "confidence": "bracketed", "anchors_on_street": 11 }, "geometry": { "type": "Point", "coordinates": [ -76.595232958700791, 39.28652419414842 ] } },
{ "type": "Feature", "properties": { "surname": "Murray", "given": "James", "occupation": "blacksmith", "house_no": 31, "street_raw": "East", "street_matched": "EAST", "side": "", "confidence": "street_proportional", "anchors_on_street": 0 }, "geometry": { "type": "Point", "coordinates": [ -76.57336319299985, 39.305892807582978 ] } },
{ "type": "Feature", "properties": { "surname": "Murray", "given": "John", "occupation": "", "house_no": 3, "street_raw": "Star al", "street_matched": "CHAPEL", "side": "", "confidence": "street_proportional", "anchors_on_street": 0 }, "geometry": { "type": "Point", "coordinates": [ -76.589904672908091, 39.292993592114527 ] } },
{ "type": "Feature", "properties": { "surname": "Myers", "given": "Capt. Daniel", "occupation": "mariner", "house_no": 80, "street_raw": "Bank st", "street_matched": "BANK", "side": "left", "confidence": "bracketed", "anchors_on_street": 11 }, "geometry": { "type": "Point", "coordinates": [ -76.594713409254823, 39.286547353095941 ] } },
{ "type": "Feature", "properties": { "surname": "Myers", "given": "Fredk. waiter", "occupation": "", "house_no": 20, "street_raw": "Clay", "street_matched": "CLAY", "side": "", "confidence": "street_proportional", "anchors_on_street": 0 }, "geometry": { "type": "Point", "coordinates": [ -76.616969145124514, 39.292316461818338 ] } },
{ "type": "Feature", "properties": { "surname": "Mvers", "given": "Henrietta", "occupation": "", "house_no": 31, "street_raw": "Short", "street_matched": "SHORT", "side": "", "confidence": "street_proportional", "anchors_on_street": 0 }, "geometry": { "type": "Point", "coordinates": [ -76.598129884002418, 39.295866528725362 ] } },
{ "type": "Feature", "properties": { "surname": "Myers", "given": "Jacob", "occupation": "laborer", "house_no": 2, "street_raw": "Temple", "street_matched": "TEMPLE", "side": "", "confidence": "street_proportional", "anchors_on_street": 0 }, "geometry": { "type": "Point", "coordinates": [ -76.604142525412414, 39.291201242199875 ] } },
{ "type": "Feature", "properties": { "surname": "Myers", "given": "Jno. laborer", "occupation": "", "house_no": 161, "street_raw": "Happy al", "street_matched": "DURHAM (S)", "side": "left", "confidence": "bracketed", "anchors_on_street": 9 }, "geometry": { "type": "Point", "coordinates": [ -76.590826541381162, 39.287412165445446 ] } },
{ "type": "Feature", "properties": { "surname": "Mvers", "given": "Jere. hand carter", "occupation": "", "house_no": 18, "street_raw": "Vine", "street_matched": "VINE", "side": "", "confidence": "street_proportional", "anchors_on_street": 0 }, "geometry": { "type": "Point", "coordinates": [ -76.627769716754898, 39.29065820005831 ] } },
{ "type": "Feature", "properties": { "surname": "Myers", "given": "Samuel", "occupation": "coachman", "house_no": 2, "street_raw": "Vine", "street_matched": "VINE", "side": "", "confidence": "street_proportional", "anchors_on_street": 0 }, "geometry": { "type": "Point", "coordinates": [ -76.62522981083238, 39.290757519361584 ] } },
{ "type": "Feature", "properties": { "surname": "Nail", "given": "Elizabeth", "occupation": "washer", "house_no": 84, "street_raw": "Stirling", "street_matched": "STIRLING", "side": "", "confidence": "street_proportional", "anchors_on_street": 0 }, "geometry": { "type": "Point", "coordinates": [ -76.602714666846524, 39.301605853752704 ] } },
{ "type": "Feature", "properties": { "surname": "Nathan", "given": "Elizabeth", "occupation": "washer", "house_no": 117, "street_raw": "Hamilton", "street_matched": "HAMILTON", "side": "", "confidence": "street_proportional", "anchors_on_street": 0 }, "geometry": { "type": "Point", "coordinates": [ -76.618289262672235, 39.295527962343456 ] } },
{ "type": "Feature", "properties": { "surname": "Naylor", "given": "John", "occupation": "drayman", "house_no": 9, "street_raw": "Welcome al", "street_matched": "WELCOME", "side": "", "confidence": "street_proportional", "anchors_on_street": 0 }, "geometry": { "type": "Point", "coordinates": [ -76.613904752371141, 39.282712347247191 ] } },
{ "type": "Feature", "properties": { "surname": "Neal", "given": "Abin. carter", "occupation": "", "house_no": 39, "street_raw": "Union", "street_matched": "COLVIN", "side": "", "confidence": "street_proportional", "anchors_on_street": 0 }, "geometry": { "type": "Point", "coordinates": [ -76.605302747582201, 39.294546447606734 ] } },
{ "type": "Feature", "properties": { "surname": "NVa) John", "given": "carter", "occupation": "25 Argyle al pjeal Wm- L borer", "house_no": 10, "street_raw": "Tyson al", "street_matched": "TYSON", "side": "", "confidence": "street_proportional", "anchors_on_street": 0 }, "geometry": { "type": "Point", "coordinates": [ -76.619376711799646, 39.300525660788452 ] } },
{ "type": "Feature", "properties": { "surname": "Netter", "given": "Joseph", "occupation": "", "house_no": 29, "street_raw": "Tyson", "street_matched": "TYSON", "side": "", "confidence": "street_proportional", "anchors_on_street": 0 }, "geometry": { "type": "Point", "coordinates": [ -76.619350374369034, 39.300118111590585 ] } },
{ "type": "Feature", "properties": { "surname": "Netter", "given": "Samuel", "occupation": "waiter", "house_no": 80, "street_raw": "Conway", "street_matched": "CONWAY", "side": "", "confidence": "street_proportional", "anchors_on_street": 0 }, "geometry": { "type": "Point", "coordinates": [ -76.618412653120714, 39.284012099081501 ] } },
{ "type": "Feature", "properties": { "surname": "Newton", "given": "Sergeant", "occupation": "", "house_no": 33, "street_raw": "State", "street_matched": "STATE", "side": "", "confidence": "street_proportional", "anchors_on_street": 0 }, "geometry": { "type": "Point", "coordinates": [ -76.620317082047521, 39.293623569488801 ] } },
{ "type": "Feature", "properties": { "surname": "Nichols", "given": "Fanny", "occupation": "washer", "house_no": 72, "street_raw": "Davis", "street_matched": "DAVIS", "side": "", "confidence": "street_proportional", "anchors_on_street": 0 }, "geometry": { "type": "Point", "coordinates": [ -76.612191150473976, 39.295214848420983 ] } },
{ "type": "Feature", "properties": { "surname": "Nichols", "given": "Helm. drayman", "occupation": "", "house_no": 12, "street_raw": "Williamson al", "street_matched": "WILLIAMSON", "side": "", "confidence": "street_proportional", "anchors_on_street": 0 }, "geometry": { "type": "Point", "coordinates": [ -76.612242199354441, 39.278559246527998 ] } },
{ "type": "Feature", "properties": { "surname": "Nicholson", "given": "Chas. H. laborer", "occupation": "", "house_no": 24, "street_raw": "Spring", "street_matched": "SPRING (S.)", "side": "left", "confidence": "bracketed", "anchors_on_street": 8 }, "geometry": { "type": "Point", "coordinates": [ -76.597838013835741, 39.29010168095332 ] } },
{ "type": "Feature", "properties": { "surname": "Nicholson", "given": "Chas. sea map", "occupation": "", "house_no": 98, "street_raw": "Low", "street_matched": "LOW", "side": "", "confidence": "street_proportional", "anchors_on_street": 0 }, "geometry": { "type": "Point", "coordinates": [ -76.604806359124439, 39.294345664122169 ] } },
{ "type": "Feature", "properties": { "surname": "Nicholson", "given": "Francis", "occupation": "ostler", "house_no": 6, "street_raw": "Painter's court", "street_matched": "PAINTERS", "side": "", "confidence": "street_proportional", "anchors_on_street": 0 }, "geometry": { "type": "Point", "coordinates": [ -76.602970989452274, 39.291037309990323 ] } },
{ "type": "Feature", "properties": { "surname": "Nicholson", "given": "Nicholas", "occupation": "laborer", "house_no": 93, "street_raw": "Burgundy al", "street_matched": "BURGUNDY", "side": "", "confidence": "street_proportional", "anchors_on_street": 0 }, "geometry": { "type": "Point", "coordinates": [ -76.627820283133701, 39.276390021966968 ] } },
{ "type": "Feature", "properties": { "surname": "Nicholson", "given": "Susan", "occupation": "washer", "house_no": 2, "street_raw": "Tyson al", "street_matched": "TYSON", "side": "", "confidence": "street_proportional", "anchors_on_street": 0 }, "geometry": { "type": "Point", "coordinates": [ -76.619387801334668, 39.300697260433964 ] } },
{ "type": "Feature", "properties": { "surname": "Noel", "given": "John", "occupation": "barber", "house_no": 22, "street_raw": "Marion", "street_matched": "MARION", "side": "", "confidence": "street_proportional", "anchors_on_street": 0 }, "geometry": { "type": "Point", "coordinates": [ -76.621006170328769, 39.290909564165865 ] } },
{ "type": "Feature", "properties": { "surname": "Norris", "given": "Nimrod", "occupation": "laborer", "house_no": 137, "street_raw": "Spring", "street_matched": "SPRING (S.)", "side": "left", "confidence": "bracketed", "anchors_on_street": 8 }, "geometry": { "type": "Point", "coordinates": [ -76.59763541272136, 39.28689678209787 ] } },
{ "type": "Feature", "properties": { "surname": "Nonis", "given": "Wm. engineer", "occupation": "", "house_no": 5, "street_raw": "Union al", "street_matched": "COLVIN", "side": "", "confidence": "street_proportional", "anchors_on_street": 0 }, "geometry": { "type": "Point", "coordinates": [ -76.607658197582282, 39.296540730467811 ] } },
{ "type": "Feature", "properties": { "surname": "Norris", "given": "Wm. laborer", "occupation": "", "house_no": 58, "street_raw": "Peirce", "street_matched": "PIERCE", "side": "", "confidence": "street_proportional", "anchors_on_street": 0 }, "geometry": { "type": "Point", "coordinates": [ -76.631183170588471, 39.293958769920629 ] } },
{ "type": "Feature", "properties": { "surname": "Nutter", "given": "Henry", "occupation": "laborer", "house_no": 51, "street_raw": "Burgundy al", "street_matched": "BURGUNDY", "side": "", "confidence": "street_proportional", "anchors_on_street": 0 }, "geometry": { "type": "Point", "coordinates": [ -76.625884020792256, 39.280455645860712 ] } },
{ "type": "Feature", "properties": { "surname": "O'Doneli", "given": "H. T. tanner", "occupation": "", "house_no": 64, "street_raw": "Davis", "street_matched": "DAVIS", "side": "", "confidence": "street_proportional", "anchors_on_street": 0 }, "geometry": { "type": "Point", "coordinates": [ -76.612129758053698, 39.294246603445409 ] } },
{ "type": "Feature", "properties": { "surname": "Oliver", "given": "Henry", "occupation": "carter", "house_no": 142, "street_raw": "Saratoga", "street_matched": "SARATOGA", "side": "left", "confidence": "extrapolated", "anchors_on_street": 16 }, "geometry": { "type": "Point", "coordinates": [ -76.62388484106431, 39.29281628110099 ] } },
{ "type": "Feature", "properties": { "surname": "Oliver", "given": "Henry", "occupation": "drayman", "house_no": 141, "street_raw": "North", "street_matched": "NORTH", "side": "", "confidence": "street_proportional", "anchors_on_street": 0 }, "geometry": { "type": "Point", "coordinates": [ -76.642791462477732, 39.310074045518022 ] } },
{ "type": "Feature", "properties": { "surname": "Oliver", "given": "Owen", "occupation": "confectioner", "house_no": 217, "street_raw": "Saratoga", "street_matched": "SARATOGA", "side": "right", "confidence": "bracketed", "anchors_on_street": 16 }, "geometry": { "type": "Point", "coordinates": [ -76.625243808629122, 39.292772632118343 ] } },
{ "type": "Feature", "properties": { "surname": "Orem", "given": "Eleanora", "occupation": "", "house_no": 301, "street_raw": "Saratoga", "street_matched": "SARATOGA", "side": "left", "confidence": "bracketed", "anchors_on_street": 16 }, "geometry": { "type": "Point", "coordinates": [ -76.628186595121591, 39.292672831788757 ] } },
{ "type": "Feature", "properties": { "surname": "Owen", "given": "EHen", "occupation": "washer", "house_no": 42, "street_raw": "Tyson", "street_matched": "TYSON", "side": "", "confidence": "street_proportional", "anchors_on_street": 0 }, "geometry": { "type": "Point", "coordinates": [ -76.619332354196175, 39.29983926210717 ] } },
{ "type": "Feature", "properties": { "surname": "Owens", "given": "Fanny", "occupation": "", "house_no": 56, "street_raw": "Forest", "street_matched": "FORREST", "side": "", "confidence": "street_proportional", "anchors_on_street": 0 }, "geometry": { "type": "Point", "coordinates": [ -76.607666900500064, 39.299856478439217 ] } },
{ "type": "Feature", "properties": { "surname": "Owens", "given": "Isaac", "occupation": "brickmaker", "house_no": 117, "street_raw": "York", "street_matched": "YORK", "side": "", "confidence": "street_proportional", "anchors_on_street": 0 }, "geometry": { "type": "Point", "coordinates": [ -76.612366944159589, 39.281438926830205 ] } },
{ "type": "Feature", "properties": { "surname": "Owens", "given": "Jacob", "occupation": "drayman", "house_no": 13, "street_raw": "Vine", "street_matched": "VINE", "side": "", "confidence": "street_proportional", "anchors_on_street": 0 }, "geometry": { "type": "Point", "coordinates": [ -76.626975996256334, 39.290689233020458 ] } },
{ "type": "Feature", "properties": { "surname": "Packs", "given": "Nicholas", "occupation": "nurse", "house_no": 6, "street_raw": "Hamilton", "street_matched": "HAMILTON", "side": "", "confidence": "street_proportional", "anchors_on_street": 0 }, "geometry": { "type": "Point", "coordinates": [ -76.613471726926093, 39.295740312215514 ] } },
{ "type": "Feature", "properties": { "surname": "Palmer", "given": "Geo. drayman", "occupation": "", "house_no": 33, "street_raw": "Johnson", "street_matched": "JOHNSON", "side": "", "confidence": "street_proportional", "anchors_on_street": 0 }, "geometry": { "type": "Point", "coordinates": [ -76.609083038763615, 39.266635651153585 ] } },
{ "type": "Feature", "properties": { "surname": "Panette", "given": "barber", "occupation": "dvv Frederick", "house_no": 63, "street_raw": "n Gay", "street_matched": "GAY, (N)", "side": "right", "confidence": "extrapolated", "anchors_on_street": 9 }, "geometry": { "type": "Point", "coordinates": [ -76.601308965441916, 39.298082117436834 ] } },
{ "type": "Feature", "properties": { "surname": "Parker", "given": "Daniel", "occupation": "laborer", "house_no": 9, "street_raw": "Jew al", "street_matched": "JEW", "side": "", "confidence": "street_proportional", "anchors_on_street": 0 }, "geometry": { "type": "Point", "coordinates": [ -76.621566003871223, 39.291074334944106 ] } },
{ "type": "Feature", "properties": { "surname": "Parker", "given": "Isaac", "occupation": "laborer", "house_no": 41, "street_raw": "Tyson", "street_matched": "TYSON", "side": "", "confidence": "street_proportional", "anchors_on_street": 0 }, "geometry": { "type": "Point", "coordinates": [ -76.619333740358286, 39.299860712068345 ] } },
{ "type": "Feature", "properties": { "surname": "Parker", "given": "Jane", "occupation": "", "house_no": 188, "street_raw": "Eastern av", "street_matched": "EASTERN", "side": "", "confidence": "street_proportional", "anchors_on_street": 0 }, "geometry": { "type": "Point", "coordinates": [ -76.582052875345738, 39.286063805803657 ] } },
{ "type": "Feature", "properties": { "surname": "Parker", "given": "Jesse", "occupation": "laborer", "house_no": 232, "street_raw": "Stirling", "street_matched": "STIRLING", "side": "", "confidence": "street_proportional", "anchors_on_street": 0 }, "geometry": { "type": "Point", "coordinates": [ -76.602741278094555, 39.299092667476117 ] } },
{ "type": "Feature", "properties": { "surname": "Parker", "given": "Minty", "occupation": "washer", "house_no": 60, "street_raw": "Peirce", "street_matched": "PIERCE", "side": "", "confidence": "street_proportional", "anchors_on_street": 0 }, "geometry": { "type": "Point", "coordinates": [ -76.631078939945311, 39.293962616430939 ] } },
{ "type": "Feature", "properties": { "surname": "Parks", "given": "Emanuel", "occupation": "laborer", "house_no": 6, "street_raw": "Union", "street_matched": "COLVIN", "side": "", "confidence": "street_proportional", "anchors_on_street": 0 }, "geometry": { "type": "Point", "coordinates": [ -76.60758891891119, 39.296482074953033 ] } },
{ "type": "Feature", "properties": { "surname": "Parks", "given": "Pris. washer", "occupation": "", "house_no": 136, "street_raw": "Low", "street_matched": "LOW", "side": "", "confidence": "street_proportional", "anchors_on_street": 0 }, "geometry": { "type": "Point", "coordinates": [ -76.606597659984558, 39.292958713164381 ] } },
{ "type": "Feature", "properties": { "surname": "Parks", "given": "Rebecca", "occupation": "washer", "house_no": 18, "street_raw": "Tyson", "street_matched": "TYSON", "side": "", "confidence": "street_proportional", "anchors_on_street": 0 }, "geometry": { "type": "Point", "coordinates": [ -76.619365622318298, 39.300354061133007 ] } },
{ "type": "Feature", "properties": { "surname": "Parks", "given": "Willis", "occupation": "teamster", "house_no": 6, "street_raw": "Hamilton", "street_matched": "HAMILTON", "side": "", "confidence": "street_proportional", "anchors_on_street": 0 }, "geometry": { "type": "Point", "coordinates": [ -76.613471726926093, 39.295740312215514 ] } },
{ "type": "Feature", "properties": { "surname": "Patterson", "given": "Wm", "occupation": "sawyer", "house_no": 138, "street_raw": "Dallas", "street_matched": "DALLAS (S)", "side": "left", "confidence": "bracketed", "anchors_on_street": 9 }, "geometry": { "type": "Point", "coordinates": [ -76.596152064967839, 39.287294833828348 ] } },
{ "type": "Feature", "properties": { "surname": "Payne", "given": "Rev. Daniel A. teacher", "occupation": "", "house_no": 74, "street_raw": "Park", "street_matched": "PARK", "side": "left", "confidence": "bracketed", "anchors_on_street": 9 }, "geometry": { "type": "Point", "coordinates": [ -76.618225245623734, 39.294485350157927 ] } },
{ "type": "Feature", "properties": { "surname": "Peach", "given": "Cltas. laborer", "occupation": "", "house_no": 85, "street_raw": "Stirling", "street_matched": "STIRLING", "side": "", "confidence": "street_proportional", "anchors_on_street": 0 }, "geometry": { "type": "Point", "coordinates": [ -76.602721317396856, 39.301589611150789 ] } },
{ "type": "Feature", "properties": { "surname": "Peach", "given": "Mary", "occupation": "washer", "house_no": 243, "street_raw": "s Charles", "street_matched": "CHARLES (S.)", "side": "left", "confidence": "bracketed", "anchors_on_street": 12 }, "geometry": { "type": "Point", "coordinates": [ -76.614589453849177, 39.279964705284499 ] } },
{ "type": "Feature", "properties": { "surname": "Pearce", "given": "Jno. barber", "occupation": "", "house_no": 296, "street_raw": "Eastern av", "street_matched": "EASTERN", "side": "", "confidence": "street_proportional", "anchors_on_street": 0 }, "geometry": { "type": "Point", "coordinates": [ -76.606093700329367, 39.285013974794055 ] } },
{ "type": "Feature", "properties": { "surname": "Pearce", "given": "Joseph", "occupation": "", "house_no": 88, "street_raw": "Happy al", "street_matched": "DURHAM (S)", "side": "left", "confidence": "bracketed", "anchors_on_street": 9 }, "geometry": { "type": "Point", "coordinates": [ -76.590923088349399, 39.288999753822637 ] } },
{ "type": "Feature", "properties": { "surname": "Peck", "given": "James", "occupation": "laborer", "house_no": 59, "street_raw": "Sarah Ann", "street_matched": "SARAH ANN", "side": "", "confidence": "street_proportional", "anchors_on_street": 0 }, "geometry": { "type": "Point", "coordinates": [ -76.626781992248254, 39.293195145553 ] } },
{ "type": "Feature", "properties": { "surname": "Peck", "given": "Louis", "occupation": "barher", "house_no": 168, "street_raw": "Forest", "street_matched": "FORREST", "side": "", "confidence": "street_proportional", "anchors_on_street": 0 }, "geometry": { "type": "Point", "coordinates": [ -76.605995625640119, 39.297236409633122 ] } },
{ "type": "Feature", "properties": { "surname": "Peirce", "given": "Jas. laborer", "occupation": "", "house_no": 4, "street_raw": "Biddle al", "street_matched": "BIDDLE, (W)", "side": "left", "confidence": "extrapolated", "anchors_on_street": 11 }, "geometry": { "type": "Point", "coordinates": [ -76.618488811082756, 39.3032021750371 ] } },
{ "type": "Feature", "properties": { "surname": "Peters", "given": "Barbara", "occupation": "", "house_no": 40, "street_raw": "Union", "street_matched": "COLVIN", "side": "", "confidence": "street_proportional", "anchors_on_street": 0 }, "geometry": { "type": "Point", "coordinates": [ -76.605233470260103, 39.294487792483835 ] } },
{ "type": "Feature", "properties": { "surname": "Peters", "given": "Rosetta", "occupation": "", "house_no": 95, "street_raw": "East", "street_matched": "EAST", "side": "", "confidence": "street_proportional", "anchors_on_street": 0 }, "geometry": { "type": "Point", "coordinates": [ -76.573462271481532, 39.307790763587398 ] } },
{ "type": "Feature", "properties": { "surname": "Peters", "given": "Solomon", "occupation": "laborer", "house_no": 42, "street_raw": "French", "street_matched": "WATER", "side": "", "confidence": "street_proportional", "anchors_on_street": 0 }, "geometry": { "type": "Point", "coordinates": [ -76.60873942684195, 39.288623907024117 ] } },
{ "type": "Feature", "properties": { "surname": "Peters", "given": "Susan", "occupation": "", "house_no": 122, "street_raw": "n Spring", "street_matched": "SPRING (N.)", "side": "left", "confidence": "bracketed", "anchors_on_street": 3 }, "geometry": { "type": "Point", "coordinates": [ -76.5983501466132, 39.298266615482071 ] } },
{ "type": "Feature", "properties": { "surname": "Petner", "given": "Adam", "occupation": "", "house_no": 9, "street_raw": "Star al", "street_matched": "CHAPEL", "side": "", "confidence": "street_proportional", "anchors_on_street": 0 }, "geometry": { "type": "Point", "coordinates": [ -76.590141923364669, 39.296889830550079 ] } },
{ "type": "Feature", "properties": { "surname": "Phillips", "given": "Ellen", "occupation": "", "house_no": 20, "street_raw": "Sarah Ann", "street_matched": "SARAH ANN", "side": "", "confidence": "street_proportional", "anchors_on_street": 0 }, "geometry": { "type": "Point", "coordinates": [ -76.625396218875281, 39.293239092447415 ] } },
{ "type": "Feature", "properties": { "surname": "Phillips", "given": "James", "occupation": "carter", "house_no": 76, "street_raw": "Lewis", "street_matched": "LEWIS", "side": "", "confidence": "street_proportional", "anchors_on_street": 0 }, "geometry": { "type": "Point", "coordinates": [ -76.600399600402355, 39.296942675366886 ] } },
{ "type": "Feature", "properties": { "surname": "Phillips", "given": "Levin", "occupation": "laborer", "house_no": 92, "street_raw": "Dallas", "street_matched": "DALLAS (S)", "side": "left", "confidence": "bracketed", "anchors_on_street": 9 }, "geometry": { "type": "Point", "coordinates": [ -76.596238485431996, 39.288723976142641 ] } },
{ "type": "Feature", "properties": { "surname": "Phillips", "given": "Lewis", "occupation": "coachman", "house_no": 117, "street_raw": "Sharp", "street_matched": "SHARP, (S)", "side": "left", "confidence": "extrapolated", "anchors_on_street": 5 }, "geometry": { "type": "Point", "coordinates": [ -76.617515642871879, 39.280923535799914 ] } },
{ "type": "Feature", "properties": { "surname": "Phillips", "given": "Sarah A. washer", "occupation": "", "house_no": 9, "street_raw": "Mullikin", "street_matched": "MULLIKIN", "side": "right", "confidence": "bracketed", "anchors_on_street": 9 }, "geometry": { "type": "Point", "coordinates": [ -76.601429136343683, 39.294320345368284 ] } },
{ "type": "Feature", "properties": { "surname": "Phoenix", "given": "Frances", "occupation": "", "house_no": 20, "street_raw": "Peirce", "street_matched": "PIERCE", "side": "", "confidence": "street_proportional", "anchors_on_street": 0 }, "geometry": { "type": "Point", "coordinates": [ -76.633163592565694, 39.293886372013652 ] } },
{ "type": "Feature", "properties": { "surname": "Pinckett", "given": "John", "occupation": "laborer", "house_no": 108, "street_raw": "s Spring", "street_matched": "SPRING (S.)", "side": "left", "confidence": "bracketed", "anchors_on_street": 8 }, "geometry": { "type": "Point", "coordinates": [ -76.597695770648585, 39.287851557422044 ] } },
{ "type": "Feature", "properties": { "surname": "Pindell", "given": "Elijah", "occupation": "laborer", "house_no": 48, "street_raw": "Dallas", "street_matched": "DALLAS (S)", "side": "left", "confidence": "bracketed", "anchors_on_street": 9 }, "geometry": { "type": "Point", "coordinates": [ -76.596324218218996, 39.290141704512983 ] } },
{ "type": "Feature", "properties": { "surname": "Pindell", "given": "Isaiah", "occupation": "barber", "house_no": 3, "street_raw": "s Gay", "street_matched": "GAY, (S)", "side": "left", "confidence": "bracketed", "anchors_on_street": 3 }, "geometry": { "type": "Point", "coordinates": [ -76.608919947724445, 39.289684712614779 ] } },
{ "type": "Feature", "properties": { "surname": "Pinder", "given": "Jas. laborer", "occupation": "", "house_no": 75, "street_raw": "Dallas", "street_matched": "DALLAS (S)", "side": "left", "confidence": "bracketed", "anchors_on_street": 9 }, "geometry": { "type": "Point", "coordinates": [ -76.596269315034675, 39.289233784437023 ] } },
{ "type": "Feature", "properties": { "surname": "Pinion", "given": "Wm. drayman", "occupation": "", "house_no": 76, "street_raw": "Union", "street_matched": "COLVIN", "side": "", "confidence": "street_proportional", "anchors_on_street": 0 }, "geometry": { "type": "Point", "coordinates": [ -76.603271927407079, 39.292125218038834 ] } },
{ "type": "Feature", "properties": { "surname": "Pinkney", "given": "Chas. drayman", "occupation": "", "house_no": 282, "street_raw": "Biddle", "street_matched": "BIDDLE, (W)", "side": "right", "confidence": "bracketed", "anchors_on_street": 11 }, "geometry": { "type": "Point", "coordinates": [ -76.627244161672948, 39.295871125898685 ] } },
{ "type": "Feature", "properties": { "surname": "Pinkney", "given": "Henry", "occupation": "laborer", "house_no": 34, "street_raw": "State", "street_matched": "STATE", "side": "", "confidence": "street_proportional", "anchors_on_street": 0 }, "geometry": { "type": "Point", "coordinates": [ -76.620314436567966, 39.293579909111301 ] } },
{ "type": "Feature", "properties": { "surname": "Ply", "given": "man John", "occupation": "barber", "house_no": 173, "street_raw": "Sharp", "street_matched": "SHARP, (S)", "side": "left", "confidence": "extrapolated", "anchors_on_street": 5 }, "geometry": { "type": "Point", "coordinates": [ -76.617515642871879, 39.280923535799914 ] } },
{ "type": "Feature", "properties": { "surname": "Prout", "given": "Alfred", "occupation": "grain measurer", "house_no": 90, "street_raw": "Henrietta", "street_matched": "HENRIETTA", "side": "", "confidence": "street_proportional", "anchors_on_street": 0 }, "geometry": { "type": "Point", "coordinates": [ -76.613616726760682, 39.279025241658672 ] } },
{ "type": "Feature", "properties": { "surname": "Polk", "given": "Moses", "occupation": "", "house_no": 44, "street_raw": "s Caroline", "street_matched": "CAROLINE (S.)", "side": "left", "confidence": "bracketed", "anchors_on_street": 10 }, "geometry": { "type": "Point", "coordinates": [ -76.597054279563608, 39.289805623814779 ] } },
{ "type": "Feature", "properties": { "surname": "Polk", "given": "Stephen", "occupation": "cook", "house_no": 30, "street_raw": "Balderston", "street_matched": "BALDERSTON", "side": "", "confidence": "street_proportional", "anchors_on_street": 0 }, "geometry": { "type": "Point", "coordinates": [ -76.614961534326, 39.287429772765321 ] } },
{ "type": "Feature", "properties": { "surname": "Porter", "given": "John", "occupation": "", "house_no": 24, "street_raw": "Union", "street_matched": "COLVIN", "side": "", "confidence": "street_proportional", "anchors_on_street": 0 }, "geometry": { "type": "Point", "coordinates": [ -76.606341912174486, 39.29542627583357 ] } },
{ "type": "Feature", "properties": { "surname": "Porter", "given": "Lemuel", "occupation": "sawyer", "house_no": 193, "street_raw": "Happy al", "street_matched": "DURHAM (S)", "side": "left", "confidence": "bracketed", "anchors_on_street": 9 }, "geometry": { "type": "Point", "coordinates": [ -76.590751867250049, 39.286279452862665 ] } },
{ "type": "Feature", "properties": { "surname": "Powell", "given": "John", "occupation": "waiter", "house_no": 4, "street_raw": "Vine", "street_matched": "VINE", "side": "", "confidence": "street_proportional", "anchors_on_street": 0 }, "geometry": { "type": "Point", "coordinates": [ -76.625547299331203, 39.290745105437338 ] } },
{ "type": "Feature", "properties": { "surname": "Powell", "given": "Jordan", "occupation": "laborer", "house_no": 19, "street_raw": "Jefferson", "street_matched": "JEFFERSON", "side": "", "confidence": "street_proportional", "anchors_on_street": 0 }, "geometry": { "type": "Point", "coordinates": [ -76.601353468537866, 39.295941282817161 ] } },
{ "type": "Feature", "properties": { "surname": "Powell", "given": "Joshua", "occupation": "drayman", "house_no": 134, "street_raw": "Hill", "street_matched": "HILL", "side": "left", "confidence": "bracketed", "anchors_on_street": 5 }, "geometry": { "type": "Point", "coordinates": [ -76.618402362564495, 39.280895375516693 ] } },
{ "type": "Feature", "properties": { "surname": "Pratt", "given": "Wm. laborer", "occupation": "", "house_no": 45, "street_raw": "Biddle al", "street_matched": "BIDDLE, (W)", "side": "right", "confidence": "bracketed", "anchors_on_street": 11 }, "geometry": { "type": "Point", "coordinates": [ -76.619648199376982, 39.302231391458641 ] } },
{ "type": "Feature", "properties": { "surname": "Pratt", "given": "Wm. sailor", "occupation": "", "house_no": 40, "street_raw": "Lewis", "street_matched": "LEWIS", "side": "", "confidence": "street_proportional", "anchors_on_street": 0 }, "geometry": { "type": "Point", "coordinates": [ -76.600320364092042, 39.295706588390338 ] } },
{ "type": "Feature", "properties": { "surname": "Preston", "given": "Ann", "occupation": "washer", "house_no": 96, "street_raw": "Orchard", "street_matched": "ORCHARD", "side": "", "confidence": "street_proportional", "anchors_on_street": 0 }, "geometry": { "type": "Point", "coordinates": [ -76.62504769822263, 39.296479444184172 ] } },
{ "type": "Feature", "properties": { "surname": "Preston", "given": "Jacob", "occupation": "furn. carter", "house_no": 26, "street_raw": "Douglass", "street_matched": "LEXINGTON", "side": "left", "confidence": "extrapolated", "anchors_on_street": 21 }, "geometry": { "type": "Point", "coordinates": [ -76.615245353193259, 39.291065717826946 ] } },
{ "type": "Feature", "properties": { "surname": "Price.Geo. A. tailor", "given": "S s Front", "occupation": "", "house_no": 17, "street_raw": "Hamilton", "street_matched": "HAMILTON", "side": "", "confidence": "street_proportional", "anchors_on_street": 0 }, "geometry": { "type": "Point", "coordinates": [ -76.613949141024278, 39.295719268563353 ] } },
{ "type": "Feature", "properties": { "surname": "Price", "given": "Jacob", "occupation": "laborer", "house_no": 17, "street_raw": "Welcome al", "street_matched": "WELCOME", "side": "", "confidence": "street_proportional", "anchors_on_street": 0 }, "geometry": { "type": "Point", "coordinates": [ -76.614778300993692, 39.282682474151592 ] } },
{ "type": "Feature", "properties": { "surname": "Price", "given": "James", "occupation": "hackman", "house_no": 16, "street_raw": "Vine", "street_matched": "VINE", "side": "", "confidence": "street_proportional", "anchors_on_street": 0 }, "geometry": { "type": "Point", "coordinates": [ -76.627452228638816, 39.290670613886725 ] } },
{ "type": "Feature", "properties": { "surname": "Price", "given": "James", "occupation": "hay dealer", "house_no": 77, "street_raw": "Orchard", "street_matched": "ORCHARD", "side": "", "confidence": "street_proportional", "anchors_on_street": 0 }, "geometry": { "type": "Point", "coordinates": [ -76.624429761547816, 39.296987886388358 ] } },
{ "type": "Feature", "properties": { "surname": "Price", "given": "John", "occupation": "laborer", "house_no": 92, "street_raw": "Henrietta", "street_matched": "HENRIETTA", "side": "", "confidence": "street_proportional", "anchors_on_street": 0 }, "geometry": { "type": "Point", "coordinates": [ -76.614606605362908, 39.278986141807927 ] } },
{ "type": "Feature", "properties": { "surname": "Price", "given": "Romeo", "occupation": "waiter Barnum's", "house_no": 17, "street_raw": "Hamilton", "street_matched": "HAMILTON", "side": "", "confidence": "street_proportional", "anchors_on_street": 0 }, "geometry": { "type": "Point", "coordinates": [ -76.613949141024278, 39.295719268563353 ] } },
{ "type": "Feature", "properties": { "surname": "Prout", "given": "Israel", "occupation": "", "house_no": 50, "street_raw": "Welcome al", "street_matched": "WELCOME", "side": "", "confidence": "street_proportional", "anchors_on_street": 0 }, "geometry": { "type": "Point", "coordinates": [ -76.61838135318159, 39.282553518850321 ] } },
{ "type": "Feature", "properties": { "surname": "Prout", "given": "Nathl. laborer", "occupation": "", "house_no": 50, "street_raw": "Peirce", "street_matched": "PIERCE", "side": "", "confidence": "street_proportional", "anchors_on_street": 0 }, "geometry": { "type": "Point", "coordinates": [ -76.631600093048107, 39.293943382954573 ] } },
{ "type": "Feature", "properties": { "surname": "Pullett", "given": "John C. porter", "occupation": "", "house_no": 123, "street_raw": "Montgomery", "street_matched": "MONTGOMERY", "side": "left", "confidence": "extrapolated", "anchors_on_street": 7 }, "geometry": { "type": "Point", "coordinates": [ -76.60985412508326, 39.280059233318184 ] } },
{ "type": "Feature", "properties": { "surname": "Pullet", "given": "Saml. porter", "occupation": "", "house_no": 123, "street_raw": "North", "street_matched": "NORTH", "side": "", "confidence": "street_proportional", "anchors_on_street": 0 }, "geometry": { "type": "Point", "coordinates": [ -76.643162853663085, 39.310054028943384 ] } },
{ "type": "Feature", "properties": { "surname": "Pumphrey", "given": "Alfred", "occupation": "laborer", "house_no": 61, "street_raw": "Jasper", "street_matched": "JASPER", "side": "", "confidence": "street_proportional", "anchors_on_street": 0 }, "geometry": { "type": "Point", "coordinates": [ -76.621945841735013, 39.294626305838129 ] } },
{ "type": "Feature", "properties": { "surname": "Purdy", "given": "Louisa", "occupation": "seamstress", "house_no": 65, "street_raw": "Union", "street_matched": "COLVIN", "side": "", "confidence": "street_proportional", "anchors_on_street": 0 }, "geometry": { "type": "Point", "coordinates": [ -76.60365639863447, 39.292948418899329 ] } },
{ "type": "Feature", "properties": { "surname": "Purnell", "given": "Danl. drayman", "occupation": "", "house_no": 14, "street_raw": "Peirce", "street_matched": "PIERCE", "side": "", "confidence": "street_proportional", "anchors_on_street": 0 }, "geometry": { "type": "Point", "coordinates": [ -76.633476320161563, 39.293875437671844 ] } },
{ "type": "Feature", "properties": { "surname": "Purviance", "given": "J. J. drayman", "occupation": "", "house_no": 76, "street_raw": "Holland", "street_matched": "WILCOX", "side": "", "confidence": "street_proportional", "anchors_on_street": 0 }, "geometry": { "type": "Point", "coordinates": [ -76.604263601346204, 39.303760682814691 ] } },
{ "type": "Feature", "properties": { "surname": "Purviance", "given": "Saml. sawyer", "occupation": "", "house_no": 200, "street_raw": "n Exeter", "street_matched": "EXETER", "side": "left", "confidence": "extrapolated", "anchors_on_street": 9 }, "geometry": { "type": "Point", "coordinates": [ -76.600226631459705, 39.283497120166643 ] } },
{ "type": "Feature", "properties": { "surname": "Queen", "given": "Harriet", "occupation": "washer", "house_no": 31, "street_raw": "Bethel", "street_matched": "BETHEL, (S)", "side": "left", "confidence": "bracketed", "anchors_on_street": 9 }, "geometry": { "type": "Point", "coordinates": [ -76.594813395753235, 39.290426656392292 ] } },
{ "type": "Feature", "properties": { "surname": "Queen", "given": "James", "occupation": "", "house_no": 31, "street_raw": "Perry", "street_matched": "PERRY", "side": "", "confidence": "street_proportional", "anchors_on_street": 0 }, "geometry": { "type": "Point", "coordinates": [ -76.614316033180543, 39.284960727161177 ] } },
{ "type": "Feature", "properties": { "surname": "Queen", "given": "Milly", "occupation": "washer", "house_no": 36, "street_raw": "Burgundy al", "street_matched": "BURGUNDY", "side": "", "confidence": "street_proportional", "anchors_on_street": 0 }, "geometry": { "type": "Point", "coordinates": [ -76.625196724373225, 39.281908886899615 ] } },
{ "type": "Feature", "properties": { "surname": "Randall", "given": "Robt. brickmoulder", "occupation": "", "house_no": 121, "street_raw": "Sarah Ann", "street_matched": "SARAH ANN", "side": "", "confidence": "street_proportional", "anchors_on_street": 0 }, "geometry": { "type": "Point", "coordinates": [ -76.628983985501208, 39.293109981436231 ] } },
{ "type": "Feature", "properties": { "surname": "Reams", "given": "Thos", "occupation": "laborer", "house_no": 165, "street_raw": "Bethel", "street_matched": "BETHEL, (S)", "side": "left", "confidence": "bracketed", "anchors_on_street": 9 }, "geometry": { "type": "Point", "coordinates": [ -76.594435634319439, 39.285235380211404 ] } },
{ "type": "Feature", "properties": { "surname": "Reason", "given": "Geo. sawyer", "occupation": "", "house_no": 33, "street_raw": "French", "street_matched": "WATER", "side": "", "confidence": "street_proportional", "anchors_on_street": 0 }, "geometry": { "type": "Point", "coordinates": [ -76.608022687141528, 39.288649256187995 ] } },
{ "type": "Feature", "properties": { "surname": "Re-d", "given": "Abram. waiter", "occupation": "", "house_no": 23, "street_raw": "Welcome a!", "street_matched": "WELCOME", "side": "", "confidence": "street_proportional", "anchors_on_street": 0 }, "geometry": { "type": "Point", "coordinates": [ -76.615433401938063, 39.282659028736447 ] } },
{ "type": "Feature", "properties": { "surname": "Reed", "given": "Anna", "occupation": "", "house_no": 179, "street_raw": "Peirce", "street_matched": "PIERCE", "side": "", "confidence": "street_proportional", "anchors_on_street": 0 }, "geometry": { "type": "Point", "coordinates": [ -76.624877202316441, 39.294191415219565 ] } },
{ "type": "Feature", "properties": { "surname": "Reed", "given": "Dan I. white washer", "occupation": "", "house_no": 90, "street_raw": "Spring", "street_matched": "SPRING (S.)", "side": "left", "confidence": "bracketed", "anchors_on_street": 8 }, "geometry": { "type": "Point", "coordinates": [ -76.597722421255682, 39.288273134766634 ] } },
{ "type": "Feature", "properties": { "surname": "Reed", "given": "Felix", "occupation": "", "house_no": 181, "street_raw": "s Spring", "street_matched": "SPRING (S.)", "side": "right", "confidence": "bracketed", "anchors_on_street": 8 }, "geometry": { "type": "Point", "coordinates": [ -76.597491935712767, 39.284627176851785 ] } },
{ "type": "Feature", "properties": { "surname": "Reed", "given": "James", "occupation": "labo?er", "house_no": 130, "street_raw": "Montgomery", "street_matched": "MONTGOMERY", "side": "left", "confidence": "extrapolated", "anchors_on_street": 7 }, "geometry": { "type": "Point", "coordinates": [ -76.60985412508326, 39.280059233318184 ] } },
{ "type": "Feature", "properties": { "surname": "Reed", "given": "Thos. hackman", "occupation": "", "house_no": 144, "street_raw": "Hill", "street_matched": "HILL", "side": "left", "confidence": "bracketed", "anchors_on_street": 5 }, "geometry": { "type": "Point", "coordinates": [ -76.618845722117811, 39.28088129227605 ] } },
{ "type": "Feature", "properties": { "surname": "Reister", "given": "Henry", "occupation": "carriage driver", "house_no": 44, "street_raw": "Vine", "street_matched": "VINE", "side": "", "confidence": "street_proportional", "anchors_on_street": 0 }, "geometry": { "type": "Point", "coordinates": [ -76.631897084481196, 39.290497242481081 ] } },
{ "type": "Feature", "properties": { "surname": "Reynolds", "given": "Norton", "occupation": "sailor", "house_no": 7, "street_raw": "Mott", "street_matched": "MOTT", "side": "", "confidence": "street_proportional", "anchors_on_street": 0 }, "geometry": { "type": "Point", "coordinates": [ -76.604537785615008, 39.297208287749577 ] } },
{ "type": "Feature", "properties": { "surname": "Rice", "given": "Ann M. dress maker", "occupation": "", "house_no": 6, "street_raw": "Marion", "street_matched": "MARION", "side": "", "confidence": "street_proportional", "anchors_on_street": 0 }, "geometry": { "type": "Point", "coordinates": [ -76.618246936751987, 39.291010073568835 ] } },
{ "type": "Feature", "properties": { "surname": "Rice", "given": "John T. musician", "occupation": "", "house_no": 6, "street_raw": "Marion", "street_matched": "MARION", "side": "", "confidence": "street_proportional", "anchors_on_street": 0 }, "geometry": { "type": "Point", "coordinates": [ -76.618246936751987, 39.291010073568835 ] } },
{ "type": "Feature", "properties": { "surname": "Rich", "given": "Robt. coachman", "occupation": "", "house_no": 72, "street_raw": "Tyson", "street_matched": "TYSON", "side": "", "confidence": "street_proportional", "anchors_on_street": 0 }, "geometry": { "type": "Point", "coordinates": [ -76.619290769722625, 39.299195763199322 ] } },
{ "type": "Feature", "properties": { "surname": "Richard", "given": "Ha rry", "occupation": "horse doctor", "house_no": 180, "street_raw": "Greenmount av", "street_matched": "GREENMOUNT", "side": "", "confidence": "street_proportional", "anchors_on_street": 0 }, "geometry": { "type": "Point", "coordinates": [ -76.608066334959034, 39.30439816194307 ] } },
{ "type": "Feature", "properties": { "surname": "Richards", "given": "Solomon", "occupation": "sawyer", "house_no": 170, "street_raw": "Ensor", "street_matched": "ENSOR", "side": "", "confidence": "street_proportional", "anchors_on_street": 0 }, "geometry": { "type": "Point", "coordinates": [ -76.603512494110632, 39.300943473944855 ] } },
{ "type": "Feature", "properties": { "surname": "Richards", "given": "Thos. laborer", "occupation": "", "house_no": 28, "street_raw": "Tyson", "street_matched": "TYSON", "side": "", "confidence": "street_proportional", "anchors_on_street": 0 }, "geometry": { "type": "Point", "coordinates": [ -76.61935176054206, 39.300139561549763 ] } },
{ "type": "Feature", "properties": { "surname": "Richardson", "given": "Geo. laborer", "occupation": "", "house_no": 44, "street_raw": "Orchard", "street_matched": "ORCHARD", "side": "", "confidence": "street_proportional", "anchors_on_street": 0 }, "geometry": { "type": "Point", "coordinates": [ -76.623356489494626, 39.297870967764609 ] } },
{ "type": "Feature", "properties": { "surname": "Richardson", "given": "Richd. laborer", "occupation": "", "house_no": 88, "street_raw": "Stirling", "street_matched": "STIRLING", "side": "", "confidence": "street_proportional", "anchors_on_street": 0 }, "geometry": { "type": "Point", "coordinates": [ -76.602741269029607, 39.30154088334227 ] } },
{ "type": "Feature", "properties": { "surname": "Richardson", "given": "Wra. porier", "occupation": "", "house_no": 209, "street_raw": "s Charles", "street_matched": "CHARLES (S.)", "side": "left", "confidence": "bracketed", "anchors_on_street": 12 }, "geometry": { "type": "Point", "coordinates": [ -76.614666189322875, 39.281123192036432 ] } },
{ "type": "Feature", "properties": { "surname": "Richfield", "given": "Geo. sailor", "occupation": "", "house_no": 82, "street_raw": "Watson", "street_matched": "WATSON", "side": "", "confidence": "street_proportional", "anchors_on_street": 0 }, "geometry": { "type": "Point", "coordinates": [ -76.602945567621134, 39.289893684421095 ] } },
{ "type": "Feature", "properties": { "surname": "Rickes", "given": "Wm. laborer", "occupation": "", "house_no": 70, "street_raw": "n Liberty", "street_matched": "LIBERTY, (N)", "side": "right", "confidence": "bracketed", "anchors_on_street": 5 }, "geometry": { "type": "Point", "coordinates": [ -76.616863401822812, 39.292233283053612 ] } },
{ "type": "Feature", "properties": { "surname": "Ridgely", "given": "Mary", "occupation": "store keeper", "house_no": 10, "street_raw": "s Liberty", "street_matched": "LIBERTY, (S)", "side": "left", "confidence": "bracketed", "anchors_on_street": 2 }, "geometry": { "type": "Point", "coordinates": [ -76.618309193708015, 39.288939599233501 ] } },
{ "type": "Feature", "properties": { "surname": "Riilireiy", "given": "Rachel", "occupation": "", "house_no": 47, "street_raw": "Park", "street_matched": "PARK", "side": "left", "confidence": "bracketed", "anchors_on_street": 9 }, "geometry": { "type": "Point", "coordinates": [ -76.6180895226438, 39.292274868507754 ] } },
{ "type": "Feature", "properties": { "surname": "Rinnan", "given": "Francis", "occupation": "ci<zar maker", "house_no": 10, "street_raw": "Vine", "street_matched": "VINE", "side": "", "confidence": "street_proportional", "anchors_on_street": 0 }, "geometry": { "type": "Point", "coordinates": [ -76.626499764160869, 39.290707858516207 ] } },
{ "type": "Feature", "properties": { "surname": "Rinirijold", "given": "Edwd. laborer", "occupation": "", "house_no": 11, "street_raw": "State", "street_matched": "STATE", "side": "", "confidence": "street_proportional", "anchors_on_street": 0 }, "geometry": { "type": "Point", "coordinates": [ -76.620375283859389, 39.29458409761795 ] } },
{ "type": "Feature", "properties": { "surname": "Rinifirold", "given": "Jacob", "occupation": "", "house_no": 25, "street_raw": "Forest", "street_matched": "FORREST", "side": "", "confidence": "street_proportional", "anchors_on_street": 0 }, "geometry": { "type": "Point", "coordinates": [ -76.607885096776826, 39.30067847907592 ] } },
{ "type": "Feature", "properties": { "surname": "Ringgold", "given": "Jos. drayman", "occupation": "", "house_no": 67, "street_raw": "Orchard", "street_matched": "ORCHARD", "side": "", "confidence": "street_proportional", "anchors_on_street": 0 }, "geometry": { "type": "Point", "coordinates": [ -76.624104528160672, 39.297255486211839 ] } },
{ "type": "Feature", "properties": { "surname": "RinjTCTold", "given": "Perry", "occupation": "seaman", "house_no": 48, "street_raw": "Hill", "street_matched": "HILL", "side": "left", "confidence": "bracketed", "anchors_on_street": 5 }, "geometry": { "type": "Point", "coordinates": [ -76.614748376347023, 39.281006153192102 ] } },
{ "type": "Feature", "properties": { "surname": "Rinffirold", "given": "Wm. H. laborer", "occupation": "", "house_no": 31, "street_raw": "1-2 Jefferson", "street_matched": "JEFFERSON", "side": "", "confidence": "street_proportional", "anchors_on_street": 0 }, "geometry": { "type": "Point", "coordinates": [ -76.595960359151206, 39.296168862941968 ] } },
{ "type": "Feature", "properties": { "surname": "Rinotrolil", "given": "Wm. laborer", "occupation": "", "house_no": 225, "street_raw": "Bethel", "street_matched": "BETHEL, (S)", "side": "left", "confidence": "bracketed", "anchors_on_street": 9 }, "geometry": { "type": "Point", "coordinates": [ -76.594245091037919, 39.282569747001887 ] } },
{ "type": "Feature", "properties": { "surname": "Roach", "given": "Emeline H. washer", "occupation": "", "house_no": 56, "street_raw": "Forest", "street_matched": "FORREST", "side": "", "confidence": "street_proportional", "anchors_on_street": 0 }, "geometry": { "type": "Point", "coordinates": [ -76.607666900500064, 39.299856478439217 ] } },
{ "type": "Feature", "properties": { "surname": "Roberts", "given": "Chesman", "occupation": "whitewasher", "house_no": 27, "street_raw": "Short", "street_matched": "SHORT", "side": "", "confidence": "street_proportional", "anchors_on_street": 0 }, "geometry": { "type": "Point", "coordinates": [ -76.598037672492765, 39.295870421987992 ] } },
{ "type": "Feature", "properties": { "surname": "Roberts", "given": "David", "occupation": "cook", "house_no": 48, "street_raw": "Centre", "street_matched": "CENTRE, (W)", "side": "left", "confidence": "extrapolated", "anchors_on_street": 4 }, "geometry": { "type": "Point", "coordinates": [ -76.61561127001282, 39.296304955378602 ] } },
{ "type": "Feature", "properties": { "surname": "Roberts", "given": "Geo. stevadore", "occupation": "", "house_no": 200, "street_raw": "Happy al", "street_matched": "DURHAM (S)", "side": "left", "confidence": "bracketed", "anchors_on_street": 9 }, "geometry": { "type": "Point", "coordinates": [ -76.590735180086085, 39.286040854668727 ] } },
{ "type": "Feature", "properties": { "surname": "Roberts", "given": "Priscilla", "occupation": "", "house_no": 87, "street_raw": "Happy al", "street_matched": "DURHAM (S)", "side": "left", "confidence": "bracketed", "anchors_on_street": 9 }, "geometry": { "type": "Point", "coordinates": [ -76.590924273805243, 39.289019455920055 ] } },
{ "type": "Feature", "properties": { "surname": "Robinson", "given": "Francis", "occupation": "cook", "house_no": 163, "street_raw": "Dallas", "street_matched": "DALLAS (S)", "side": "left", "confidence": "bracketed", "anchors_on_street": 9 }, "geometry": { "type": "Point", "coordinates": [ -76.596086715738267, 39.286214178256394 ] } },
{ "type": "Feature", "properties": { "surname": "Robinson", "given": "Henry", "occupation": "laborer", "house_no": 36, "street_raw": "Dallas", "street_matched": "DALLAS (S)", "side": "left", "confidence": "bracketed", "anchors_on_street": 9 }, "geometry": { "type": "Point", "coordinates": [ -76.59634589848207, 39.290500241943363 ] } },
{ "type": "Feature", "properties": { "surname": "Robinson", "given": "Henry", "occupation": "laborer", "house_no": 66, "street_raw": "Happy al", "street_matched": "DURHAM (S)", "side": "left", "confidence": "bracketed", "anchors_on_street": 9 }, "geometry": { "type": "Point", "coordinates": [ -76.590955556641404, 39.289489089980457 ] } },
{ "type": "Feature", "properties": { "surname": "Robinson", "given": "Henry", "occupation": "drayman", "house_no": 834, "street_raw": "w Baltimore", "street_matched": "BALTIMORE, (W)", "side": "left", "confidence": "bracketed", "anchors_on_street": 19 }, "geometry": { "type": "Point", "coordinates": [ -76.643577607080061, 39.288316702745952 ] } },
{ "type": "Feature", "properties": { "surname": "Robinson", "given": "Richd. sawyer", "occupation": "", "house_no": 128, "street_raw": "Dallas", "street_matched": "DALLAS (S)", "side": "left", "confidence": "bracketed", "anchors_on_street": 9 }, "geometry": { "type": "Point", "coordinates": [ -76.596174899486371, 39.287672445964922 ] } },
{ "type": "Feature", "properties": { "surname": "Robinson", "given": "Saml. blacksmith", "occupation": "", "house_no": 49, "street_raw": "Dallas", "street_matched": "DALLAS (S)", "side": "left", "confidence": "bracketed", "anchors_on_street": 9 }, "geometry": { "type": "Point", "coordinates": [ -76.596322184742647, 39.29010807784833 ] } },
{ "type": "Feature", "properties": { "surname": "Robinson", "given": "Sarah", "occupation": "washer", "house_no": 12, "street_raw": "Bethel", "street_matched": "BETHEL, (S)", "side": "left", "confidence": "bracketed", "anchors_on_street": 9 }, "geometry": { "type": "Point", "coordinates": [ -76.594860914851239, 39.291134451487743 ] } },
{ "type": "Feature", "properties": { "surname": "Ro.ien James", "given": "stevadore", "occupation": "", "house_no": 89, "street_raw": "Happy al", "street_matched": "DURHAM (S)", "side": "left", "confidence": "bracketed", "anchors_on_street": 9 }, "geometry": { "type": "Point", "coordinates": [ -76.590921902894237, 39.288980051725105 ] } },
{ "type": "Feature", "properties": { "surname": "Rogers", "given": "Benj. drayman", "occupation": "", "house_no": 188, "street_raw": "Sharp", "street_matched": "SHARP, (S)", "side": "left", "confidence": "bracketed", "anchors_on_street": 5 }, "geometry": { "type": "Point", "coordinates": [ -76.617592731463532, 39.28075693872367 ] } },
{ "type": "Feature", "properties": { "surname": "Rogers", "given": "Mary", "occupation": "", "house_no": 179, "street_raw": "Bethel", "street_matched": "BETHEL, (S)", "side": "left", "confidence": "bracketed", "anchors_on_street": 9 }, "geometry": { "type": "Point", "coordinates": [ -76.594399266980432, 39.284641620321167 ] } },
{ "type": "Feature", "properties": { "surname": "Rogers", "given": "Thos. coachman", "occupation": "", "house_no": 130, "street_raw": "Saratoga", "street_matched": "SARATOGA", "side": "left", "confidence": "extrapolated", "anchors_on_street": 16 }, "geometry": { "type": "Point", "coordinates": [ -76.62388484106431, 39.29281628110099 ] } },
{ "type": "Feature", "properties": { "surname": "Roiling", "given": "Jesse", "occupation": "", "house_no": 69, "street_raw": "East", "street_matched": "EAST", "side": "", "confidence": "street_proportional", "anchors_on_street": 0 }, "geometry": { "type": "Point", "coordinates": [ -76.573422020244138, 39.307019719101397 ] } },
{ "type": "Feature", "properties": { "surname": "Ross", "given": "Robt. porter", "occupation": "", "house_no": 23, "street_raw": "Sarah Ann", "street_matched": "SARAH ANN", "side": "", "confidence": "street_proportional", "anchors_on_street": 0 }, "geometry": { "type": "Point", "coordinates": [ -76.625502816888002, 39.293235712497427 ] } },
{ "type": "Feature", "properties": { "surname": "Rowe", "given": "Henry", "occupation": "hackman", "house_no": 37, "street_raw": "Argyle al", "street_matched": "ARGYLE", "side": "", "confidence": "street_proportional", "anchors_on_street": 0 }, "geometry": { "type": "Point", "coordinates": [ -76.631545803561536, 39.29955328538216 ] } },
{ "type": "Feature", "properties": { "surname": "Rusk", "given": "Elizab. washer", "occupation": "", "house_no": 53, "street_raw": "Bethel", "street_matched": "BETHEL, (S)", "side": "left", "confidence": "bracketed", "anchors_on_street": 9 }, "geometry": { "type": "Point", "coordinates": [ -76.594759286066008, 39.289607061116655 ] } },
{ "type": "Feature", "properties": { "surname": "Russell", "given": "Aaron", "occupation": "brewer", "house_no": 57, "street_raw": "Douglass", "street_matched": "LEXINGTON", "side": "left", "confidence": "bracketed", "anchors_on_street": 21 }, "geometry": { "type": "Point", "coordinates": [ -76.615390042421225, 39.291060081325384 ] } },
{ "type": "Feature", "properties": { "surname": "Russell", "given": "Geo. W. hay dealer", "occupation": "", "house_no": 832, "street_raw": "w Baltimore", "street_matched": "BALTIMORE, (W)", "side": "left", "confidence": "bracketed", "anchors_on_street": 19 }, "geometry": { "type": "Point", "coordinates": [ -76.643574043653928, 39.288316858338284 ] } },
{ "type": "Feature", "properties": { "surname": "Russell", "given": "Leah", "occupation": "", "house_no": 55, "street_raw": "East", "street_matched": "EAST", "side": "", "confidence": "street_proportional", "anchors_on_street": 0 }, "geometry": { "type": "Point", "coordinates": [ -76.573400346834703, 39.306604541221702 ] } },
{ "type": "Feature", "properties": { "surname": "Ryan", "given": "Thos. waiter", "occupation": "", "house_no": 5, "street_raw": "Tyson", "street_matched": "TYSON", "side": "", "confidence": "street_proportional", "anchors_on_street": 0 }, "geometry": { "type": "Point", "coordinates": [ -76.619383642752737, 39.300632910568048 ] } },
{ "type": "Feature", "properties": { "surname": "Sadler", "given": "Ellen", "occupation": "washer", "house_no": 6, "street_raw": "New", "street_matched": "BALDERSTON", "side": "", "confidence": "street_proportional", "anchors_on_street": 0 }, "geometry": { "type": "Point", "coordinates": [ -76.612987778174244, 39.287506924117523 ] } },
{ "type": "Feature", "properties": { "surname": "Sadler", "given": "Geo. coachman", "occupation": "", "house_no": 40, "street_raw": "n Sharp", "street_matched": "SHARP, (S)", "side": "left", "confidence": "extrapolated", "anchors_on_street": 5 }, "geometry": { "type": "Point", "coordinates": [ -76.617515642871879, 39.280923535799914 ] } },
{ "type": "Feature", "properties": { "surname": "Sales", "given": "Aaron", "occupation": "drayman", "house_no": 261, "street_raw": "e Monument", "street_matched": "MONUMENT (E)", "side": "left", "confidence": "bracketed", "anchors_on_street": 15 }, "geometry": { "type": "Point", "coordinates": [ -76.600016754239988, 39.298133367887928 ] } },
{ "type": "Feature", "properties": { "surname": "Sales", "given": "Benj. hacKman", "occupation": "", "house_no": 96, "street_raw": "Stirling", "street_matched": "STIRLING", "side": "", "confidence": "street_proportional", "anchors_on_street": 0 }, "geometry": { "type": "Point", "coordinates": [ -76.602777670246795, 39.301407587169187 ] } },
{ "type": "Feature", "properties": { "surname": "Salter", "given": "Chas. caulker", "occupation": "", "house_no": 1, "street_raw": "Spring", "street_matched": "SPRING", "side": "", "confidence": "street_proportional", "anchors_on_street": 0 }, "geometry": { "type": "Point", "coordinates": [ -76.598168649043316, 39.292942664368873 ] } },
{ "type": "Feature", "properties": { "surname": "Sampson", "given": "Eliza", "occupation": "", "house_no": 80, "street_raw": "Jasper", "street_matched": "JASPER", "side": "", "confidence": "street_proportional", "anchors_on_street": 0 }, "geometry": { "type": "Point", "coordinates": [ -76.621891219727758, 39.293778287513831 ] } },
{ "type": "Feature", "properties": { "surname": "Sanders", "given": "Chas. laborer", "occupation": "", "house_no": 82, "street_raw": "Orchard", "street_matched": "ORCHARD", "side": "", "confidence": "street_proportional", "anchors_on_street": 0 }, "geometry": { "type": "Point", "coordinates": [ -76.624592377321136, 39.296854086130921 ] } },
{ "type": "Feature", "properties": { "surname": "Sanders", "given": "Henry", "occupation": "butcher", "house_no": 146, "street_raw": "Happy al", "street_matched": "DURHAM (S)", "side": "left", "confidence": "bracketed", "anchors_on_street": 9 }, "geometry": { "type": "Point", "coordinates": [ -76.590854333037527, 39.287857031954331 ] } },
{ "type": "Feature", "properties": { "surname": "Sanders", "given": "Hudson", "occupation": "ship carpenter", "house_no": 80, "street_raw": "William", "street_matched": "WILLIAM", "side": "", "confidence": "street_proportional", "anchors_on_street": 0 }, "geometry": { "type": "Point", "coordinates": [ -76.610599764221845, 39.276628300159302 ] } },
{ "type": "Feature", "properties": { "surname": "Sanders", "given": "John", "occupation": "", "house_no": 56, "street_raw": "East", "street_matched": "EAST", "side": "", "confidence": "street_proportional", "anchors_on_street": 0 }, "geometry": { "type": "Point", "coordinates": [ -76.57340189492696, 39.306634196786412 ] } },
{ "type": "Feature", "properties": { "surname": "Sands", "given": "Lucy", "occupation": "", "house_no": 24, "street_raw": "Dover", "street_matched": "DOVER", "side": "", "confidence": "street_proportional", "anchors_on_street": 0 }, "geometry": { "type": "Point", "coordinates": [ -76.618240320228622, 39.285986023988549 ] } },
{ "type": "Feature", "properties": { "surname": "Sauerwine", "given": "Walter", "occupation": "barber", "house_no": 101, "street_raw": "Hill", "street_matched": "HILL", "side": "left", "confidence": "bracketed", "anchors_on_street": 5 }, "geometry": { "type": "Point", "coordinates": [ -76.616992458856501, 39.280938384221081 ] } },
{ "type": "Feature", "properties": { "surname": "Savage", "given": "Geo. carter", "occupation": "", "house_no": 159, "street_raw": "Sarah Ann", "street_matched": "SARAH ANN", "side": "", "confidence": "street_proportional", "anchors_on_street": 0 }, "geometry": { "type": "Point", "coordinates": [ -76.630315818036891, 39.293120434449854 ] } },
{ "type": "Feature", "properties": { "surname": "Scoggins", "given": "Geo. laborer", "occupation": "", "house_no": 125, "street_raw": "North", "street_matched": "NORTH", "side": "", "confidence": "street_proportional", "anchors_on_street": 0 }, "geometry": { "type": "Point", "coordinates": [ -76.643121587975727, 39.310056252948137 ] } },
{ "type": "Feature", "properties": { "surname": "Scott", "given": "Alex", "occupation": "drayman", "house_no": 138, "street_raw": "Montgomery", "street_matched": "MONTGOMERY", "side": "left", "confidence": "extrapolated", "anchors_on_street": 7 }, "geometry": { "type": "Point", "coordinates": [ -76.609881008412643, 39.280058193282578 ] } },
{ "type": "Feature", "properties": { "surname": "Scott", "given": "Ann", "occupation": "washer", "house_no": 11, "street_raw": "Johnson", "street_matched": "JOHNSON", "side": "", "confidence": "street_proportional", "anchors_on_street": 0 }, "geometry": { "type": "Point", "coordinates": [ -76.609352692994122, 39.270652626927209 ] } },
{ "type": "Feature", "properties": { "surname": "Scott", "given": "Dennis", "occupation": "laborer", "house_no": 89, "street_raw": "Dallas", "street_matched": "DALLAS (S)", "side": "left", "confidence": "bracketed", "anchors_on_street": 9 }, "geometry": { "type": "Point", "coordinates": [ -76.596243784551334, 39.288811603633519 ] } },
{ "type": "Feature", "properties": { "surname": "Scott", "given": "Geo. whitewasher", "occupation": "", "house_no": 39, "street_raw": "n Sharp", "street_matched": "SHARP, (S)", "side": "left", "confidence": "extrapolated", "anchors_on_street": 5 }, "geometry": { "type": "Point", "coordinates": [ -76.617515642871879, 39.280923535799914 ] } },
{ "type": "Feature", "properties": { "surname": "Scott", "given": "Horace", "occupation": "sawyer", "house_no": 40, "street_raw": "Short", "street_matched": "SHORT", "side": "", "confidence": "street_proportional", "anchors_on_street": 0 }, "geometry": { "type": "Point", "coordinates": [ -76.598337359870811, 39.295857768744277 ] } },
{ "type": "Feature", "properties": { "surname": "Scott", "given": "Isaac", "occupation": "barber", "house_no": 12, "street_raw": "Wayne", "street_matched": "WAYNE", "side": "", "confidence": "street_proportional", "anchors_on_street": 0 }, "geometry": { "type": "Point", "coordinates": [ -76.618895838196323, 39.283486571843902 ] } },
{ "type": "Feature", "properties": { "surname": "Scott", "given": "James", "occupation": "hackman", "house_no": 82, "street_raw": "Holland", "street_matched": "WILCOX", "side": "", "confidence": "street_proportional", "anchors_on_street": 0 }, "geometry": { "type": "Point", "coordinates": [ -76.604101109525189, 39.301471315136261 ] } },
{ "type": "Feature", "properties": { "surname": "Scott", "given": "John", "occupation": "laborer", "house_no": 44, "street_raw": "Jefferson", "street_matched": "JEFFERSON", "side": "", "confidence": "street_proportional", "anchors_on_street": 0 }, "geometry": { "type": "Point", "coordinates": [ -76.590117703023353, 39.29641392301513 ] } },
{ "type": "Feature", "properties": { "surname": "Scott", "given": "John", "occupation": "laborer", "house_no": 51, "street_raw": "Ross", "street_matched": "ROSS", "side": "left", "confidence": "bracketed", "anchors_on_street": 8 }, "geometry": { "type": "Point", "coordinates": [ -76.622807074128261, 39.297440052822836 ] } },
{ "type": "Feature", "properties": { "surname": "Scott", "given": "John", "occupation": "laborer", "house_no": 55, "street_raw": "Perry", "street_matched": "PERRY", "side": "", "confidence": "street_proportional", "anchors_on_street": 0 }, "geometry": { "type": "Point", "coordinates": [ -76.618202677297376, 39.284801307219503 ] } },
{ "type": "Feature", "properties": { "surname": "Scott", "given": "John", "occupation": "rope maker", "house_no": 70, "street_raw": "n Canal", "street_matched": "CANAL", "side": "", "confidence": "street_proportional", "anchors_on_street": 0 }, "geometry": { "type": "Point", "coordinates": [ -76.595553106719805, 39.29694783895944 ] } },
{ "type": "Feature", "properties": { "surname": "Scott", "given": "Rezin", "occupation": "eating house", "house_no": 18, "street_raw": "Short", "street_matched": "SHORT", "side": "", "confidence": "street_proportional", "anchors_on_street": 0 }, "geometry": { "type": "Point", "coordinates": [ -76.59783019655903, 39.295879181564231 ] } },
{ "type": "Feature", "properties": { "surname": "Scott", "given": "Saml. caulker", "occupation": "", "house_no": 201, "street_raw": "Dallas", "street_matched": "DALLAS (S)", "side": "left", "confidence": "bracketed", "anchors_on_street": 9 }, "geometry": { "type": "Point", "coordinates": [ -76.596021020500288, 39.285127780124299 ] } },
{ "type": "Feature", "properties": { "surname": "Scott", "given": "Saml. laborer", "occupation": "", "house_no": 15, "street_raw": "Hamilton", "street_matched": "HAMILTON", "side": "", "confidence": "street_proportional", "anchors_on_street": 0 }, "geometry": { "type": "Point", "coordinates": [ -76.613862338478029, 39.295723094771169 ] } },
{ "type": "Feature", "properties": { "surname": "Scott", "given": "Wash", "occupation": "laborer", "house_no": 151, "street_raw": "Happy al", "street_matched": "DURHAM (S)", "side": "left", "confidence": "bracketed", "anchors_on_street": 9 }, "geometry": { "type": "Point", "coordinates": [ -76.590848405959164, 39.287758521428373 ] } },
{ "type": "Feature", "properties": { "surname": "Scott", "given": "Win. grain runner", "occupation": "", "house_no": 119, "street_raw": "Hill", "street_matched": "HILL", "side": "left", "confidence": "bracketed", "anchors_on_street": 5 }, "geometry": { "type": "Point", "coordinates": [ -76.617737322904489, 39.280916497239758 ] } },
{ "type": "Feature", "properties": { "surname": "Scott", "given": "Wm. laborer", "occupation": "", "house_no": 4, "street_raw": "Union", "street_matched": "COLVIN", "side": "", "confidence": "street_proportional", "anchors_on_street": 0 }, "geometry": { "type": "Point", "coordinates": [ -76.60772747636797, 39.296599385940709 ] } },
{ "type": "Feature", "properties": { "surname": "Scyth", "given": "Edwd. waiter", "occupation": "", "house_no": 68, "street_raw": "Davis", "street_matched": "DAVIS", "side": "", "confidence": "street_proportional", "anchors_on_street": 0 }, "geometry": { "type": "Point", "coordinates": [ -76.612160454353642, 39.294730725960868 ] } },
{ "type": "Feature", "properties": { "surname": "Sedgwick", "given": "John", "occupation": "laborer", "house_no": 88, "street_raw": "Orchard", "street_matched": "ORCHARD", "side": "", "confidence": "street_proportional", "anchors_on_street": 0 }, "geometry": { "type": "Point", "coordinates": [ -76.624787515439294, 39.296693525517824 ] } },
{ "type": "Feature", "properties": { "surname": "Seeney", "given": "James", "occupation": "laborer", "house_no": 112, "street_raw": "Sarah Ann", "street_matched": "SARAH ANN", "side": "", "confidence": "street_proportional", "anchors_on_street": 0 }, "geometry": { "type": "Point", "coordinates": [ -76.628664574294703, 39.293125804240539 ] } },
{ "type": "Feature", "properties": { "surname": "Seevers", "given": "Richd. sawyer", "occupation": "", "house_no": 83, "street_raw": "Boyd", "street_matched": "BOYD", "side": "", "confidence": "street_proportional", "anchors_on_street": 0 }, "geometry": { "type": "Point", "coordinates": [ -76.631639966175001, 39.287314235911836 ] } },
{ "type": "Feature", "properties": { "surname": "Selby", "given": "Jane", "occupation": "", "house_no": 70, "street_raw": "East", "street_matched": "EAST", "side": "", "confidence": "street_proportional", "anchors_on_street": 0 }, "geometry": { "type": "Point", "coordinates": [ -76.573423568354528, 39.307049374662093 ] } },
{ "type": "Feature", "properties": { "surname": "Seney", "given": "Jos. caulker", "occupation": "", "house_no": 35, "street_raw": "Argyle al", "street_matched": "ARGYLE", "side": "", "confidence": "street_proportional", "anchors_on_street": 0 }, "geometry": { "type": "Point", "coordinates": [ -76.63209911098447, 39.300000495008909 ] } },
{ "type": "Feature", "properties": { "surname": "Sewell", "given": "Mary", "occupation": "", "house_no": 18, "street_raw": "Philpot al", "street_matched": "PHILPOT", "side": "", "confidence": "street_proportional", "anchors_on_street": 0 }, "geometry": { "type": "Point", "coordinates": [ -76.599387441614269, 39.280152734109862 ] } },
{ "type": "Feature", "properties": { "surname": "Sharp", "given": "Henry", "occupation": "caulker", "house_no": 129, "street_raw": "s Spring", "street_matched": "SPRING (S.)", "side": "left", "confidence": "bracketed", "anchors_on_street": 8 }, "geometry": { "type": "Point", "coordinates": [ -76.597659927342917, 39.287284562412111 ] } },
{ "type": "Feature", "properties": { "surname": "Sharp", "given": "Silvy", "occupation": "", "house_no": 207, "street_raw": "Forest", "street_matched": "FORREST", "side": "", "confidence": "street_proportional", "anchors_on_street": 0 }, "geometry": { "type": "Point", "coordinates": [ -76.605079492957046, 39.29645653265451 ] } },
{ "type": "Feature", "properties": { "surname": "Sharp", "given": "Sydny", "occupation": "", "house_no": 65, "street_raw": "Forest", "street_matched": "FORREST", "side": "", "confidence": "street_proportional", "anchors_on_street": 0 }, "geometry": { "type": "Point", "coordinates": [ -76.60760346610185, 39.299617847043038 ] } },
{ "type": "Feature", "properties": { "surname": "Sharper", "given": "Zach. J. barber", "occupation": "", "house_no": 48, "street_raw": "n Paca", "street_matched": "PACA (N)", "side": "right", "confidence": "bracketed", "anchors_on_street": 6 }, "geometry": { "type": "Point", "coordinates": [ -76.622446040872688, 39.291706117278899 ] } },
{ "type": "Feature", "properties": { "surname": "Sheaf", "given": "James", "occupation": "steward", "house_no": 16, "street_raw": "Lewis", "street_matched": "LEWIS", "side": "", "confidence": "street_proportional", "anchors_on_street": 0 }, "geometry": { "type": "Point", "coordinates": [ -76.600267541295963, 39.29488253012633 ] } },
{ "type": "Feature", "properties": { "surname": "Sheaf", "given": "Perry", "occupation": "grain measurer", "house_no": 14, "street_raw": "Short", "street_matched": "SHORT", "side": "", "confidence": "street_proportional", "anchors_on_street": 0 }, "geometry": { "type": "Point", "coordinates": [ -76.597737985016479, 39.295883074591622 ] } },
{ "type": "Feature", "properties": { "surname": "Sheppard", "given": "Benj. drayman", "occupation": "", "house_no": 83, "street_raw": "Union", "street_matched": "COLVIN", "side": "", "confidence": "street_proportional", "anchors_on_street": 0 }, "geometry": { "type": "Point", "coordinates": [ -76.603027264811956, 39.291601363237859 ] } },
{ "type": "Feature", "properties": { "surname": "Sheppard", "given": "Eliza", "occupation": "cook", "house_no": 9, "street_raw": "State", "street_matched": "STATE", "side": "", "confidence": "street_proportional", "anchors_on_street": 0 }, "geometry": { "type": "Point", "coordinates": [ -76.620380575089442, 39.294671418338972 ] } },
{ "type": "Feature", "properties": { "surname": "Shorter", "given": "Henry", "occupation": "laborer", "house_no": 262, "street_raw": "Aisquith", "street_matched": "AISQUITH", "side": "left", "confidence": "bracketed", "anchors_on_street": 15 }, "geometry": { "type": "Point", "coordinates": [ -76.60200584381397, 39.300710706075996 ] } },
{ "type": "Feature", "properties": { "surname": "Simms", "given": "Ann", "occupation": "washer", "house_no": 78, "street_raw": "Union", "street_matched": "COLVIN", "side": "", "confidence": "street_proportional", "anchors_on_street": 0 }, "geometry": { "type": "Point", "coordinates": [ -76.603202023439735, 39.291975545298911 ] } },
{ "type": "Feature", "properties": { "surname": "Simms", "given": "Ann", "occupation": "", "house_no": 82, "street_raw": "Union", "street_matched": "COLVIN", "side": "", "confidence": "street_proportional", "anchors_on_street": 0 }, "geometry": { "type": "Point", "coordinates": [ -76.603062216390015, 39.291676199674221 ] } },
{ "type": "Feature", "properties": { "surname": "Simms", "given": "Prancis", "occupation": "drayman", "house_no": 214, "street_raw": "Dallas", "street_matched": "DALLAS (S)", "side": "left", "confidence": "bracketed", "anchors_on_street": 9 }, "geometry": { "type": "Point", "coordinates": [ -76.596000884591234, 39.284794790858015 ] } },
{ "type": "Feature", "properties": { "surname": "Simms", "given": "James", "occupation": "drayman", "house_no": 140, "street_raw": "Tyson", "street_matched": "TYSON", "side": "", "confidence": "street_proportional", "anchors_on_street": 0 }, "geometry": { "type": "Point", "coordinates": [ -76.619196513416838, 39.297737165196317 ] } },
{ "type": "Feature", "properties": { "surname": "Simms", "given": "John", "occupation": "", "house_no": 21, "street_raw": "Forest", "street_matched": "FORREST", "side": "", "confidence": "street_proportional", "anchors_on_street": 0 }, "geometry": { "type": "Point", "coordinates": [ -76.60791304541651, 39.300784576551266 ] } },
{ "type": "Feature", "properties": { "surname": "Simms", "given": "John", "occupation": "drayman", "house_no": 138, "street_raw": "Tyson", "street_matched": "TYSON", "side": "", "confidence": "street_proportional", "anchors_on_street": 0 }, "geometry": { "type": "Point", "coordinates": [ -76.619199285763457, 39.297780065141644 ] } },
{ "type": "Feature", "properties": { "surname": "Simms", "given": "Thos. laborer", "occupation": "", "house_no": 56, "street_raw": "Orleans", "street_matched": "ORLEANS", "side": "left", "confidence": "bracketed", "anchors_on_street": 10 }, "geometry": { "type": "Point", "coordinates": [ -76.600568797031869, 39.294943388764928 ] } },
{ "type": "Feature", "properties": { "surname": "Simpson", "given": "Agnes", "occupation": "fruit dealer", "house_no": 112, "street_raw": "Camden", "street_matched": "CAMDEN", "side": "left", "confidence": "bracketed", "anchors_on_street": 6 }, "geometry": { "type": "Point", "coordinates": [ -76.619883423347702, 39.285243526315611 ] } },
{ "type": "Feature", "properties": { "surname": "Simpson", "given": "James", "occupation": "brickmoulder", "house_no": 118, "street_raw": "Hill", "street_matched": "HILL", "side": "left", "confidence": "bracketed", "anchors_on_street": 5 }, "geometry": { "type": "Point", "coordinates": [ -76.617692986913084, 39.280917905220768 ] } },
{ "type": "Feature", "properties": { "surname": "Singer", "given": "Danl. laborer", "occupation": "", "house_no": 106, "street_raw": "Jasper", "street_matched": "JASPER", "side": "", "confidence": "street_proportional", "anchors_on_street": 0 }, "geometry": { "type": "Point", "coordinates": [ -76.621816475175351, 39.292617841025503 ] } },
{ "type": "Feature", "properties": { "surname": "Skinner", "given": "James", "occupation": "blacksmith", "house_no": 59, "street_raw": "Davis", "street_matched": "DAVIS", "side": "", "confidence": "street_proportional", "anchors_on_street": 0 }, "geometry": { "type": "Point", "coordinates": [ -76.612091387218939, 39.29364145023122 ] } },
{ "type": "Feature", "properties": { "surname": "Skinner", "given": "Jonath. steamboat hand", "occupation": "", "house_no": 249, "street_raw": "s Charles", "street_matched": "CHARLES (S.)", "side": "left", "confidence": "bracketed", "anchors_on_street": 12 }, "geometry": { "type": "Point", "coordinates": [ -76.61457561889344, 39.279755837764462 ] } },
{ "type": "Feature", "properties": { "surname": "Skinner", "given": "Thos. furn. wagoner", "occupation": "", "house_no": 52, "street_raw": "Welcome al", "street_matched": "WELCOME", "side": "", "confidence": "street_proportional", "anchors_on_street": 0 }, "geometry": { "type": "Point", "coordinates": [ -76.618599719746399, 39.282545702972733 ] } },
{ "type": "Feature", "properties": { "surname": "Skinner", "given": "Thes. grain runner", "occupation": "", "house_no": 202, "street_raw": "s Charles", "street_matched": "CHARLES (S.)", "side": "left", "confidence": "bracketed", "anchors_on_street": 12 }, "geometry": { "type": "Point", "coordinates": [ -76.614679421408027, 39.281322953304503 ] } },
{ "type": "Feature", "properties": { "surname": "Skinner", "given": "Thos.brickmaker", "occupation": "", "house_no": 129, "street_raw": "Happy al", "street_matched": "DURHAM (S)", "side": "left", "confidence": "bracketed", "anchors_on_street": 9 }, "geometry": { "type": "Point", "coordinates": [ -76.590874485227047, 39.288191967718802 ] } },
{ "type": "Feature", "properties": { "surname": "Slater", "given": "Jos. ship carpenter", "occupation": "", "house_no": 125, "street_raw": "G. Montgomery", "street_matched": "MONTGOMERY", "side": "left", "confidence": "extrapolated", "anchors_on_street": 7 }, "geometry": { "type": "Point", "coordinates": [ -76.60985412508326, 39.280059233318184 ] } },
{ "type": "Feature", "properties": { "surname": "Slater", "given": "Robt. ship carpenter", "occupation": "", "house_no": 127, "street_raw": "G.Montgomery", "street_matched": "MONTGOMERY", "side": "left", "confidence": "extrapolated", "anchors_on_street": 7 }, "geometry": { "type": "Point", "coordinates": [ -76.60985412508326, 39.280059233318184 ] } },
{ "type": "Feature", "properties": { "surname": "Small", "given": "Geo. hackman", "occupation": "", "house_no": 3, "street_raw": "McElderry al", "street_matched": "MCELDERRY", "side": "", "confidence": "street_proportional", "anchors_on_street": 0 }, "geometry": { "type": "Point", "coordinates": [ -76.590821420782007, 39.297430027821889 ] } },
{ "type": "Feature", "properties": { "surname": "Small", "given": "John", "occupation": "carter", "house_no": 11, "street_raw": "State", "street_matched": "STATE", "side": "", "confidence": "street_proportional", "anchors_on_street": 0 }, "geometry": { "type": "Point", "coordinates": [ -76.620375283859389, 39.29458409761795 ] } },
{ "type": "Feature", "properties": { "surname": "Smallwood", "given": "David", "occupation": "drayman", "house_no": 28, "street_raw": "Biddle al", "street_matched": "BIDDLE, (W)", "side": "right", "confidence": "bracketed", "anchors_on_street": 11 }, "geometry": { "type": "Point", "coordinates": [ -76.619210706810691, 39.302597714085977 ] } },
{ "type": "Feature", "properties": { "surname": "Smallwood", "given": "John", "occupation": "seaman", "house_no": 35, "street_raw": "Forest", "street_matched": "FORREST", "side": "", "confidence": "street_proportional", "anchors_on_street": 0 }, "geometry": { "type": "Point", "coordinates": [ -76.607814915275782, 39.300413284907386 ] } },
{ "type": "Feature", "properties": { "surname": "Smith", "given": "Alex", "occupation": "porter", "house_no": 19, "street_raw": "Ross", "street_matched": "ROSS", "side": "left", "confidence": "bracketed", "anchors_on_street": 8 }, "geometry": { "type": "Point", "coordinates": [ -76.621703321275191, 39.296809071884759 ] } },
{ "type": "Feature", "properties": { "surname": "Smith", "given": "Ann", "occupation": "", "house_no": 51, "street_raw": "Dover", "street_matched": "DOVER", "side": "", "confidence": "street_proportional", "anchors_on_street": 0 }, "geometry": { "type": "Point", "coordinates": [ -76.621539813237874, 39.285864800018302 ] } },
{ "type": "Feature", "properties": { "surname": "Smith", "given": "Ann", "occupation": "washer", "house_no": 4, "street_raw": "New", "street_matched": "BALDERSTON", "side": "", "confidence": "street_proportional", "anchors_on_street": 0 }, "geometry": { "type": "Point", "coordinates": [ -76.612823382655051, 39.287514557824046 ] } },
{ "type": "Feature", "properties": { "surname": "Smith", "given": "Ann", "occupation": "washer", "house_no": 28, "street_raw": "Short", "street_matched": "SHORT", "side": "", "confidence": "street_proportional", "anchors_on_street": 0 }, "geometry": { "type": "Point", "coordinates": [ -76.598060725371127, 39.29586944867912 ] } },
{ "type": "Feature", "properties": { "surname": "Smith", "given": "Aug. coachman", "occupation": "", "house_no": 114, "street_raw": "Tyson", "street_matched": "TYSON", "side": "", "confidence": "street_proportional", "anchors_on_street": 0 }, "geometry": { "type": "Point", "coordinates": [ -76.619232552802686, 39.298294864491204 ] } },
{ "type": "Feature", "properties": { "surname": "Smith", "given": "Bazil", "occupation": "laborer", "house_no": 22, "street_raw": "Union", "street_matched": "COLVIN", "side": "", "confidence": "street_proportional", "anchors_on_street": 0 }, "geometry": { "type": "Point", "coordinates": [ -76.60648046826573, 39.295543586361518 ] } },
{ "type": "Feature", "properties": { "surname": "Smith", "given": "Chas. drayman", "occupation": "", "house_no": 12, "street_raw": "Forest", "street_matched": "FORREST", "side": "", "confidence": "street_proportional", "anchors_on_street": 0 }, "geometry": { "type": "Point", "coordinates": [ -76.60797593016153, 39.301023295834078 ] } },
{ "type": "Feature", "properties": { "surname": "Smith", "given": "Chas. huckster", "occupation": "", "house_no": 51, "street_raw": "Dallas", "street_matched": "DALLAS (S)", "side": "left", "confidence": "bracketed", "anchors_on_street": 9 }, "geometry": { "type": "Point", "coordinates": [ -76.596318117795775, 39.290040824517945 ] } },
{ "type": "Feature", "properties": { "surname": "Smith", "given": "Charlotte", "occupation": "", "house_no": 4, "street_raw": "s Eden", "street_matched": "EDEN (S)", "side": "right", "confidence": "extrapolated", "anchors_on_street": 3 }, "geometry": { "type": "Point", "coordinates": [ -76.598675762548382, 39.291379042428993 ] } },
{ "type": "Feature", "properties": { "surname": "Smith", "given": "Edwd. laborer", "occupation": "", "house_no": 55, "street_raw": "Dallas", "street_matched": "DALLAS (S)", "side": "left", "confidence": "bracketed", "anchors_on_street": 9 }, "geometry": { "type": "Point", "coordinates": [ -76.596309983925138, 39.28990631785269 ] } },
{ "type": "Feature", "properties": { "surname": "Smith", "given": "Geo. butcher", "occupation": "", "house_no": 2, "street_raw": "Union al", "street_matched": "COLVIN", "side": "", "confidence": "street_proportional", "anchors_on_street": 0 }, "geometry": { "type": "Point", "coordinates": [ -76.607866034283077, 39.296716696760861 ] } },
{ "type": "Feature", "properties": { "surname": "Smith", "given": "Henry", "occupation": "laborer", "house_no": 25, "street_raw": "Short", "street_matched": "SHORT", "side": "", "confidence": "street_proportional", "anchors_on_street": 0 }, "geometry": { "type": "Point", "coordinates": [ -76.597991566734137, 39.295872368592157 ] } },
{ "type": "Feature", "properties": { "surname": "Smith", "given": "Hezekiah", "occupation": "", "house_no": 144, "street_raw": "Dallas", "street_matched": "DALLAS (S)", "side": "left", "confidence": "bracketed", "anchors_on_street": 9 }, "geometry": { "type": "Point", "coordinates": [ -76.596133709438675, 39.28699129819914 ] } },
{ "type": "Feature", "properties": { "surname": "Smith", "given": "Isaac", "occupation": "laborer", "house_no": 11, "street_raw": "Short", "street_matched": "SHORT", "side": "", "confidence": "street_proportional", "anchors_on_street": 0 }, "geometry": { "type": "Point", "coordinates": [ -76.59766882635293, 39.295885994314673 ] } },
{ "type": "Feature", "properties": { "surname": "Smith", "given": "James", "occupation": "laborer", "house_no": 1, "street_raw": "Short", "street_matched": "SHORT", "side": "", "confidence": "street_proportional", "anchors_on_street": 0 }, "geometry": { "type": "Point", "coordinates": [ -76.597438297433285, 39.295895726430771 ] } },
{ "type": "Feature", "properties": { "surname": "Smith", "given": "James", "occupation": "sailor", "house_no": 71, "street_raw": "Dallas", "street_matched": "DALLAS (S)", "side": "left", "confidence": "bracketed", "anchors_on_street": 9 }, "geometry": { "type": "Point", "coordinates": [ -76.596277448751081, 39.289368291132078 ] } },
{ "type": "Feature", "properties": { "surname": "Smith", "given": "James", "occupation": "", "house_no": 174, "street_raw": "Dallas '", "street_matched": "DALLAS (S)", "side": "left", "confidence": "bracketed", "anchors_on_street": 9 }, "geometry": { "type": "Point", "coordinates": [ -76.596066669597491, 39.285882678362391 ] } },
{ "type": "Feature", "properties": { "surname": "Smith", "given": "James", "occupation": "sawyer", "house_no": 169, "street_raw": "Dallas", "street_matched": "DALLAS (S)", "side": "left", "confidence": "bracketed", "anchors_on_street": 9 }, "geometry": { "type": "Point", "coordinates": [ -76.596075781456435, 39.286033360136862 ] } },
{ "type": "Feature", "properties": { "surname": "Smith", "given": "JameSi laborer", "occupation": "", "house_no": 18, "street_raw": "Dallas", "street_matched": "DALLAS (S)", "side": "left", "confidence": "bracketed", "anchors_on_street": 9 }, "geometry": { "type": "Point", "coordinates": [ -76.596376380526507, 39.291004311037703 ] } },
{ "type": "Feature", "properties": { "surname": "Smith", "given": "James", "occupation": "teamster", "house_no": 69, "street_raw": "East", "street_matched": "EAST", "side": "", "confidence": "street_proportional", "anchors_on_street": 0 }, "geometry": { "type": "Point", "coordinates": [ -76.573422020244138, 39.307019719101397 ] } },
{ "type": "Feature", "properties": { "surname": "Smith", "given": "James", "occupation": "laborer", "house_no": 7, "street_raw": "Jasper", "street_matched": "JASPER", "side": "", "confidence": "street_proportional", "anchors_on_street": 0 }, "geometry": { "type": "Point", "coordinates": [ -76.622101081773948, 39.297036462198683 ] } },
{ "type": "Feature", "properties": { "surname": "Smith", "given": "Jane", "occupation": "washer", "house_no": 12, "street_raw": "Dallas", "street_matched": "DALLAS (S)", "side": "left", "confidence": "bracketed", "anchors_on_street": 9 }, "geometry": { "type": "Point", "coordinates": [ -76.596386541472953, 39.291172334044383 ] } },
{ "type": "Feature", "properties": { "surname": "Smith", "given": "Jesse", "occupation": "waiter", "house_no": 58, "street_raw": "Davis", "street_matched": "DAVIS", "side": "", "confidence": "street_proportional", "anchors_on_street": 0 }, "geometry": { "type": "Point", "coordinates": [ -76.612083712925212, 39.293520419581583 ] } },
{ "type": "Feature", "properties": { "surname": "Smith", "given": "John", "occupation": "laborer", "house_no": 28, "street_raw": "Cross", "street_matched": "CROSS", "side": "", "confidence": "street_proportional", "anchors_on_street": 0 }, "geometry": { "type": "Point", "coordinates": [ -76.613647402748299, 39.276905640967385 ] } },
{ "type": "Feature", "properties": { "surname": "Smith", "given": "John", "occupation": "laborer", "house_no": 80, "street_raw": "Watson", "street_matched": "WATSON", "side": "", "confidence": "street_proportional", "anchors_on_street": 0 }, "geometry": { "type": "Point", "coordinates": [ -76.602817767506082, 39.289927221695407 ] } },
{ "type": "Feature", "properties": { "surname": "Smith", "given": "John", "occupation": "coachman", "house_no": 102, "street_raw": "East", "street_matched": "EAST", "side": "", "confidence": "street_proportional", "anchors_on_street": 0 }, "geometry": { "type": "Point", "coordinates": [ -76.573473108496998, 39.30799835245444 ] } },
{ "type": "Feature", "properties": { "surname": "Smith", "given": "John H. hackman", "occupation": "", "house_no": 123, "street_raw": "St Paul", "street_matched": "PAUL", "side": "", "confidence": "street_proportional", "anchors_on_street": 0 }, "geometry": { "type": "Point", "coordinates": [ -76.613772434819722, 39.295817294544158 ] } },
{ "type": "Feature", "properties": { "surname": "Smith", "given": "Jos. porter;", "occupation": "", "house_no": 139, "street_raw": "York", "street_matched": "YORK", "side": "", "confidence": "street_proportional", "anchors_on_street": 0 }, "geometry": { "type": "Point", "coordinates": [ -76.614488447925581, 39.281358778054553 ] } },
{ "type": "Feature", "properties": { "surname": "Smith", "given": "Jos. seaman", "occupation": "", "house_no": 78, "street_raw": "Lewis", "street_matched": "LEWIS", "side": "", "confidence": "street_proportional", "anchors_on_street": 0 }, "geometry": { "type": "Point", "coordinates": [ -76.600404002498124, 39.297011346850667 ] } },
{ "type": "Feature", "properties": { "surname": "Smith", "given": "Julia Ann", "occupation": "", "house_no": 217, "street_raw": "Dallas", "street_matched": "DALLAS (S)", "side": "left", "confidence": "bracketed", "anchors_on_street": 9 }, "geometry": { "type": "Point", "coordinates": [ -76.595996237869841, 39.284717947176027 ] } },
{ "type": "Feature", "properties": { "surname": "Smith", "given": "Levin", "occupation": "carter", "house_no": 5, "street_raw": "Johnson", "street_matched": "JOHNSON", "side": "", "confidence": "street_proportional", "anchors_on_street": 0 }, "geometry": { "type": "Point", "coordinates": [ -76.609426234564992, 39.27174816508402 ] } },
{ "type": "Feature", "properties": { "surname": "Smith", "given": "London> sawyer", "occupation": "", "house_no": 23, "street_raw": "Forest", "street_matched": "FORREST", "side": "", "confidence": "street_proportional", "anchors_on_street": 0 }, "geometry": { "type": "Point", "coordinates": [ -76.607899071086223, 39.300731527814847 ] } },
{ "type": "Feature", "properties": { "surname": "Smith", "given": "Moses", "occupation": "laborer", "house_no": 6, "street_raw": "Elbow lane", "street_matched": "CAMDEN", "side": "left", "confidence": "extrapolated", "anchors_on_street": 6 }, "geometry": { "type": "Point", "coordinates": [ -76.614133055046068, 39.28547460755027 ] } },
{ "type": "Feature", "properties": { "surname": "Smith", "given": "Nathl. S. drayman", "occupation": "", "house_no": 6, "street_raw": "Forest", "street_matched": "FORREST", "side": "", "confidence": "street_proportional", "anchors_on_street": 0 }, "geometry": { "type": "Point", "coordinates": [ -76.608017853560028, 39.301182441994378 ] } },
{ "type": "Feature", "properties": { "surname": "Smith", "given": "Peter M. waiter", "occupation": "", "house_no": 51, "street_raw": "Conway", "street_matched": "CONWAY", "side": "", "confidence": "street_proportional", "anchors_on_street": 0 }, "geometry": { "type": "Point", "coordinates": [ -76.613241635733786, 39.284260636884348 ] } },
{ "type": "Feature", "properties": { "surname": "Smith", "given": "Rachel", "occupation": "washer", "house_no": 12, "street_raw": "Jasper", "street_matched": "JASPER", "side": "", "confidence": "street_proportional", "anchors_on_street": 0 }, "geometry": { "type": "Point", "coordinates": [ -76.622086707494461, 39.29681329964518 ] } },
{ "type": "Feature", "properties": { "surname": "Smith", "given": "Richd. laborer", "occupation": "", "house_no": 126, "street_raw": "York", "street_matched": "YORK", "side": "", "confidence": "street_proportional", "anchors_on_street": 0 }, "geometry": { "type": "Point", "coordinates": [ -76.613234832348311, 39.281406138611572 ] } },
{ "type": "Feature", "properties": { "surname": "Smith", "given": "Saml. waiter", "occupation": "", "house_no": 1, "street_raw": "Mullikin", "street_matched": "MULLIKIN", "side": "right", "confidence": "bracketed", "anchors_on_street": 9 }, "geometry": { "type": "Point", "coordinates": [ -76.601727788298277, 39.294308556411963 ] } },
{ "type": "Feature", "properties": { "surname": "Smith", "given": "Sarah", "occupation": "washer", "house_no": 54, "street_raw": "Biddle", "street_matched": "BIDDLE, (W)", "side": "right", "confidence": "bracketed", "anchors_on_street": 11 }, "geometry": { "type": "Point", "coordinates": [ -76.619879812698272, 39.302037456311766 ] } },
{ "type": "Feature", "properties": { "surname": "Smith", "given": "Shad rack", "occupation": "", "house_no": 77, "street_raw": "s Spring", "street_matched": "SPRING (S.)", "side": "left", "confidence": "bracketed", "anchors_on_street": 8 }, "geometry": { "type": "Point", "coordinates": [ -76.597741669028494, 39.288577607259832 ] } },
{ "type": "Feature", "properties": { "surname": "Smith", "given": "Terrence", "occupation": "", "house_no": 67, "street_raw": "s Spring", "street_matched": "SPRING (S.)", "side": "left", "confidence": "bracketed", "anchors_on_street": 8 }, "geometry": { "type": "Point", "coordinates": [ -76.597756474733089, 39.288811816863841 ] } },
{ "type": "Feature", "properties": { "surname": "Smith", "given": "Tilghman", "occupation": "laborer", "house_no": 2, "street_raw": "Marion", "street_matched": "MARION", "side": "", "confidence": "street_proportional", "anchors_on_street": 0 }, "geometry": { "type": "Point", "coordinates": [ -76.617557310070382, 39.291038206935006 ] } },
{ "type": "Feature", "properties": { "surname": "Smith", "given": "Wm. laborer", "occupation": "", "house_no": 53, "street_raw": "Dallas", "street_matched": "DALLAS (S)", "side": "left", "confidence": "bracketed", "anchors_on_street": 9 }, "geometry": { "type": "Point", "coordinates": [ -76.596314050856606, 39.289973571186067 ] } },
{ "type": "Feature", "properties": { "surname": "Smith", "given": "Wm. laborer", "occupation": "", "house_no": 2, "street_raw": "Peirce", "street_matched": "PIERCE", "side": "", "confidence": "street_proportional", "anchors_on_street": 0 }, "geometry": { "type": "Point", "coordinates": [ -76.634101775064025, 39.293853566490846 ] } },
{ "type": "Feature", "properties": { "surname": "Smith", "given": "Wilson", "occupation": "steamboatman", "house_no": 105, "street_raw": "Hill", "street_matched": "HILL", "side": "left", "confidence": "bracketed", "anchors_on_street": 5 }, "geometry": { "type": "Point", "coordinates": [ -76.61715343858026, 39.280933815796509 ] } },
{ "type": "Feature", "properties": { "surname": "Smithers", "given": "Jesse", "occupation": "laborer", "house_no": 133, "street_raw": "Hill", "street_matched": "HILL", "side": "left", "confidence": "bracketed", "anchors_on_street": 5 }, "geometry": { "type": "Point", "coordinates": [ -76.618358026599481, 39.280896783748688 ] } },
{ "type": "Feature", "properties": { "surname": "Suell", "given": "Chas. laborer", "occupation": "", "house_no": 90, "street_raw": "Orchard", "street_matched": "ORCHARD", "side": "", "confidence": "street_proportional", "anchors_on_street": 0 }, "geometry": { "type": "Point", "coordinates": [ -76.624852561282381, 39.296640005239723 ] } },
{ "type": "Feature", "properties": { "surname": "Snell", "given": "Moses", "occupation": "waiter", "house_no": 40, "street_raw": "Wayne", "street_matched": "WAYNE", "side": "", "confidence": "street_proportional", "anchors_on_street": 0 }, "geometry": { "type": "Point", "coordinates": [ -76.618198884241593, 39.283520070749987 ] } },
{ "type": "Feature", "properties": { "surname": "Snow", "given": "Maria J. washer", "occupation": "", "house_no": 82, "street_raw": "Spring", "street_matched": "SPRING (S.)", "side": "left", "confidence": "bracketed", "anchors_on_street": 8 }, "geometry": { "type": "Point", "coordinates": [ -76.597734266071626, 39.288460502456402 ] } },
{ "type": "Feature", "properties": { "surname": "Snowden", "given": "Fanny", "occupation": "washer", "house_no": 801, "street_raw": "Saratoga", "street_matched": "SARATOGA", "side": "left", "confidence": "extrapolated", "anchors_on_street": 16 }, "geometry": { "type": "Point", "coordinates": [ -76.651932473449889, 39.291795701173626 ] } },
{ "type": "Feature", "properties": { "surname": "Snowden", "given": "John", "occupation": "drayman", "house_no": 45, "street_raw": "Chatsworth", "street_matched": "MYRTLE", "side": "", "confidence": "street_proportional", "anchors_on_street": 0 }, "geometry": { "type": "Point", "coordinates": [ -76.627985702110649, 39.291199792509794 ] } },
{ "type": "Feature", "properties": { "surname": "Snowden", "given": "Peter", "occupation": "laborer", "house_no": 112, "street_raw": "Sarah Ann", "street_matched": "SARAH ANN", "side": "", "confidence": "street_proportional", "anchors_on_street": 0 }, "geometry": { "type": "Point", "coordinates": [ -76.628664574294703, 39.293125804240539 ] } },
{ "type": "Feature", "properties": { "surname": "Sowden", "given": "Chas. laborer", "occupation": "", "house_no": 23, "street_raw": "Johnson", "street_matched": "JOHNSON", "side": "", "confidence": "street_proportional", "anchors_on_street": 0 }, "geometry": { "type": "Point", "coordinates": [ -76.609205609059345, 39.268461549731548 ] } },
{ "type": "Feature", "properties": { "surname": "Soden", "given": "AVm. laborer", "occupation": "", "house_no": 25, "street_raw": "Johnson", "street_matched": "JOHNSON", "side": "", "confidence": "street_proportional", "anchors_on_street": 0 }, "geometry": { "type": "Point", "coordinates": [ -76.609181094834057, 39.268096370090205 ] } },
{ "type": "Feature", "properties": { "surname": "Sorrell", "given": "Dorcas", "occupation": "", "house_no": 119, "street_raw": "Hill", "street_matched": "HILL", "side": "left", "confidence": "bracketed", "anchors_on_street": 5 }, "geometry": { "type": "Point", "coordinates": [ -76.617737322904489, 39.280916497239758 ] } },
{ "type": "Feature", "properties": { "surname": "Sorrell", "given": "Walter", "occupation": "barber, North st. Saloon", "house_no": 101, "street_raw": "Hill", "street_matched": "HILL", "side": "left", "confidence": "bracketed", "anchors_on_street": 5 }, "geometry": { "type": "Point", "coordinates": [ -76.616992458856501, 39.280938384221081 ] } },
{ "type": "Feature", "properties": { "surname": "Sparrow", "given": "Nancy", "occupation": "", "house_no": 57, "street_raw": "L. Sharp", "street_matched": "SHARP, (S)", "side": "left", "confidence": "extrapolated", "anchors_on_street": 5 }, "geometry": { "type": "Point", "coordinates": [ -76.617515642871879, 39.280923535799914 ] } },
{ "type": "Feature", "properties": { "surname": "Sparrow", "given": "Priscilla", "occupation": "washer", "house_no": 42, "street_raw": "Low", "street_matched": "LOW", "side": "", "confidence": "street_proportional", "anchors_on_street": 0 }, "geometry": { "type": "Point", "coordinates": [ -76.602166518371902, 39.296389617999886 ] } },
{ "type": "Feature", "properties": { "surname": "Spence", "given": "Benj. laborer", "occupation": "", "house_no": 91, "street_raw": "Happy al", "street_matched": "DURHAM (S)", "side": "left", "confidence": "bracketed", "anchors_on_street": 9 }, "geometry": { "type": "Point", "coordinates": [ -76.590919531985847, 39.288940647529614 ] } },
{ "type": "Feature", "properties": { "surname": "Spencer", "given": "Enoch", "occupation": "laborer", "house_no": 1, "street_raw": "Star al", "street_matched": "CHAPEL", "side": "", "confidence": "street_proportional", "anchors_on_street": 0 }, "geometry": { "type": "Point", "coordinates": [ -76.589825589146884, 39.291694845075675 ] } },
{ "type": "Feature", "properties": { "surname": "Spencer", "given": "Jos. grain measurer", "occupation": "", "house_no": 142, "street_raw": "Low", "street_matched": "LOW", "side": "", "confidence": "street_proportional", "anchors_on_street": 0 }, "geometry": { "type": "Point", "coordinates": [ -76.606880495735737, 39.292739722395332 ] } },
{ "type": "Feature", "properties": { "surname": "Spriggs", "given": "Harriet", "occupation": "washer", "house_no": 9, "street_raw": "Sarah Ann", "street_matched": "SARAH ANN", "side": "", "confidence": "street_proportional", "anchors_on_street": 0 }, "geometry": { "type": "Point", "coordinates": [ -76.625005359408377, 39.293251484769833 ] } },
{ "type": "Feature", "properties": { "surname": "Spriggs", "given": "John H. laborer", "occupation": "", "house_no": 127, "street_raw": "Happy al", "street_matched": "DURHAM (S)", "side": "left", "confidence": "bracketed", "anchors_on_street": 9 }, "geometry": { "type": "Point", "coordinates": [ -76.590876856085387, 39.28823137192397 ] } },
{ "type": "Feature", "properties": { "surname": "Squirrel", "given": "Robt. laborer", "occupation": "", "house_no": 19, "street_raw": "State", "street_matched": "STATE", "side": "", "confidence": "street_proportional", "anchors_on_street": 0 }, "geometry": { "type": "Point", "coordinates": [ -76.620354119199831, 39.294234814703877 ] } },
{ "type": "Feature", "properties": { "surname": "Stanley", "given": "Joshua", "occupation": "laborer", "house_no": 249, "street_raw": "s Charles", "street_matched": "CHARLES (S.)", "side": "left", "confidence": "bracketed", "anchors_on_street": 12 }, "geometry": { "type": "Point", "coordinates": [ -76.61457561889344, 39.279755837764462 ] } },
{ "type": "Feature", "properties": { "surname": "Stanley", "given": "Wash", "occupation": "laborer", "house_no": 142, "street_raw": "Happy al", "street_matched": "DURHAM (S)", "side": "left", "confidence": "bracketed", "anchors_on_street": 9 }, "geometry": { "type": "Point", "coordinates": [ -76.590859074712057, 39.287935840372818 ] } },
{ "type": "Feature", "properties": { "surname": "Stansbury", "given": "Danl. laborer", "occupation": "", "house_no": 133, "street_raw": "Low", "street_matched": "LOW", "side": "", "confidence": "street_proportional", "anchors_on_street": 0 }, "geometry": { "type": "Point", "coordinates": [ -76.606456242380858, 39.293068209010869 ] } },
{ "type": "Feature", "properties": { "surname": "Stansbury", "given": "Isaac", "occupation": "laborer", "house_no": 101, "street_raw": "Low", "street_matched": "LOW", "side": "", "confidence": "street_proportional", "anchors_on_street": 0 }, "geometry": { "type": "Point", "coordinates": [ -76.604947777541838, 39.294236166966101 ] } },
{ "type": "Feature", "properties": { "surname": "Stansbury", "given": "Perry", "occupation": "", "house_no": 97, "street_raw": "Watson", "street_matched": "WATSON", "side": "", "confidence": "street_proportional", "anchors_on_street": 0 }, "geometry": { "type": "Point", "coordinates": [ -76.603904064714484, 39.289642150610526 ] } },
{ "type": "Feature", "properties": { "surname": "Sterrett", "given": "Priscilla", "occupation": "", "house_no": 49, "street_raw": "Perry", "street_matched": "PERRY", "side": "", "confidence": "street_proportional", "anchors_on_street": 0 }, "geometry": { "type": "Point", "coordinates": [ -76.617230993131685, 39.284840819828432 ] } },
{ "type": "Feature", "properties": { "surname": "Stevens", "given": "Alex", "occupation": "caulker", "house_no": 192, "street_raw": "Eastern av", "street_matched": "EASTERN", "side": "", "confidence": "street_proportional", "anchors_on_street": 0 }, "geometry": { "type": "Point", "coordinates": [ -76.582943635027746, 39.286030098909237 ] } },
{ "type": "Feature", "properties": { "surname": "Stevens", "given": "Harrison", "occupation": "drayman", "house_no": 77, "street_raw": "Jasper", "street_matched": "JASPER", "side": "", "confidence": "street_proportional", "anchors_on_street": 0 }, "geometry": { "type": "Point", "coordinates": [ -76.621899844182536, 39.293912185159428 ] } },
{ "type": "Feature", "properties": { "surname": "Elevens", "given": "Jacob", "occupation": "sievadore", "house_no": 155, "street_raw": "Happy al", "street_matched": "DURHAM (S)", "side": "left", "confidence": "bracketed", "anchors_on_street": 9 }, "geometry": { "type": "Point", "coordinates": [ -76.590840336311047, 39.28762993437131 ] } },
{ "type": "Feature", "properties": { "surname": "Stevens", "given": "Jane", "occupation": "47 Douglass ►Stevens Ma la eh i, laborer", "house_no": 49, "street_raw": "Douglass", "street_matched": "LEXINGTON", "side": "left", "confidence": "extrapolated", "anchors_on_street": 21 }, "geometry": { "type": "Point", "coordinates": [ -76.615245353193259, 39.291065717826946 ] } },
{ "type": "Feature", "properties": { "surname": "Stevenson", "given": "Caroline", "occupation": "", "house_no": 198, "street_raw": "s Caroline", "street_matched": "CAROLINE (S.)", "side": "left", "confidence": "bracketed", "anchors_on_street": 10 }, "geometry": { "type": "Point", "coordinates": [ -76.596774638258012, 39.28569681824893 ] } },
{ "type": "Feature", "properties": { "surname": "Stevenson", "given": "Solomon", "occupation": "", "house_no": 140, "street_raw": "Spring", "street_matched": "SPRING (S.)", "side": "left", "confidence": "bracketed", "anchors_on_street": 8 }, "geometry": { "type": "Point", "coordinates": [ -76.597626219749657, 39.286751364469396 ] } },
{ "type": "Feature", "properties": { "surname": "Stewart", "given": "Edy", "occupation": "143 North S.ewart Elijah, caner", "house_no": 52, "street_raw": "Union", "street_matched": "COLVIN", "side": "", "confidence": "street_proportional", "anchors_on_street": 0 }, "geometry": { "type": "Point", "coordinates": [ -76.604402141084663, 39.293783935049419 ] } },
{ "type": "Feature", "properties": { "surname": "Stewart", "given": "Geo. drayman", "occupation": "", "house_no": 46, "street_raw": "Hill", "street_matched": "HILL", "side": "left", "confidence": "bracketed", "anchors_on_street": 5 }, "geometry": { "type": "Point", "coordinates": [ -76.614658628164818, 39.281009042734439 ] } },
{ "type": "Feature", "properties": { "surname": "Stewart", "given": "Jane", "occupation": "", "house_no": 14, "street_raw": "Jew al", "street_matched": "JEW", "side": "", "confidence": "street_proportional", "anchors_on_street": 0 }, "geometry": { "type": "Point", "coordinates": [ -76.621578303286171, 39.291260672014324 ] } },
{ "type": "Feature", "properties": { "surname": "Siewart", "given": "Margaret", "occupation": "", "house_no": 171, "street_raw": "s Caroline", "street_matched": "CAROLINE (S.)", "side": "left", "confidence": "bracketed", "anchors_on_street": 10 }, "geometry": { "type": "Point", "coordinates": [ -76.596823855941864, 39.286419984278602 ] } },
{ "type": "Feature", "properties": { "surname": "Siewart", "given": "Rezin", "occupation": "", "house_no": 14, "street_raw": "Biddle al", "street_matched": "BIDDLE, (W)", "side": "left", "confidence": "extrapolated", "anchors_on_street": 11 }, "geometry": { "type": "Point", "coordinates": [ -76.618807992464014, 39.302934917011932 ] } },
{ "type": "Feature", "properties": { "surname": "Stewart", "given": "Susan", "occupation": "washer", "house_no": 122, "street_raw": "Jasper", "street_matched": "JASPER", "side": "", "confidence": "street_proportional", "anchors_on_street": 0 }, "geometry": { "type": "Point", "coordinates": [ -76.621770478240933, 39.291903719944173 ] } },
{ "type": "Feature", "properties": { "surname": "Siewart", "given": "Wm. carter", "occupation": "", "house_no": 376, "street_raw": "s Charles", "street_matched": "CHARLES (S.)", "side": "left", "confidence": "extrapolated", "anchors_on_street": 12 }, "geometry": { "type": "Point", "coordinates": [ -76.614332226379304, 39.276081351749092 ] } },
{ "type": "Feature", "properties": { "surname": "Stukely", "given": "Henry", "occupation": "laborer", "house_no": 1, "street_raw": "Burgundy al", "street_matched": "BURGUNDY", "side": "", "confidence": "street_proportional", "anchors_on_street": 0 }, "geometry": { "type": "Point", "coordinates": [ -76.62171390531455, 39.284226249370342 ] } },
{ "type": "Feature", "properties": { "surname": "Stokely", "given": "Henry", "occupation": "laborer", "house_no": 139, "street_raw": "Happy al", "street_matched": "DURHAM (S)", "side": "left", "confidence": "bracketed", "anchors_on_street": 9 }, "geometry": { "type": "Point", "coordinates": [ -76.590862630974868, 39.287994946685359 ] } },
{ "type": "Feature", "properties": { "surname": "Stokes", "given": "Rev. Darius", "occupation": "drayman", "house_no": 46, "street_raw": "East", "street_matched": "EAST", "side": "", "confidence": "street_proportional", "anchors_on_street": 0 }, "geometry": { "type": "Point", "coordinates": [ -76.573386414062654, 39.30633764112644 ] } },
{ "type": "Feature", "properties": { "surname": "Stripling", "given": "Saml. laborer", "occupation": "", "house_no": 12, "street_raw": "Welcome al", "street_matched": "WELCOME", "side": "", "confidence": "street_proportional", "anchors_on_street": 0 }, "geometry": { "type": "Point", "coordinates": [ -76.614232333496446, 39.282701150874765 ] } },
{ "type": "Feature", "properties": { "surname": "Stump", "given": "Aqutlla", "occupation": "laborer, Mullikin w Ann jStump James, laborer", "house_no": 64, "street_raw": "Happy al", "street_matched": "DURHAM (S)", "side": "left", "confidence": "bracketed", "anchors_on_street": 9 }, "geometry": { "type": "Point", "coordinates": [ -76.590961145589318, 39.289556438156197 ] } },
{ "type": "Feature", "properties": { "surname": "Svlvester", "given": "James", "occupation": "laborer", "house_no": 49, "street_raw": "s Ann", "street_matched": "ANN, (S)", "side": "left", "confidence": "bracketed", "anchors_on_street": 10 }, "geometry": { "type": "Point", "coordinates": [ -76.591666840772717, 39.289924815888781 ] } },
{ "type": "Feature", "properties": { "surname": "Taeb", "given": "John", "occupation": "hand carter", "house_no": 35, "street_raw": "Park", "street_matched": "PARK", "side": "left", "confidence": "bracketed", "anchors_on_street": 9 }, "geometry": { "type": "Point", "coordinates": [ -76.618055296000122, 39.291717433644465 ] } },
{ "type": "Feature", "properties": { "surname": "Tackle", "given": "Matthias", "occupation": "carter", "house_no": 51, "street_raw": "Welcome al", "street_matched": "WELCOME", "side": "", "confidence": "street_proportional", "anchors_on_street": 0 }, "geometry": { "type": "Point", "coordinates": [ -76.618490536470006, 39.28254961096227 ] } },
{ "type": "Feature", "properties": { "surname": "Talhot", "given": "Lncreiia", "occupation": "washer", "house_no": 50, "street_raw": "Harmony lane", "street_matched": "FORREST", "side": "", "confidence": "street_proportional", "anchors_on_street": 0 }, "geometry": { "type": "Point", "coordinates": [ -76.607709190198847, 39.300015566030119 ] } },
{ "type": "Feature", "properties": { "surname": "Tall", "given": "Benj. ..slier", "occupation": "15 Run al iTaney Wm. waiter", "house_no": 37, "street_raw": "State", "street_matched": "STATE", "side": "", "confidence": "street_proportional", "anchors_on_street": 0 }, "geometry": { "type": "Point", "coordinates": [ -76.620306500148871, 39.293448927975078 ] } },
{ "type": "Feature", "properties": { "surname": "Tale", "given": "Simon", "occupation": "laborer", "house_no": 54, "street_raw": "Lewis", "street_matched": "LEWIS", "side": "", "confidence": "street_proportional", "anchors_on_street": 0 }, "geometry": { "type": "Point", "coordinates": [ -76.600351177911548, 39.296187288941027 ] } },
{ "type": "Feature", "properties": { "surname": "Tav'or", "given": "Abram", "occupation": "caulker", "house_no": 139, "street_raw": "Dallas", "street_matched": "DALLAS (S)", "side": "left", "confidence": "bracketed", "anchors_on_street": 9 }, "geometry": { "type": "Point", "coordinates": [ -76.596149005702074, 39.28724424455892 ] } },
{ "type": "Feature", "properties": { "surname": "Taylor", "given": "Allied", "occupation": "", "house_no": 102, "street_raw": "n Spring", "street_matched": "SPRING (N.)", "side": "left", "confidence": "bracketed", "anchors_on_street": 3 }, "geometry": { "type": "Point", "coordinates": [ -76.598302318598982, 39.297523855895882 ] } },
{ "type": "Feature", "properties": { "surname": "Taylor", "given": "David", "occupation": "lahorer", "house_no": 124, "street_raw": "Jasper", "street_matched": "JASPER", "side": "", "confidence": "street_proportional", "anchors_on_street": 0 }, "geometry": { "type": "Point", "coordinates": [ -76.62176472867759, 39.291814454797475 ] } },
{ "type": "Feature", "properties": { "surname": "Ta\\ 1 u E I win", "given": "cooper", "occupation": "", "house_no": 113, "street_raw": "Low", "street_matched": "LOW", "side": "", "confidence": "street_proportional", "anchors_on_street": 0 }, "geometry": { "type": "Point", "coordinates": [ -76.605513453814396, 39.293798182037804 ] } },
{ "type": "Feature", "properties": { "surname": "Taylor", "given": "Isaac", "occupation": "laborer", "house_no": 48, "street_raw": "Harmony lane", "street_matched": "FORREST", "side": "", "confidence": "street_proportional", "anchors_on_street": 0 }, "geometry": { "type": "Point", "coordinates": [ -76.607723286807271, 39.300068595222001 ] } },
{ "type": "Feature", "properties": { "surname": "Taylor", "given": "Isaac", "occupation": "steward", "house_no": 140, "street_raw": "Bethel", "street_matched": "BETHEL, (S)", "side": "left", "confidence": "bracketed", "anchors_on_street": 9 }, "geometry": { "type": "Point", "coordinates": [ -76.594511484677042, 39.286189673161488 ] } },
{ "type": "Feature", "properties": { "surname": "Taylor", "given": "John", "occupation": "steward", "house_no": 64, "street_raw": "Short", "street_matched": "SHORT", "side": "", "confidence": "street_proportional", "anchors_on_street": 0 }, "geometry": { "type": "Point", "coordinates": [ -76.598890628613418, 39.295834407156562 ] } },
{ "type": "Feature", "properties": { "surname": "Taylor", "given": "John", "occupation": "hackman", "house_no": 85, "street_raw": "Watson", "street_matched": "WATSON", "side": "", "confidence": "street_proportional", "anchors_on_street": 0 }, "geometry": { "type": "Point", "coordinates": [ -76.603137267567163, 39.289843378248307 ] } },
{ "type": "Feature", "properties": { "surname": "Taylor", "given": "Robt. porter", "occupation": "", "house_no": 144, "street_raw": "Low", "street_matched": "LOW", "side": "", "confidence": "street_proportional", "anchors_on_street": 0 }, "geometry": { "type": "Point", "coordinates": [ -76.60697477398071, 39.292666725356256 ] } },
{ "type": "Feature", "properties": { "surname": "Thomas", "given": "Ann", "occupation": "", "house_no": 59, "street_raw": "East", "street_matched": "EAST", "side": "", "confidence": "street_proportional", "anchors_on_street": 0 }, "geometry": { "type": "Point", "coordinates": [ -76.573406539211504, 39.306723163478786 ] } },
{ "type": "Feature", "properties": { "surname": "Thomas", "given": "Agustus", "occupation": "baker", "house_no": 199, "street_raw": "German", "street_matched": "PRATT, (W)", "side": "left", "confidence": "bracketed", "anchors_on_street": 22 }, "geometry": { "type": "Point", "coordinates": [ -76.616187575163835, 39.286435163719027 ] } },
{ "type": "Feature", "properties": { "surname": "Thomas", "given": "Deborah", "occupation": "washer", "house_no": 33, "street_raw": "Tyson", "street_matched": "TYSON", "side": "", "confidence": "street_proportional", "anchors_on_street": 0 }, "geometry": { "type": "Point", "coordinates": [ -76.619344829685375, 39.300032311752318 ] } },
{ "type": "Feature", "properties": { "surname": "Thomas", "given": "Harriet", "occupation": "washer", "house_no": 16, "street_raw": "Jasper", "street_matched": "JASPER", "side": "", "confidence": "street_proportional", "anchors_on_street": 0 }, "geometry": { "type": "Point", "coordinates": [ -76.62207520813601, 39.296634769590355 ] } },
{ "type": "Feature", "properties": { "surname": "Thomas", "given": "Harriet washer", "occupation": "", "house_no": 67, "street_raw": "French", "street_matched": "WATER", "side": "", "confidence": "street_proportional", "anchors_on_street": 0 }, "geometry": { "type": "Point", "coordinates": [ -76.610730369105042, 39.288553492588079 ] } },
{ "type": "Feature", "properties": { "surname": "Thomas", "given": "Henry", "occupation": "whitewashes'", "house_no": 130, "street_raw": "Ensor", "street_matched": "ENSOR", "side": "", "confidence": "street_proportional", "anchors_on_street": 0 }, "geometry": { "type": "Point", "coordinates": [ -76.604114086032808, 39.298260321508828 ] } },
{ "type": "Feature", "properties": { "surname": "Thomas", "given": "John", "occupation": "sawyer", "house_no": 5, "street_raw": "Ross", "street_matched": "ROSS", "side": "right", "confidence": "bracketed", "anchors_on_street": 8 }, "geometry": { "type": "Point", "coordinates": [ -76.620106477799652, 39.296662357059581 ] } },
{ "type": "Feature", "properties": { "surname": "Thomas", "given": "John", "occupation": "laborer", "house_no": 77, "street_raw": "Burgundy al", "street_matched": "BURGUNDY", "side": "", "confidence": "street_proportional", "anchors_on_street": 0 }, "geometry": { "type": "Point", "coordinates": [ -76.627075332424013, 39.277936702158811 ] } },
{ "type": "Feature", "properties": { "surname": "Thomas", "given": "Lewis", "occupation": "waiter", "house_no": 2, "street_raw": "Forest", "street_matched": "FORREST", "side": "", "confidence": "street_proportional", "anchors_on_street": 0 }, "geometry": { "type": "Point", "coordinates": [ -76.608045802596891, 39.301288539422018 ] } },
{ "type": "Feature", "properties": { "surname": "Thomas", "given": "Priscilla", "occupation": "", "house_no": 48, "street_raw": "Harmony lane", "street_matched": "FORREST", "side": "", "confidence": "street_proportional", "anchors_on_street": 0 }, "geometry": { "type": "Point", "coordinates": [ -76.607723286807271, 39.300068595222001 ] } },
{ "type": "Feature", "properties": { "surname": "Thomas", "given": "Susan", "occupation": "", "house_no": 24, "street_raw": "Harmony lane", "street_matched": "FORREST", "side": "", "confidence": "street_proportional", "anchors_on_street": 0 }, "geometry": { "type": "Point", "coordinates": [ -76.607892083928917, 39.300705003445685 ] } },
{ "type": "Feature", "properties": { "surname": "Thomas", "given": "Wm. drayman", "occupation": "", "house_no": 19, "street_raw": "Jew al", "street_matched": "JEW", "side": "", "confidence": "street_proportional", "anchors_on_street": 0 }, "geometry": { "type": "Point", "coordinates": [ -76.621590602765735, 39.291447009072868 ] } },
{ "type": "Feature", "properties": { "surname": "Thomas", "given": "Wm. laborer", "occupation": "", "house_no": 104, "street_raw": "Tyson", "street_matched": "TYSON", "side": "", "confidence": "street_proportional", "anchors_on_street": 0 }, "geometry": { "type": "Point", "coordinates": [ -76.619246413782506, 39.298509364210631 ] } },
{ "type": "Feature", "properties": { "surname": "Thomas", "given": "Wm. H. lahorer", "occupation": "", "house_no": 126, "street_raw": "Hill", "street_matched": "HILL", "side": "left", "confidence": "bracketed", "anchors_on_street": 5 }, "geometry": { "type": "Point", "coordinates": [ -76.618047674795093, 39.280906640904242 ] } },
{ "type": "Feature", "properties": { "surname": "Thompson", "given": "Amelia", "occupation": "", "house_no": 16, "street_raw": "Tyson", "street_matched": "TYSON", "side": "", "confidence": "street_proportional", "anchors_on_street": 0 }, "geometry": { "type": "Point", "coordinates": [ -76.619368394683605, 39.300396961047809 ] } },
{ "type": "Feature", "properties": { "surname": "Thompson", "given": "Ann", "occupation": "washer", "house_no": 101, "street_raw": "North", "street_matched": "NORTH", "side": "", "confidence": "street_proportional", "anchors_on_street": 0 }, "geometry": { "type": "Point", "coordinates": [ -76.643616776053264, 39.310029563934634 ] } },
{ "type": "Feature", "properties": { "surname": "Thompson", "given": "Cornelius", "occupation": "porter", "house_no": 24, "street_raw": "Park", "street_matched": "PARK", "side": "left", "confidence": "bracketed", "anchors_on_street": 9 }, "geometry": { "type": "Point", "coordinates": [ -76.618017428735314, 39.291100695926971 ] } },
{ "type": "Feature", "properties": { "surname": "Thompson", "given": "Edwd. J. hackman", "occupation": "", "house_no": 45, "street_raw": "Caroline", "street_matched": "CAROLINE (S.)", "side": "left", "confidence": "bracketed", "anchors_on_street": 10 }, "geometry": { "type": "Point", "coordinates": [ -76.597052101808458, 39.289773625648692 ] } },
{ "type": "Feature", "properties": { "surname": "Thompson", "given": "Eiiza", "occupation": "", "house_no": 54, "street_raw": "Welcome al", "street_matched": "WELCOME", "side": "", "confidence": "street_proportional", "anchors_on_street": 0 }, "geometry": { "type": "Point", "coordinates": [ -76.618818086263076, 39.28253788668917 ] } },
{ "type": "Feature", "properties": { "surname": "Thompson", "given": "Henry", "occupation": "porter", "house_no": 5, "street_raw": "Wilmer al", "street_matched": "WILMER", "side": "", "confidence": "street_proportional", "anchors_on_street": 0 }, "geometry": { "type": "Point", "coordinates": [ -76.631624087535059, 39.30036407739955 ] } },
{ "type": "Feature", "properties": { "surname": "Thompson", "given": "Jas. laborer", "occupation": "", "house_no": 42, "street_raw": "Lewis", "street_matched": "LEWIS", "side": "", "confidence": "street_proportional", "anchors_on_street": 0 }, "geometry": { "type": "Point", "coordinates": [ -76.600324766045304, 39.295775259902136 ] } },
{ "type": "Feature", "properties": { "surname": "Thompson", "given": "Kensey", "occupation": "sailor", "house_no": 57, "street_raw": "Perry", "street_matched": "PERRY", "side": "", "confidence": "street_proportional", "anchors_on_street": 0 }, "geometry": { "type": "Point", "coordinates": [ -76.618526571916703, 39.284788136612526 ] } },
{ "type": "Feature", "properties": { "surname": "Thompon", "given": "Nace", "occupation": "coachman", "house_no": 52, "street_raw": "Tyson", "street_matched": "TYSON", "side": "", "confidence": "street_proportional", "anchors_on_street": 0 }, "geometry": { "type": "Point", "coordinates": [ -76.619318492621147, 39.299624762486708 ] } },
{ "type": "Feature", "properties": { "surname": "Thompson", "given": "Rosetta", "occupation": "washer", "house_no": 81, "street_raw": "East", "street_matched": "EAST", "side": "", "confidence": "street_proportional", "anchors_on_street": 0 }, "geometry": { "type": "Point", "coordinates": [ -76.573440597640896, 39.30737558581103 ] } },
{ "type": "Feature", "properties": { "surname": "Thompson", "given": "Wm. laborer", "occupation": "", "house_no": 4, "street_raw": "Forest", "street_matched": "FORREST", "side": "", "confidence": "street_proportional", "anchors_on_street": 0 }, "geometry": { "type": "Point", "coordinates": [ -76.608031828068007, 39.301235490709445 ] } },
{ "type": "Feature", "properties": { "surname": "Thompson", "given": "Wm. fonndryman", "occupation": "", "house_no": 88, "street_raw": "s Spring", "street_matched": "SPRING (S.)", "side": "left", "confidence": "bracketed", "anchors_on_street": 8 }, "geometry": { "type": "Point", "coordinates": [ -76.597725382453802, 39.288319976690154 ] } },
{ "type": "Feature", "properties": { "surname": "Tilghman", "given": "Francis", "occupation": "lahorer, 23 Or lea i s rilghman Geo. laborer", "house_no": 54, "street_raw": "Forest", "street_matched": "FORREST", "side": "", "confidence": "street_proportional", "anchors_on_street": 0 }, "geometry": { "type": "Point", "coordinates": [ -76.60768099704525, 39.299909507638731 ] } },
{ "type": "Feature", "properties": { "surname": "Tilghman", "given": "Levin", "occupation": "ovslerman, Butler's al TIL 'MO WAL T Ighman Michael, blacksmith", "house_no": 22, "street_raw": "Douglass", "street_matched": "LEXINGTON", "side": "left", "confidence": "extrapolated", "anchors_on_street": 21 }, "geometry": { "type": "Point", "coordinates": [ -76.615245353193259, 39.291065717826946 ] } },
{ "type": "Feature", "properties": { "surname": "Tilghman", "given": "Nace", "occupation": "laborer", "house_no": 124, "street_raw": "Emory", "street_matched": "EMORY", "side": "", "confidence": "street_proportional", "anchors_on_street": 0 }, "geometry": { "type": "Point", "coordinates": [ -76.624664252020423, 39.28526699397829 ] } },
{ "type": "Feature", "properties": { "surname": "Tilghman", "given": "llichd. brickmaker", "occupation": "", "house_no": 49, "street_raw": "Dallas", "street_matched": "DALLAS (S)", "side": "left", "confidence": "bracketed", "anchors_on_street": 9 }, "geometry": { "type": "Point", "coordinates": [ -76.596322184742647, 39.29010807784833 ] } },
{ "type": "Feature", "properties": { "surname": "T-illsun", "given": "Margt. washer", "occupation": "", "house_no": 2, "street_raw": "Peirce", "street_matched": "PIERCE", "side": "", "confidence": "street_proportional", "anchors_on_street": 0 }, "geometry": { "type": "Point", "coordinates": [ -76.634101775064025, 39.293853566490846 ] } },
{ "type": "Feature", "properties": { "surname": "Times", "given": "Win. laborer", "occupation": "", "house_no": 109, "street_raw": "Jasper", "street_matched": "JASPER", "side": "", "confidence": "street_proportional", "anchors_on_street": 0 }, "geometry": { "type": "Point", "coordinates": [ -76.621807850693443, 39.292483943335206 ] } },
{ "type": "Feature", "properties": { "surname": "Toogood", "given": "Julia A. washer", "occupation": "", "house_no": 58, "street_raw": "Dover", "street_matched": "DOVER", "side": "", "confidence": "street_proportional", "anchors_on_street": 0 }, "geometry": { "type": "Point", "coordinates": [ -76.622364276083232, 39.285753871818301 ] } },
{ "type": "Feature", "properties": { "surname": "Toogood", "given": "Mary", "occupation": "huckster", "house_no": 1, "street_raw": "I Welcome al", "street_matched": "WELCOME", "side": "", "confidence": "street_proportional", "anchors_on_street": 0 }, "geometry": { "type": "Point", "coordinates": [ -76.613031202198229, 39.282742199773935 ] } },
{ "type": "Feature", "properties": { "surname": "Toogood", "given": "Wm. caulker", "occupation": "", "house_no": 80, "street_raw": "Dallas", "street_matched": "DALLAS (S)", "side": "left", "confidence": "bracketed", "anchors_on_street": 9 }, "geometry": { "type": "Point", "coordinates": [ -76.596259681987931, 39.289074486091017 ] } },
{ "type": "Feature", "properties": { "surname": "Toomy", "given": "Henry", "occupation": "oysterman", "house_no": 77, "street_raw": "Orchard", "street_matched": "ORCHARD", "side": "", "confidence": "street_proportional", "anchors_on_street": 0 }, "geometry": { "type": "Point", "coordinates": [ -76.624429761547816, 39.296987886388358 ] } },
{ "type": "Feature", "properties": { "surname": "Toy", "given": "Walter", "occupation": "waiter", "house_no": 73, "street_raw": "Conway", "street_matched": "CONWAY", "side": "", "confidence": "street_proportional", "anchors_on_street": 0 }, "geometry": { "type": "Point", "coordinates": [ -76.617164325944827, 39.284070224484687 ] } },
{ "type": "Feature", "properties": { "surname": "Travis", "given": "Francis", "occupation": "laborer", "house_no": 5, "street_raw": "Welcome al", "street_matched": "WELCOME", "side": "", "confidence": "street_proportional", "anchors_on_street": 0 }, "geometry": { "type": "Point", "coordinates": [ -76.613467977376573, 39.282727274322653 ] } },
{ "type": "Feature", "properties": { "surname": "Travis", "given": "Win. porter", "occupation": "", "house_no": 70, "street_raw": "Park", "street_matched": "PARK", "side": "left", "confidence": "bracketed", "anchors_on_street": 9 }, "geometry": { "type": "Point", "coordinates": [ -76.618205138596551, 39.294157871474368 ] } },
{ "type": "Feature", "properties": { "surname": "Tripp", "given": "Harrison", "occupation": "laborer", "house_no": 61, "street_raw": "Dover", "street_matched": "DOVER", "side": "", "confidence": "street_proportional", "anchors_on_street": 0 }, "geometry": { "type": "Point", "coordinates": [ -76.622730840952954, 39.285739689262194 ] } },
{ "type": "Feature", "properties": { "surname": "Triviss", "given": "James", "occupation": "oysterman", "house_no": 20, "street_raw": "Short st. al", "street_matched": "SHORT", "side": "", "confidence": "street_proportional", "anchors_on_street": 0 }, "geometry": { "type": "Point", "coordinates": [ -76.597876302326512, 39.295877235023397 ] } },
{ "type": "Feature", "properties": { "surname": "Truly", "given": "Levi", "occupation": "sa, \\yer", "house_no": 109, "street_raw": "Jasper", "street_matched": "JASPER", "side": "", "confidence": "street_proportional", "anchors_on_street": 0 }, "geometry": { "type": "Point", "coordinates": [ -76.621807850693443, 39.292483943335206 ] } },
{ "type": "Feature", "properties": { "surname": "Trusty", "given": "Henry", "occupation": "whitewasher", "house_no": 48, "street_raw": "Jefferson", "street_matched": "JEFFERSON", "side": "", "confidence": "street_proportional", "anchors_on_street": 0 }, "geometry": { "type": "Point", "coordinates": [ -76.588319694219138, 39.296485427401223 ] } },
{ "type": "Feature", "properties": { "surname": "Trusty", "given": "Sand", "occupation": "grave digger", "house_no": 134, "street_raw": "Stirling", "street_matched": "STIRLING", "side": "", "confidence": "street_proportional", "anchors_on_street": 0 }, "geometry": { "type": "Point", "coordinates": [ -76.602794157662288, 39.300762541810748 ] } },
{ "type": "Feature", "properties": { "surname": "Bank", "given": "lane", "occupation": "", "house_no": 104, "street_raw": "Tyson st", "street_matched": "TYSON", "side": "", "confidence": "street_proportional", "anchors_on_street": 0 }, "geometry": { "type": "Point", "coordinates": [ -76.619246413782506, 39.298509364210631 ] } },
{ "type": "Feature", "properties": { "surname": "Turner", "given": "Geo. laborer", "occupation": "", "house_no": 48, "street_raw": "Orchard", "street_matched": "ORCHARD", "side": "", "confidence": "street_proportional", "anchors_on_street": 0 }, "geometry": { "type": "Point", "coordinates": [ -76.623486583251733, 39.297763927216437 ] } },
{ "type": "Feature", "properties": { "surname": "Turner", "given": "James H. drayman", "occupation": "", "house_no": 147, "street_raw": "Low", "street_matched": "LOW", "side": "", "confidence": "street_proportional", "anchors_on_street": 0 }, "geometry": { "type": "Point", "coordinates": [ -76.607116191704662, 39.292557230214534 ] } },
{ "type": "Feature", "properties": { "surname": "Turner", "given": "Thos. grain carrier", "occupation": "", "house_no": 17, "street_raw": "Welcome al", "street_matched": "WELCOME", "side": "", "confidence": "street_proportional", "anchors_on_street": 0 }, "geometry": { "type": "Point", "coordinates": [ -76.614778300993692, 39.282682474151592 ] } },
{ "type": "Feature", "properties": { "surname": "Tydinirs", "given": "Chas. barber", "occupation": "", "house_no": 106, "street_raw": "Franklin", "street_matched": "FRANKLIN", "side": "left", "confidence": "bracketed", "anchors_on_street": 16 }, "geometry": { "type": "Point", "coordinates": [ -76.620164740367045, 39.294898800060771 ] } },
{ "type": "Feature", "properties": { "surname": "Uncles", "given": "BeiNj. sawyer", "occupation": "", "house_no": 36, "street_raw": "Tyson", "street_matched": "TYSON", "side": "", "confidence": "street_proportional", "anchors_on_street": 0 }, "geometry": { "type": "Point", "coordinates": [ -76.619340671181433, 39.299967961871985 ] } },
{ "type": "Feature", "properties": { "surname": "Uncles", "given": "Lorenzo", "occupation": "blacksmith", "house_no": 1, "street_raw": "Haw", "street_matched": "HAW", "side": "", "confidence": "street_proportional", "anchors_on_street": 0 }, "geometry": { "type": "Point", "coordinates": [ -76.624643278827193, 39.284738660335229 ] } },
{ "type": "Feature", "properties": { "surname": "Veasy", "given": "Theodore", "occupation": "", "house_no": 90, "street_raw": "Stirling", "street_matched": "STIRLING", "side": "", "confidence": "street_proportional", "anchors_on_street": 0 }, "geometry": { "type": "Point", "coordinates": [ -76.602752146848843, 39.301507914243523 ] } },
{ "type": "Feature", "properties": { "surname": "Vincent", "given": "Anthony", "occupation": "laborer", "house_no": 100, "street_raw": "East", "street_matched": "EAST", "side": "", "confidence": "street_proportional", "anchors_on_street": 0 }, "geometry": { "type": "Point", "coordinates": [ -76.573470012200389, 39.307939041351027 ] } },
{ "type": "Feature", "properties": { "surname": "Walker", "given": "Elijah", "occupation": "", "house_no": 34, "street_raw": "Tyson al", "street_matched": "TYSON", "side": "", "confidence": "street_proportional", "anchors_on_street": 0 }, "geometry": { "type": "Point", "coordinates": [ -76.619343443516541, 39.300010861792366 ] } },
{ "type": "Feature", "properties": { "surname": "Walker", "given": "Francis", "occupation": "laborer", "house_no": 96, "street_raw": "Henrietta", "street_matched": "HENRIETTA", "side": "", "confidence": "street_proportional", "anchors_on_street": 0 }, "geometry": { "type": "Point", "coordinates": [ -76.616575020746296, 39.278928194251868 ] } },
{ "type": "Feature", "properties": { "surname": "Walker", "given": "Henry", "occupation": "oak cooper", "house_no": 52, "street_raw": "Centre", "street_matched": "CENTRE, (W)", "side": "left", "confidence": "extrapolated", "anchors_on_street": 4 }, "geometry": { "type": "Point", "coordinates": [ -76.61561127001282, 39.296304955378602 ] } },
{ "type": "Feature", "properties": { "surname": "Walker", "given": "John H. drayman", "occupation": "", "house_no": 15, "street_raw": "Jew al", "street_matched": "JEW", "side": "", "confidence": "street_proportional", "anchors_on_street": 0 }, "geometry": { "type": "Point", "coordinates": [ -76.621580763176908, 39.291297939426975 ] } },
{ "type": "Feature", "properties": { "surname": "Walker", "given": "Joseph", "occupation": "laborer", "house_no": 43, "street_raw": "Sarah Ann", "street_matched": "SARAH ANN", "side": "", "confidence": "street_proportional", "anchors_on_street": 0 }, "geometry": { "type": "Point", "coordinates": [ -76.626213470046551, 39.293213177025635 ] } },
{ "type": "Feature", "properties": { "surname": "Walker", "given": "T. washer and ironer", "occupation": "", "house_no": 15, "street_raw": "Marion", "street_matched": "MARION", "side": "", "confidence": "street_proportional", "anchors_on_street": 0 }, "geometry": { "type": "Point", "coordinates": [ -76.619798717270925, 39.290948776377448 ] } },
{ "type": "Feature", "properties": { "surname": "Wallace", "given": "Emily", "occupation": "washer", "house_no": 49, "street_raw": "Dallas", "street_matched": "DALLAS (S)", "side": "left", "confidence": "bracketed", "anchors_on_street": 9 }, "geometry": { "type": "Point", "coordinates": [ -76.596322184742647, 39.29010807784833 ] } },
{ "type": "Feature", "properties": { "surname": "Wallace", "given": "Jas. drayman", "occupation": "", "house_no": 111, "street_raw": "Montgomery", "street_matched": "MONTGOMERY", "side": "left", "confidence": "extrapolated", "anchors_on_street": 7 }, "geometry": { "type": "Point", "coordinates": [ -76.60985412508326, 39.280059233318184 ] } },
{ "type": "Feature", "properties": { "surname": "Wallace", "given": "Lewis", "occupation": "hackman", "house_no": 33, "street_raw": "Short", "street_matched": "SHORT", "side": "", "confidence": "street_proportional", "anchors_on_street": 0 }, "geometry": { "type": "Point", "coordinates": [ -76.598175989753443, 39.295864582066926 ] } },
{ "type": "Feature", "properties": { "surname": "Wallis", "given": "Richd. oak cooper", "occupation": "", "house_no": 466, "street_raw": "w Baltimore", "street_matched": "BALTIMORE, (W)", "side": "left", "confidence": "bracketed", "anchors_on_street": 19 }, "geometry": { "type": "Point", "coordinates": [ -76.64292193651211, 39.288345331327875 ] } },
{ "type": "Feature", "properties": { "surname": "Walters", "given": "Clement", "occupation": "laborer", "house_no": 70, "street_raw": "Orchard", "street_matched": "ORCHARD", "side": "", "confidence": "street_proportional", "anchors_on_street": 0 }, "geometry": { "type": "Point", "coordinates": [ -76.62420209843448, 39.29717520636158 ] } },
{ "type": "Feature", "properties": { "surname": "Walton", "given": "Ann", "occupation": "", "house_no": 11, "street_raw": "Forest", "street_matched": "FORREST", "side": "", "confidence": "street_proportional", "anchors_on_street": 0 }, "geometry": { "type": "Point", "coordinates": [ -76.607982917381534, 39.301049820195686 ] } },
{ "type": "Feature", "properties": { "surname": "Warfield", "given": "Adam", "occupation": "laborer", "house_no": 143, "street_raw": "Happy al", "street_matched": "DURHAM (S)", "side": "left", "confidence": "bracketed", "anchors_on_street": 9 }, "geometry": { "type": "Point", "coordinates": [ -76.590857889292437, 39.287916138268393 ] } },
{ "type": "Feature", "properties": { "surname": "Warfleld", "given": "Jonathan", "occupation": "", "house_no": 10, "street_raw": "Inloes al", "street_matched": "INLOES", "side": "", "confidence": "street_proportional", "anchors_on_street": 0 }, "geometry": { "type": "Point", "coordinates": [ -76.618724966534032, 39.294287431073144 ] } },
{ "type": "Feature", "properties": { "surname": "Warfield", "given": "Jona. whitew. and colorer", "occupation": "", "house_no": 73, "street_raw": "Jasper", "street_matched": "JASPER", "side": "", "confidence": "street_proportional", "anchors_on_street": 0 }, "geometry": { "type": "Point", "coordinates": [ -76.621911343459388, 39.294090715346073 ] } },
{ "type": "Feature", "properties": { "surname": "Warfield", "given": "Moses", "occupation": "", "house_no": 6, "street_raw": "Spring", "street_matched": "SPRING", "side": "", "confidence": "street_proportional", "anchors_on_street": 0 }, "geometry": { "type": "Point", "coordinates": [ -76.598082317323971, 39.292603139861328 ] } },
{ "type": "Feature", "properties": { "surname": "Warner", "given": "Geo. whip sawyer", "occupation": "", "house_no": 126, "street_raw": "Dallas", "street_matched": "DALLAS (S)", "side": "left", "confidence": "bracketed", "anchors_on_street": 9 }, "geometry": { "type": "Point", "coordinates": [ -76.59617843196861, 39.287730864318412 ] } },
{ "type": "Feature", "properties": { "surname": "Warner", "given": "Sarah", "occupation": "", "house_no": 94, "street_raw": "Stirling", "street_matched": "STIRLING", "side": "", "confidence": "street_proportional", "anchors_on_street": 0 }, "geometry": { "type": "Point", "coordinates": [ -76.602769162455502, 39.301441029528235 ] } },
{ "type": "Feature", "properties": { "surname": "Warwick", "given": "Harriet", "occupation": "", "house_no": 27, "street_raw": "Park", "street_matched": "PARK", "side": "left", "confidence": "bracketed", "anchors_on_street": 9 }, "geometry": { "type": "Point", "coordinates": [ -76.618028420209541, 39.291279713054941 ] } },
{ "type": "Feature", "properties": { "surname": "Warwick", "given": "Jarvis", "occupation": "drayman", "house_no": 5, "street_raw": "Arch", "street_matched": "ARCH", "side": "", "confidence": "street_proportional", "anchors_on_street": 0 }, "geometry": { "type": "Point", "coordinates": [ -76.625260781030633, 39.291341590715803 ] } },
{ "type": "Feature", "properties": { "surname": "Washington", "given": "Fredk. drayman", "occupation": "", "house_no": 64, "street_raw": "Dallas", "street_matched": "DALLAS (S)", "side": "left", "confidence": "bracketed", "anchors_on_street": 9 }, "geometry": { "type": "Point", "coordinates": [ -76.596291682829005, 39.289603677834073 ] } },
{ "type": "Feature", "properties": { "surname": "Water", "given": "Risdon", "occupation": "", "house_no": 69, "street_raw": "Watson", "street_matched": "WATSON", "side": "", "confidence": "street_proportional", "anchors_on_street": 0 }, "geometry": { "type": "Point", "coordinates": [ -76.602114868347655, 39.290111682576018 ] } },
{ "type": "Feature", "properties": { "surname": "Waters", "given": "Benjamin", "occupation": "waiter", "house_no": 49, "street_raw": "n Sharp", "street_matched": "SHARP, (S)", "side": "left", "confidence": "extrapolated", "anchors_on_street": 5 }, "geometry": { "type": "Point", "coordinates": [ -76.617515642871879, 39.280923535799914 ] } },
{ "type": "Feature", "properties": { "surname": "Waters", "given": "Clara", "occupation": "", "house_no": 179, "street_raw": "Peirce", "street_matched": "PIERCE", "side": "", "confidence": "street_proportional", "anchors_on_street": 0 }, "geometry": { "type": "Point", "coordinates": [ -76.624877202316441, 39.294191415219565 ] } },
{ "type": "Feature", "properties": { "surname": "Waters", "given": "Dennis", "occupation": "sawyer", "house_no": 4, "street_raw": "State", "street_matched": "STATE", "side": "", "confidence": "street_proportional", "anchors_on_street": 0 }, "geometry": { "type": "Point", "coordinates": [ -76.620393803221546, 39.294889720130499 ] } },
{ "type": "Feature", "properties": { "surname": "Waters", "given": "Frances", "occupation": "", "house_no": 28, "street_raw": "Vine", "street_matched": "VINE", "side": "", "confidence": "street_proportional", "anchors_on_street": 0 }, "geometry": { "type": "Point", "coordinates": [ -76.62935715566833, 39.290596118045279 ] } },
{ "type": "Feature", "properties": { "surname": "Waters", "given": "Geo. laborer", "occupation": "", "house_no": 14, "street_raw": "Marion", "street_matched": "MARION", "side": "", "confidence": "street_proportional", "anchors_on_street": 0 }, "geometry": { "type": "Point", "coordinates": [ -76.619626223871066, 39.290954377166067 ] } },
{ "type": "Feature", "properties": { "surname": "Waters", "given": "Harriet", "occupation": "", "house_no": 128, "street_raw": "Sarah Ann", "street_matched": "SARAH ANN", "side": "", "confidence": "street_proportional", "anchors_on_street": 0 }, "geometry": { "type": "Point", "coordinates": [ -76.62922197359859, 39.29313827983929 ] } },
{ "type": "Feature", "properties": { "surname": "Waters", "given": "Rev. Henry", "occupation": "", "house_no": 99, "street_raw": "Low", "street_matched": "LOW", "side": "", "confidence": "street_proportional", "anchors_on_street": 0 }, "geometry": { "type": "Point", "coordinates": [ -76.604853498620741, 39.294309165070231 ] } },
{ "type": "Feature", "properties": { "surname": "Waters", "given": "Isaac", "occupation": "waiter", "house_no": 14, "street_raw": "State", "street_matched": "STATE", "side": "", "confidence": "street_proportional", "anchors_on_street": 0 }, "geometry": { "type": "Point", "coordinates": [ -76.620367347038751, 39.294453116531677 ] } },
{ "type": "Feature", "properties": { "surname": "Waters", "given": "John", "occupation": "carter", "house_no": 154, "street_raw": "Spring", "street_matched": "SPRING (S.)", "side": "left", "confidence": "bracketed", "anchors_on_street": 8 }, "geometry": { "type": "Point", "coordinates": [ -76.597583319494589, 39.286072748785514 ] } },
{ "type": "Feature", "properties": { "surname": "Waters", "given": "Spencer", "occupation": "", "house_no": 87, "street_raw": "East", "street_matched": "EAST", "side": "", "confidence": "street_proportional", "anchors_on_street": 0 }, "geometry": { "type": "Point", "coordinates": [ -76.573449886398663, 39.307553519150659 ] } },
{ "type": "Feature", "properties": { "surname": "Waters", "given": "Spencer", "occupation": "sawyer", "house_no": 2, "street_raw": "Dallas", "street_matched": "DALLAS (S)", "side": "left", "confidence": "bracketed", "anchors_on_street": 9 }, "geometry": { "type": "Point", "coordinates": [ -76.596403476490664, 39.291452372368148 ] } },
{ "type": "Feature", "properties": { "surname": "Watkins", "given": "Alfred", "occupation": "", "house_no": 17, "street_raw": "Sarah Ann", "street_matched": "SARAH ANN", "side": "", "confidence": "street_proportional", "anchors_on_street": 0 }, "geometry": { "type": "Point", "coordinates": [ -76.625289620852399, 39.293242472300676 ] } },
{ "type": "Feature", "properties": { "surname": "Watkins", "given": "Jane", "occupation": "", "house_no": 5, "street_raw": "Haw", "street_matched": "HAW", "side": "", "confidence": "street_proportional", "anchors_on_street": 0 }, "geometry": { "type": "Point", "coordinates": [ -76.625573543797159, 39.284701656757385 ] } },
{ "type": "Feature", "properties": { "surname": "Watkins", "given": "John", "occupation": "laborer", "house_no": 27, "street_raw": "French", "street_matched": "WATER", "side": "", "confidence": "street_proportional", "anchors_on_street": 0 }, "geometry": { "type": "Point", "coordinates": [ -76.607544860594345, 39.288666156689764 ] } },
{ "type": "Feature", "properties": { "surname": "Watkins", "given": "Rev. Thomas", "occupation": "", "house_no": 15, "street_raw": "Short", "street_matched": "SHORT", "side": "", "confidence": "street_proportional", "anchors_on_street": 0 }, "geometry": { "type": "Point", "coordinates": [ -76.597761037903055, 39.295882101341569 ] } },
{ "type": "Feature", "properties": { "surname": "Watkins", "given": "Wm. jr. teacher", "occupation": "", "house_no": 114, "street_raw": "Camden", "street_matched": "CAMDEN", "side": "left", "confidence": "bracketed", "anchors_on_street": 6 }, "geometry": { "type": "Point", "coordinates": [ -76.619996358435301, 39.285238988056875 ] } },
{ "type": "Feature", "properties": { "surname": "Watkins", "given": "Wm. mariner", "occupation": "", "house_no": 82, "street_raw": "Spring", "street_matched": "SPRING (S.)", "side": "left", "confidence": "bracketed", "anchors_on_street": 8 }, "geometry": { "type": "Point", "coordinates": [ -76.597734266071626, 39.288460502456402 ] } },
{ "type": "Feature", "properties": { "surname": "Watts", "given": "Alexander", "occupation": "brick maker", "house_no": 85, "street_raw": "Hill", "street_matched": "HILL", "side": "left", "confidence": "bracketed", "anchors_on_street": 5 }, "geometry": { "type": "Point", "coordinates": [ -76.616348539754185, 39.280956655713162 ] } },
{ "type": "Feature", "properties": { "surname": "Waits", "given": "Rev. Samuel", "occupation": "", "house_no": 53, "street_raw": "L. Sharp", "street_matched": "SHARP, (S)", "side": "left", "confidence": "extrapolated", "anchors_on_street": 5 }, "geometry": { "type": "Point", "coordinates": [ -76.617515642871879, 39.280923535799914 ] } },
{ "type": "Feature", "properties": { "surname": "Watts", "given": "Thomas", "occupation": "rope maker", "house_no": 392, "street_raw": "s Charles", "street_matched": "CHARLES (S.)", "side": "left", "confidence": "extrapolated", "anchors_on_street": 12 }, "geometry": { "type": "Point", "coordinates": [ -76.614302868268425, 39.275638130466369 ] } },
{ "type": "Feature", "properties": { "surname": "Weeks", "given": "Geo. drayman", "occupation": "", "house_no": 46, "street_raw": "Peirce", "street_matched": "PIERCE", "side": "", "confidence": "street_proportional", "anchors_on_street": 0 }, "geometry": { "type": "Point", "coordinates": [ -76.631808554380726, 39.293935691708668 ] } },
{ "type": "Feature", "properties": { "surname": "Weeks", "given": "Jeremiah", "occupation": "whitewashes", "house_no": 6, "street_raw": "Jew al", "street_matched": "JEW", "side": "", "confidence": "street_proportional", "anchors_on_street": 0 }, "geometry": { "type": "Point", "coordinates": [ -76.621558624253268, 39.290962532696405 ] } },
{ "type": "Feature", "properties": { "surname": "Wells", "given": "Geo. sawyer", "occupation": "", "house_no": 121, "street_raw": "Low", "street_matched": "LOW", "side": "", "confidence": "street_proportional", "anchors_on_street": 0 }, "geometry": { "type": "Point", "coordinates": [ -76.605890570723005, 39.29350619309399 ] } },
{ "type": "Feature", "properties": { "surname": "Wells", "given": "Henry", "occupation": "wagoner", "house_no": 33, "street_raw": "Peirce", "street_matched": "PIERCE", "side": "", "confidence": "street_proportional", "anchors_on_street": 0 }, "geometry": { "type": "Point", "coordinates": [ -76.632486053593027, 39.293910695770819 ] } },
{ "type": "Feature", "properties": { "surname": "Wesley", "given": "James", "occupation": "laborer", "house_no": 4, "street_raw": "New", "street_matched": "BALDERSTON", "side": "", "confidence": "street_proportional", "anchors_on_street": 0 }, "geometry": { "type": "Point", "coordinates": [ -76.612823382655051, 39.287514557824046 ] } },
{ "type": "Feature", "properties": { "surname": "West", "given": "Elizabeth", "occupation": "cook", "house_no": 49, "street_raw": "Sarah Ann", "street_matched": "SARAH ANN", "side": "", "confidence": "street_proportional", "anchors_on_street": 0 }, "geometry": { "type": "Point", "coordinates": [ -76.626426665906067, 39.293206415545818 ] } },
{ "type": "Feature", "properties": { "surname": "West", "given": "Isaac", "occupation": "laborer", "house_no": 184, "street_raw": "Bethel", "street_matched": "BETHEL, (S)", "side": "left", "confidence": "bracketed", "anchors_on_street": 9 }, "geometry": { "type": "Point", "coordinates": [ -76.594384418568168, 39.28442394815206 ] } },
{ "type": "Feature", "properties": { "surname": "Weston", "given": "Peter", "occupation": "coachman", "house_no": 51, "street_raw": "State", "street_matched": "STATE", "side": "", "confidence": "street_proportional", "anchors_on_street": 0 }, "geometry": { "type": "Point", "coordinates": [ -76.620269463913914, 39.292837682597622 ] } },
{ "type": "Feature", "properties": { "surname": "Wheateler", "given": "Levin", "occupation": "mariner", "house_no": 111, "street_raw": "Spring", "street_matched": "SPRING (S.)", "side": "left", "confidence": "bracketed", "anchors_on_street": 8 }, "geometry": { "type": "Point", "coordinates": [ -76.597691328911523, 39.287781294525551 ] } },
{ "type": "Feature", "properties": { "surname": "Wheeler", "given": "David", "occupation": "brickmaker", "house_no": 16, "street_raw": "Williamson al", "street_matched": "WILLIAMSON", "side": "", "confidence": "street_proportional", "anchors_on_street": 0 }, "geometry": { "type": "Point", "coordinates": [ -76.612588816155295, 39.278544128138627 ] } },
{ "type": "Feature", "properties": { "surname": "Wheeler", "given": "Mary", "occupation": "", "house_no": 17, "street_raw": "Short", "street_matched": "SHORT", "side": "", "confidence": "street_proportional", "anchors_on_street": 0 }, "geometry": { "type": "Point", "coordinates": [ -76.597807143674345, 39.29588015482787 ] } },
{ "type": "Feature", "properties": { "surname": "Wheeler", "given": "Nancy", "occupation": "washer", "house_no": 123, "street_raw": "York", "street_matched": "YORK", "side": "", "confidence": "street_proportional", "anchors_on_street": 0 }, "geometry": { "type": "Point", "coordinates": [ -76.612945536208187, 39.281417066070794 ] } },
{ "type": "Feature", "properties": { "surname": "Whitaker", "given": "Chas. sailor", "occupation": "", "house_no": 10, "street_raw": "Dallas", "street_matched": "DALLAS (S)", "side": "left", "confidence": "bracketed", "anchors_on_street": 9 }, "geometry": { "type": "Point", "coordinates": [ -76.596389928465797, 39.291228341711204 ] } },
{ "type": "Feature", "properties": { "surname": "Whitaker", "given": "Sarah", "occupation": "washer", "house_no": 57, "street_raw": "Short", "street_matched": "SHORT", "side": "", "confidence": "street_proportional", "anchors_on_street": 0 }, "geometry": { "type": "Point", "coordinates": [ -76.598729258601139, 39.295841221222133 ] } },
{ "type": "Feature", "properties": { "surname": "White", "given": "Andrew", "occupation": "waiter", "house_no": 10, "street_raw": "Elbow lane", "street_matched": "CAMDEN", "side": "left", "confidence": "extrapolated", "anchors_on_street": 6 }, "geometry": { "type": "Point", "coordinates": [ -76.614353671780066, 39.285465742084227 ] } },
{ "type": "Feature", "properties": { "surname": "White", "given": "Chas. H. drayman", "occupation": "", "house_no": 51, "street_raw": "Park", "street_matched": "PARK", "side": "left", "confidence": "bracketed", "anchors_on_street": 9 }, "geometry": { "type": "Point", "coordinates": [ -76.618109629259934, 39.292602347371357 ] } },
{ "type": "Feature", "properties": { "surname": "White", "given": "Chloe Ann", "occupation": "", "house_no": 174, "street_raw": "Dallas", "street_matched": "DALLAS (S)", "side": "left", "confidence": "bracketed", "anchors_on_street": 9 }, "geometry": { "type": "Point", "coordinates": [ -76.596066669597491, 39.285882678362391 ] } },
{ "type": "Feature", "properties": { "surname": "White", "given": "Dennis", "occupation": "steamboat hand", "house_no": 72, "street_raw": "Ensor", "street_matched": "ENSOR", "side": "", "confidence": "street_proportional", "anchors_on_street": 0 }, "geometry": { "type": "Point", "coordinates": [ -76.606107036509712, 39.29464447632617 ] } },
{ "type": "Feature", "properties": { "surname": "While", "given": "James", "occupation": "porter", "house_no": 6, "street_raw": "Vine", "street_matched": "VINE", "side": "", "confidence": "street_proportional", "anchors_on_street": 0 }, "geometry": { "type": "Point", "coordinates": [ -76.625864787718896, 39.290732690655013 ] } },
{ "type": "Feature", "properties": { "surname": "White", "given": "Mary", "occupation": "", "house_no": 4, "street_raw": "Forest", "street_matched": "FORREST", "side": "", "confidence": "street_proportional", "anchors_on_street": 0 }, "geometry": { "type": "Point", "coordinates": [ -76.608031828068007, 39.301235490709445 ] } },
{ "type": "Feature", "properties": { "surname": "White", "given": "Richard", "occupation": "caulker", "house_no": 167, "street_raw": "Dallas", "street_matched": "DALLAS (S)", "side": "left", "confidence": "bracketed", "anchors_on_street": 9 }, "geometry": { "type": "Point", "coordinates": [ -76.596079426210864, 39.286093632844576 ] } },
{ "type": "Feature", "properties": { "surname": "White", "given": "Susan", "occupation": "washer", "house_no": 173, "street_raw": "Bethel", "street_matched": "BETHEL, (S)", "side": "left", "confidence": "bracketed", "anchors_on_street": 9 }, "geometry": { "type": "Point", "coordinates": [ -76.594414852908329, 39.284896088859746 ] } },
{ "type": "Feature", "properties": { "surname": "White", "given": "Wm. H. drayman", "occupation": "", "house_no": 111, "street_raw": "Orchard", "street_matched": "ORCHARD", "side": "", "confidence": "street_proportional", "anchors_on_street": 0 }, "geometry": { "type": "Point", "coordinates": [ -76.625535543809164, 39.296078045303688 ] } },
{ "type": "Feature", "properties": { "surname": "White", "given": "Wm. mariner", "occupation": "", "house_no": 151, "street_raw": "Low", "street_matched": "LOW", "side": "", "confidence": "street_proportional", "anchors_on_street": 0 }, "geometry": { "type": "Point", "coordinates": [ -76.607304748205237, 39.292411236589103 ] } },
{ "type": "Feature", "properties": { "surname": "Whittington", "given": "John", "occupation": "", "house_no": 53, "street_raw": "Argyle al", "street_matched": "ARGYLE", "side": "", "confidence": "street_proportional", "anchors_on_street": 0 }, "geometry": { "type": "Point", "coordinates": [ -76.627119384198494, 39.29597567011362 ] } },
{ "type": "Feature", "properties": { "surname": "Wicks", "given": "Ann", "occupation": "washer", "house_no": 40, "street_raw": "Union", "street_matched": "COLVIN", "side": "", "confidence": "street_proportional", "anchors_on_street": 0 }, "geometry": { "type": "Point", "coordinates": [ -76.605233470260103, 39.294487792483835 ] } },
{ "type": "Feature", "properties": { "surname": "Wicks", "given": "Peter", "occupation": "carter", "house_no": 21, "street_raw": "Ross", "street_matched": "ROSS", "side": "left", "confidence": "bracketed", "anchors_on_street": 8 }, "geometry": { "type": "Point", "coordinates": [ -76.621764515032083, 39.296844055098639 ] } },
{ "type": "Feature", "properties": { "surname": "Williams", "given": "Alonzo", "occupation": "coachman", "house_no": 37, "street_raw": "Low", "street_matched": "LOW", "side": "", "confidence": "street_proportional", "anchors_on_street": 0 }, "geometry": { "type": "Point", "coordinates": [ -76.601930813942616, 39.296572113303931 ] } },
{ "type": "Feature", "properties": { "surname": "Williams", "given": "Ann", "occupation": "washer", "house_no": 122, "street_raw": "Hill", "street_matched": "HILL", "side": "left", "confidence": "bracketed", "anchors_on_street": 5 }, "geometry": { "type": "Point", "coordinates": [ -76.617870330868172, 39.280912273196371 ] } },
{ "type": "Feature", "properties": { "surname": "Williams", "given": "Anthony", "occupation": "cooper", "house_no": 200, "street_raw": "Sharp", "street_matched": "SHARP, (S)", "side": "left", "confidence": "bracketed", "anchors_on_street": 5 }, "geometry": { "type": "Point", "coordinates": [ -76.617777710893392, 39.280357096642753 ] } },
{ "type": "Feature", "properties": { "surname": "Williams", "given": "Catharine", "occupation": "", "house_no": 52, "street_raw": "East", "street_matched": "EAST", "side": "", "confidence": "street_proportional", "anchors_on_street": 0 }, "geometry": { "type": "Point", "coordinates": [ -76.573395702565705, 39.306515574525868 ] } },
{ "type": "Feature", "properties": { "surname": "Williams", "given": "Chas. waiter", "occupation": "", "house_no": 94, "street_raw": "Dallas", "street_matched": "DALLAS (S)", "side": "left", "confidence": "bracketed", "anchors_on_street": 9 }, "geometry": { "type": "Point", "coordinates": [ -76.596234952693038, 39.288665557813971 ] } },
{ "type": "Feature", "properties": { "surname": "Williams", "given": "Diana", "occupation": "", "house_no": 26, "street_raw": "Bethel", "street_matched": "BETHEL, (S)", "side": "left", "confidence": "bracketed", "anchors_on_street": 9 }, "geometry": { "type": "Point", "coordinates": [ -76.594825693396103, 39.290612928021893 ] } },
{ "type": "Feature", "properties": { "surname": "Williams", "given": "Edwd. coachman", "occupation": "", "house_no": 46, "street_raw": "Mulberry", "street_matched": "MULBERRY", "side": "", "confidence": "street_proportional", "anchors_on_street": 0 }, "geometry": { "type": "Point", "coordinates": [ -76.651726021760823, 39.292738044180275 ] } },
{ "type": "Feature", "properties": { "surname": "Williams", "given": "Elias", "occupation": "", "house_no": 56, "street_raw": "Dallas", "street_matched": "DALLAS (S)", "side": "left", "confidence": "bracketed", "anchors_on_street": 9 }, "geometry": { "type": "Point", "coordinates": [ -76.596307950462304, 39.289872691185437 ] } },
{ "type": "Feature", "properties": { "surname": "Williams", "given": "Elizabeth", "occupation": "", "house_no": 116, "street_raw": "Dallas", "street_matched": "DALLAS (S)", "side": "left", "confidence": "bracketed", "anchors_on_street": 9 }, "geometry": { "type": "Point", "coordinates": [ -76.596196094467089, 39.288022956069128 ] } },
{ "type": "Feature", "properties": { "surname": "Williams", "given": "Henry", "occupation": "whitewashes", "house_no": 56, "street_raw": "Davis", "street_matched": "DAVIS", "side": "", "confidence": "street_proportional", "anchors_on_street": 0 }, "geometry": { "type": "Point", "coordinates": [ -76.612068364364845, 39.293278358269632 ] } },
{ "type": "Feature", "properties": { "surname": "Williams", "given": "Hopewell", "occupation": "drayman", "house_no": 45, "street_raw": "Burgundy al", "street_matched": "BURGUNDY", "side": "", "confidence": "street_proportional", "anchors_on_street": 0 }, "geometry": { "type": "Point", "coordinates": [ -76.625609103063198, 39.281036942108145 ] } },
{ "type": "Feature", "properties": { "surname": "Williams", "given": "James JN. sawyer", "occupation": "", "house_no": 48, "street_raw": "Forest", "street_matched": "FORREST", "side": "", "confidence": "street_proportional", "anchors_on_street": 0 }, "geometry": { "type": "Point", "coordinates": [ -76.607723286807271, 39.300068595222001 ] } },
{ "type": "Feature", "properties": { "surname": "Williams", "given": "Jefferson", "occupation": "", "house_no": 81, "street_raw": "Dallas", "street_matched": "DALLAS (S)", "side": "left", "confidence": "bracketed", "anchors_on_street": 9 }, "geometry": { "type": "Point", "coordinates": [ -76.596257915600276, 39.289045276930203 ] } },
{ "type": "Feature", "properties": { "surname": "Williams", "given": "John", "occupation": "", "house_no": 28, "street_raw": "Bethel", "street_matched": "BETHEL, (S)", "side": "left", "confidence": "bracketed", "anchors_on_street": 9 }, "geometry": { "type": "Point", "coordinates": [ -76.594820774331197, 39.290538419371465 ] } },
{ "type": "Feature", "properties": { "surname": "Williams", "given": "John", "occupation": "slevadore", "house_no": 5, "street_raw": "Philpot al", "street_matched": "PHILPOT", "side": "", "confidence": "street_proportional", "anchors_on_street": 0 }, "geometry": { "type": "Point", "coordinates": [ -76.597087478710421, 39.279777683600734 ] } },
{ "type": "Feature", "properties": { "surname": "Williams", "given": "Joseph", "occupation": "", "house_no": 206, "street_raw": "Dallas", "street_matched": "DALLAS (S)", "side": "left", "confidence": "bracketed", "anchors_on_street": 9 }, "geometry": { "type": "Point", "coordinates": [ -76.596013275897519, 39.284999707333888 ] } },
{ "type": "Feature", "properties": { "surname": "Williams", "given": "Joseph", "occupation": "fireman", "house_no": 40, "street_raw": "Wayne", "street_matched": "WAYNE", "side": "", "confidence": "street_proportional", "anchors_on_street": 0 }, "geometry": { "type": "Point", "coordinates": [ -76.618198884241593, 39.283520070749987 ] } },
{ "type": "Feature", "properties": { "surname": "Williams", "given": "Nathaniel", "occupation": "drayman", "house_no": 75, "street_raw": "Orchard", "street_matched": "ORCHARD", "side": "", "confidence": "street_proportional", "anchors_on_street": 0 }, "geometry": { "type": "Point", "coordinates": [ -76.624364715066704, 39.297041406426793 ] } },
{ "type": "Feature", "properties": { "surname": "Williams", "given": "N. washer", "occupation": "", "house_no": 100, "street_raw": "Jasper", "street_matched": "JASPER", "side": "", "confidence": "street_proportional", "anchors_on_street": 0 }, "geometry": { "type": "Point", "coordinates": [ -76.621833723991045, 39.292885636397699 ] } },
{ "type": "Feature", "properties": { "surname": "Williams", "given": "P. ship carpenter", "occupation": "", "house_no": 12, "street_raw": "Allen al", "street_matched": "ALLEN", "side": "", "confidence": "street_proportional", "anchors_on_street": 0 }, "geometry": { "type": "Point", "coordinates": [ -76.601316575748271, 39.287583045149027 ] } },
{ "type": "Feature", "properties": { "surname": "Williams", "given": "Pompei", "occupation": "fireman", "house_no": 8, "street_raw": "Salisbury al", "street_matched": "SALISBURY", "side": "", "confidence": "street_proportional", "anchors_on_street": 0 }, "geometry": { "type": "Point", "coordinates": [ -76.60242904051421, 39.289630295486553 ] } },
{ "type": "Feature", "properties": { "surname": "Williams", "given": "Richd. waiter", "occupation": "", "house_no": 20, "street_raw": "Clay", "street_matched": "CLAY", "side": "", "confidence": "street_proportional", "anchors_on_street": 0 }, "geometry": { "type": "Point", "coordinates": [ -76.616969145124514, 39.292316461818338 ] } },
{ "type": "Feature", "properties": { "surname": "Williams", "given": "Robt. drayman", "occupation": "", "house_no": 21, "street_raw": "Wayne", "street_matched": "WAYNE", "side": "", "confidence": "street_proportional", "anchors_on_street": 0 }, "geometry": { "type": "Point", "coordinates": [ -76.61867181735407, 39.283497339800441 ] } },
{ "type": "Feature", "properties": { "surname": "Williams", "given": "Robt. fisher", "occupation": "", "house_no": 32, "street_raw": "Wayne", "street_matched": "WAYNE", "side": "", "confidence": "street_proportional", "anchors_on_street": 0 }, "geometry": { "type": "Point", "coordinates": [ -76.618398014010111, 39.283510500055968 ] } },
{ "type": "Feature", "properties": { "surname": "Williams", "given": "Rodney", "occupation": "drayman", "house_no": 50, "street_raw": "St. Mary", "street_matched": "SEMINARY", "side": "", "confidence": "street_proportional", "anchors_on_street": 0 }, "geometry": { "type": "Point", "coordinates": [ -76.624163533820408, 39.29524656808784 ] } },
{ "type": "Feature", "properties": { "surname": "Williams", "given": "Samuel", "occupation": "oysterman", "house_no": 126, "street_raw": "n Caroline", "street_matched": "CAROLINE. (N.)", "side": "left", "confidence": "bracketed", "anchors_on_street": 10 }, "geometry": { "type": "Point", "coordinates": [ -76.597457051416569, 39.29620256106994 ] } },
{ "type": "Feature", "properties": { "surname": "Williams", "given": "Samuel", "occupation": "", "house_no": 23, "street_raw": "Tyson", "street_matched": "TYSON", "side": "", "confidence": "street_proportional", "anchors_on_street": 0 }, "geometry": { "type": "Point", "coordinates": [ -76.619358691419691, 39.300246811343314 ] } },
{ "type": "Feature", "properties": { "surname": "Williams", "given": "Stephen", "occupation": "carter", "house_no": 42, "street_raw": "Orchard", "street_matched": "ORCHARD", "side": "", "confidence": "street_proportional", "anchors_on_street": 0 }, "geometry": { "type": "Point", "coordinates": [ -76.623291442714361, 39.297924488163545 ] } },
{ "type": "Feature", "properties": { "surname": "Williams", "given": "Thomas", "occupation": "", "house_no": 10, "street_raw": "Short", "street_matched": "SHORT", "side": "", "confidence": "street_proportional", "anchors_on_street": 0 }, "geometry": { "type": "Point", "coordinates": [ -76.59764577346381, 39.295886967546629 ] } },
{ "type": "Feature", "properties": { "surname": "Williams", "given": "Win. store keeper", "occupation": "", "house_no": 102, "street_raw": "Henrietta", "street_matched": "HENRIETTA", "side": "", "confidence": "street_proportional", "anchors_on_street": 0 }, "geometry": { "type": "Point", "coordinates": [ -76.619372031069929, 39.279712536902082 ] } },
{ "type": "Feature", "properties": { "surname": "Willis", "given": "Ellen", "occupation": "washer", "house_no": 2, "street_raw": "Burgundy al", "street_matched": "BURGUNDY", "side": "", "confidence": "street_proportional", "anchors_on_street": 0 }, "geometry": { "type": "Point", "coordinates": [ -76.621819221858161, 39.284163355874114 ] } },
{ "type": "Feature", "properties": { "surname": "Willis", "given": "Wm. carter", "occupation": "", "house_no": 43, "street_raw": "Chatsworth", "street_matched": "MYRTLE", "side": "", "confidence": "street_proportional", "anchors_on_street": 0 }, "geometry": { "type": "Point", "coordinates": [ -76.630158074107285, 39.297023326309215 ] } },
{ "type": "Feature", "properties": { "surname": "Wilmer", "given": "Emma", "occupation": "washer", "house_no": 20, "street_raw": "Vine", "street_matched": "VINE", "side": "", "confidence": "street_proportional", "anchors_on_street": 0 }, "geometry": { "type": "Point", "coordinates": [ -76.628087204759865, 39.290645785371844 ] } },
{ "type": "Feature", "properties": { "surname": "Wilmore", "given": "Harriet", "occupation": "washer", "house_no": 4, "street_raw": "Dallas", "street_matched": "DALLAS (S)", "side": "left", "confidence": "bracketed", "anchors_on_street": 9 }, "geometry": { "type": "Point", "coordinates": [ -76.596400089476418, 39.291396364705477 ] } },
{ "type": "Feature", "properties": { "surname": "Wilson", "given": "Charles", "occupation": "waterman", "house_no": 174, "street_raw": "Eastern av", "street_matched": "EASTERN", "side": "", "confidence": "street_proportional", "anchors_on_street": 0 }, "geometry": { "type": "Point", "coordinates": [ -76.578935213004613, 39.286181777997108 ] } },
{ "type": "Feature", "properties": { "surname": "Wilson", "given": "Charles", "occupation": "carter", "house_no": 68, "street_raw": "Dallas", "street_matched": "DALLAS (S)", "side": "left", "confidence": "bracketed", "anchors_on_street": 9 }, "geometry": { "type": "Point", "coordinates": [ -76.596283549058626, 39.289469171149442 ] } },
{ "type": "Feature", "properties": { "surname": "Wilson", "given": "Daniel> huckster", "occupation": "", "house_no": 163, "street_raw": "Bank", "street_matched": "BANK", "side": "left", "confidence": "bracketed", "anchors_on_street": 11 }, "geometry": { "type": "Point", "coordinates": [ -76.590251481391334, 39.286746251059391 ] } },
{ "type": "Feature", "properties": { "surname": "Wilson", "given": "David", "occupation": "laborer", "house_no": 95, "street_raw": "Watson", "street_matched": "WATSON", "side": "", "confidence": "street_proportional", "anchors_on_street": 0 }, "geometry": { "type": "Point", "coordinates": [ -76.603776265477791, 39.289675688865813 ] } },
{ "type": "Feature", "properties": { "surname": "Wilson", "given": "Du Wilte", "occupation": "porter", "house_no": 94, "street_raw": "Morris al", "street_matched": "MORRIS", "side": "", "confidence": "street_proportional", "anchors_on_street": 0 }, "geometry": { "type": "Point", "coordinates": [ -76.622349448707951, 39.299969575706228 ] } },
{ "type": "Feature", "properties": { "surname": "Wilson", "given": "Emorv", "occupation": "", "house_no": 141, "street_raw": "Happy al", "street_matched": "DURHAM (S)", "side": "left", "confidence": "bracketed", "anchors_on_street": 9 }, "geometry": { "type": "Point", "coordinates": [ -76.590860260132331, 39.287955542477128 ] } },
{ "type": "Feature", "properties": { "surname": "Wilson", "given": "Ezekiel", "occupation": "furniture carter", "house_no": 30, "street_raw": "Douglass", "street_matched": "LEXINGTON", "side": "left", "confidence": "extrapolated", "anchors_on_street": 21 }, "geometry": { "type": "Point", "coordinates": [ -76.615245353193259, 39.291065717826946 ] } },
{ "type": "Feature", "properties": { "surname": "Wilson", "given": "Frederick", "occupation": "", "house_no": 73, "street_raw": "East^", "street_matched": "EAST", "side": "", "confidence": "street_proportional", "anchors_on_street": 0 }, "geometry": { "type": "Point", "coordinates": [ -76.573428212693443, 39.307138341342409 ] } },
{ "type": "Feature", "properties": { "surname": "WiUon", "given": "Harriet", "occupation": "", "house_no": 31, "street_raw": "Short", "street_matched": "SHORT", "side": "", "confidence": "street_proportional", "anchors_on_street": 0 }, "geometry": { "type": "Point", "coordinates": [ -76.598129884002418, 39.295866528725362 ] } },
{ "type": "Feature", "properties": { "surname": "Wilson", "given": "Henry", "occupation": "coachman", "house_no": 3, "street_raw": "Tyson", "street_matched": "TYSON", "side": "", "confidence": "street_proportional", "anchors_on_street": 0 }, "geometry": { "type": "Point", "coordinates": [ -76.619386415139857, 39.300675810478815 ] } },
{ "type": "Feature", "properties": { "surname": "Wilson", "given": "James", "occupation": "laborer", "house_no": 5, "street_raw": "Jew al", "street_matched": "JEW", "side": "", "confidence": "street_proportional", "anchors_on_street": 0 }, "geometry": { "type": "Point", "coordinates": [ -76.62155616438578, 39.290925265279569 ] } },
{ "type": "Feature", "properties": { "surname": "Wilson", "given": "James", "occupation": "shoe maker", "house_no": 60, "street_raw": "Happy al", "street_matched": "DURHAM (S)", "side": "left", "confidence": "bracketed", "anchors_on_street": 9 }, "geometry": { "type": "Point", "coordinates": [ -76.590972323516993, 39.289691134502803 ] } },
{ "type": "Feature", "properties": { "surname": "Wilson", "given": "John", "occupation": "", "house_no": 145, "street_raw": "Happy al", "street_matched": "DURHAM (S)", "side": "left", "confidence": "bracketed", "anchors_on_street": 9 }, "geometry": { "type": "Point", "coordinates": [ -76.590855518455157, 39.287876734059161 ] } },
{ "type": "Feature", "properties": { "surname": "Wilson", "given": "Joseph", "occupation": "laborer", "house_no": 32, "street_raw": "Vine", "street_matched": "VINE", "side": "", "confidence": "street_proportional", "anchors_on_street": 0 }, "geometry": { "type": "Point", "coordinates": [ -76.629992135381215, 39.290571355479869 ] } },
{ "type": "Feature", "properties": { "surname": "Wilson", "given": "Lawrence", "occupation": "", "house_no": 24, "street_raw": "Johnson", "street_matched": "JOHNSON", "side": "", "confidence": "street_proportional", "anchors_on_street": 0 }, "geometry": { "type": "Point", "coordinates": [ -76.609193351915167, 39.268278959916387 ] } },
{ "type": "Feature", "properties": { "surname": "Wilson", "given": "Margaret", "occupation": "washer", "house_no": 230, "street_raw": "German", "street_matched": "PRATT, (W)", "side": "left", "confidence": "bracketed", "anchors_on_street": 22 }, "geometry": { "type": "Point", "coordinates": [ -76.617680970142644, 39.286379729740503 ] } },
{ "type": "Feature", "properties": { "surname": "Wilson", "given": "Peter", "occupation": "", "house_no": 24, "street_raw": "Short", "street_matched": "SHORT", "side": "", "confidence": "street_proportional", "anchors_on_street": 0 }, "geometry": { "type": "Point", "coordinates": [ -76.597968513853871, 39.29587334188745 ] } },
{ "type": "Feature", "properties": { "surname": "Wilson", "given": "Robert", "occupation": "waiter", "house_no": 12, "street_raw": "Inloes al", "street_matched": "INLOES", "side": "", "confidence": "street_proportional", "anchors_on_street": 0 }, "geometry": { "type": "Point", "coordinates": [ -76.618980292799776, 39.294277493549799 ] } },
{ "type": "Feature", "properties": { "surname": "Wilson", "given": "Sophia", "occupation": "washer", "house_no": 81, "street_raw": "Hill", "street_matched": "HILL", "side": "left", "confidence": "bracketed", "anchors_on_street": 5 }, "geometry": { "type": "Point", "coordinates": [ -76.61618755992734, 39.280961223046624 ] } },
{ "type": "Feature", "properties": { "surname": "Wilson", "given": "Susan", "occupation": "washer", "house_no": 100, "street_raw": "Jasper", "street_matched": "JASPER", "side": "", "confidence": "street_proportional", "anchors_on_street": 0 }, "geometry": { "type": "Point", "coordinates": [ -76.621833723991045, 39.292885636397699 ] } },
{ "type": "Feature", "properties": { "surname": "Wilson", "given": "Thomas", "occupation": "laborer", "house_no": 108, "street_raw": "York", "street_matched": "YORK", "side": "", "confidence": "street_proportional", "anchors_on_street": 0 }, "geometry": { "type": "Point", "coordinates": [ -76.6114990554521, 39.281471713167413 ] } },
{ "type": "Feature", "properties": { "surname": "Wilson", "given": "Thomas C. sawyer", "occupation": "", "house_no": 38, "street_raw": "Hill", "street_matched": "HILL", "side": "left", "confidence": "bracketed", "anchors_on_street": 5 }, "geometry": { "type": "Point", "coordinates": [ -76.614320574534858, 39.281019947603703 ] } },
{ "type": "Feature", "properties": { "surname": "Wilson", "given": "Thomas", "occupation": "", "house_no": 77, "street_raw": "Dallas st", "street_matched": "DALLAS (S)", "side": "left", "confidence": "bracketed", "anchors_on_street": 9 }, "geometry": { "type": "Point", "coordinates": [ -76.596265248188047, 39.289166531087261 ] } },
{ "type": "Feature", "properties": { "surname": "Wilson", "given": "Wm. brickmaker", "occupation": "", "house_no": 266, "street_raw": "Light", "street_matched": "LIGHT-ST. WHF", "side": "right", "confidence": "extrapolated", "anchors_on_street": 4 }, "geometry": { "type": "Point", "coordinates": [ -76.612657663534307, 39.27948595951122 ] } },
{ "type": "Feature", "properties": { "surname": "Winder", "given": "Lucy", "occupation": "washer", "house_no": 23, "street_raw": "Wayne", "street_matched": "WAYNE", "side": "", "confidence": "street_proportional", "anchors_on_street": 0 }, "geometry": { "type": "Point", "coordinates": [ -76.618622034935456, 39.28349973262165 ] } },
{ "type": "Feature", "properties": { "surname": "Wise", "given": "Joseph", "occupation": "porter", "house_no": 202, "street_raw": "s Charles", "street_matched": "CHARLES (S.)", "side": "left", "confidence": "bracketed", "anchors_on_street": 12 }, "geometry": { "type": "Point", "coordinates": [ -76.614679421408027, 39.281322953304503 ] } },
{ "type": "Feature", "properties": { "surname": "Woods", "given": "Benj. W. furniture carman", "occupation": "", "house_no": 22, "street_raw": "Vine", "street_matched": "VINE", "side": "", "confidence": "street_proportional", "anchors_on_street": 0 }, "geometry": { "type": "Point", "coordinates": [ -76.628404692653703, 39.290633369827276 ] } },
{ "type": "Feature", "properties": { "surname": "WOODS", "given": "CHARLES H. M. barber", "occupation": "", "house_no": 3, "street_raw": "s Calvert", "street_matched": "CALVERT (S-)", "side": "left", "confidence": "bracketed", "anchors_on_street": 3 }, "geometry": { "type": "Point", "coordinates": [ -76.612300375650904, 39.289555829541484 ] } },
{ "type": "Feature", "properties": { "surname": "Woods", "given": "Hiram", "occupation": "laborer", "house_no": 52, "street_raw": "Welcome al", "street_matched": "WELCOME", "side": "", "confidence": "street_proportional", "anchors_on_street": 0 }, "geometry": { "type": "Point", "coordinates": [ -76.618599719746399, 39.282545702972733 ] } },
{ "type": "Feature", "properties": { "surname": "Woods", "given": "Holland", "occupation": "", "house_no": 19, "street_raw": "Welcome al", "street_matched": "WELCOME", "side": "", "confidence": "street_proportional", "anchors_on_street": 0 }, "geometry": { "type": "Point", "coordinates": [ -76.614996668023267, 39.282674659419179 ] } },
{ "type": "Feature", "properties": { "surname": "Woods", "given": "J. barber", "occupation": "", "house_no": 11, "street_raw": "Pine", "street_matched": "PINE, (N)", "side": "left", "confidence": "bracketed", "anchors_on_street": 10 }, "geometry": { "type": "Point", "coordinates": [ -76.626847587362192, 39.289664994154791 ] } },
{ "type": "Feature", "properties": { "surname": "Woodyard", "given": "Jeremiah", "occupation": "", "house_no": 27, "street_raw": "Park ■", "street_matched": "PARK", "side": "left", "confidence": "bracketed", "anchors_on_street": 9 }, "geometry": { "type": "Point", "coordinates": [ -76.618028420209541, 39.291279713054941 ] } },
{ "type": "Feature", "properties": { "surname": "Woodyear", "given": "Caleb", "occupation": "laborer", "house_no": 120, "street_raw": "Jasper", "street_matched": "JASPER", "side": "", "confidence": "street_proportional", "anchors_on_street": 0 }, "geometry": { "type": "Point", "coordinates": [ -76.621776227818742, 39.291992985088207 ] } },
{ "type": "Feature", "properties": { "surname": "Woolford", "given": "Emory", "occupation": "painter", "house_no": 100, "street_raw": "Henrietta", "street_matched": "HENRIETTA", "side": "", "confidence": "street_proportional", "anchors_on_street": 0 }, "geometry": { "type": "Point", "coordinates": [ -76.618439691053453, 39.27945108895485 ] } },
{ "type": "Feature", "properties": { "surname": "Woolford", "given": "Fanny", "occupation": "", "house_no": 6, "street_raw": "s Eden", "street_matched": "EDEN (S)", "side": "right", "confidence": "bracketed", "anchors_on_street": 3 }, "geometry": { "type": "Point", "coordinates": [ -76.598673272514816, 39.291340008121466 ] } },
{ "type": "Feature", "properties": { "surname": "Woolford", "given": "Letty", "occupation": "washer", "house_no": 82, "street_raw": "s Spring", "street_matched": "SPRING (S.)", "side": "left", "confidence": "bracketed", "anchors_on_street": 8 }, "geometry": { "type": "Point", "coordinates": [ -76.597734266071626, 39.288460502456402 ] } },
{ "type": "Feature", "properties": { "surname": "Worthington", "given": "Peter", "occupation": "laborer", "house_no": 136, "street_raw": "Stirling", "street_matched": "STIRLING", "side": "", "confidence": "street_proportional", "anchors_on_street": 0 }, "geometry": { "type": "Point", "coordinates": [ -76.602793078493278, 39.300728462750769 ] } },
{ "type": "Feature", "properties": { "surname": "Wrijjht", "given": "Ann Maria", "occupation": "", "house_no": 77, "street_raw": "Conway", "street_matched": "CONWAY", "side": "", "confidence": "street_proportional", "anchors_on_street": 0 }, "geometry": { "type": "Point", "coordinates": [ -76.61787765579345, 39.284037008783208 ] } },
{ "type": "Feature", "properties": { "surname": "Wright", "given": "Charles", "occupation": "sawyer", "house_no": 40, "street_raw": "Jefferson", "street_matched": "JEFFERSON", "side": "", "confidence": "street_proportional", "anchors_on_street": 0 }, "geometry": { "type": "Point", "coordinates": [ -76.59191550221054, 39.29633935398585 ] } },
{ "type": "Feature", "properties": { "surname": "Wright", "given": "Daniel", "occupation": "laborer", "house_no": 196, "street_raw": "Dallas", "street_matched": "DALLAS (S)", "side": "left", "confidence": "bracketed", "anchors_on_street": 9 }, "geometry": { "type": "Point", "coordinates": [ -76.59602876513101, 39.285255852909344 ] } },
{ "type": "Feature", "properties": { "surname": "Wright", "given": "Geo. laborer", "occupation": "", "house_no": 274, "street_raw": "Aisquith", "street_matched": "AISQUITH", "side": "left", "confidence": "bracketed", "anchors_on_street": 15 }, "geometry": { "type": "Point", "coordinates": [ -76.6020195586227, 39.300991315358942 ] } },
{ "type": "Feature", "properties": { "surname": "Wright", "given": "Harrison", "occupation": "laborer", "house_no": 109, "street_raw": "Spring", "street_matched": "SPRING (S.)", "side": "left", "confidence": "bracketed", "anchors_on_street": 8 }, "geometry": { "type": "Point", "coordinates": [ -76.597694290068588, 39.28782813645671 ] } },
{ "type": "Feature", "properties": { "surname": "Wright", "given": "Margaret", "occupation": "", "house_no": 61, "street_raw": "Biddle al", "street_matched": "BIDDLE, (W)", "side": "right", "confidence": "bracketed", "anchors_on_street": 11 }, "geometry": { "type": "Point", "coordinates": [ -76.620059956608785, 39.301886618327849 ] } },
{ "type": "Feature", "properties": { "surname": "Wright", "given": "M'aria.cook", "occupation": "", "house_no": 1, "street_raw": "1 Tyson", "street_matched": "TYSON", "side": "", "confidence": "street_proportional", "anchors_on_street": 0 }, "geometry": { "type": "Point", "coordinates": [ -76.619389187530317, 39.300718710388949 ] } },
{ "type": "Feature", "properties": { "surname": "Wright", "given": "Temperance", "occupation": "", "house_no": 30, "street_raw": "Wayne", "street_matched": "WAYNE", "side": "", "confidence": "street_proportional", "anchors_on_street": 0 }, "geometry": { "type": "Point", "coordinates": [ -76.618447796443846, 39.283508107329702 ] } },
{ "type": "Feature", "properties": { "surname": "Wright", "given": "Thomas", "occupation": "sawyer", "house_no": 184, "street_raw": "Bethel", "street_matched": "BETHEL, (S)", "side": "left", "confidence": "bracketed", "anchors_on_street": 9 }, "geometry": { "type": "Point", "coordinates": [ -76.594384418568168, 39.28442394815206 ] } },
{ "type": "Feature", "properties": { "surname": "Wright", "given": "Wm. whip sawyer", "occupation": "", "house_no": 44, "street_raw": "Jefferson", "street_matched": "JEFFERSON", "side": "", "confidence": "street_proportional", "anchors_on_street": 0 }, "geometry": { "type": "Point", "coordinates": [ -76.590117703023353, 39.29641392301513 ] } },
{ "type": "Feature", "properties": { "surname": "Wright", "given": "Wm. brickmaker", "occupation": "", "house_no": 94, "street_raw": "Dover", "street_matched": "DOVER", "side": "", "confidence": "street_proportional", "anchors_on_street": 0 }, "geometry": { "type": "Point", "coordinates": [ -76.626763122257174, 39.285584861887479 ] } },
{ "type": "Feature", "properties": { "surname": "Wye", "given": "John", "occupation": "laborer", "house_no": 108, "street_raw": "Jasper", "street_matched": "JASPER", "side": "", "confidence": "street_proportional", "anchors_on_street": 0 }, "geometry": { "type": "Point", "coordinates": [ -76.621810725517122, 39.292528575899318 ] } },
{ "type": "Feature", "properties": { "surname": "Wye", "given": "Philip", "occupation": "wagoner", "house_no": 182, "street_raw": "Bethel", "street_matched": "BETHEL, (S)", "side": "left", "confidence": "bracketed", "anchors_on_street": 9 }, "geometry": { "type": "Point", "coordinates": [ -76.594391267470314, 39.28451439458771 ] } },
{ "type": "Feature", "properties": { "surname": "Yates", "given": "Elizabeth", "occupation": "", "house_no": 89, "street_raw": "Aisquith", "street_matched": "AISQUITH", "side": "left", "confidence": "bracketed", "anchors_on_street": 15 }, "geometry": { "type": "Point", "coordinates": [ -76.601772246739813, 39.295263814472847 ] } },
{ "type": "Feature", "properties": { "surname": "Young", "given": "Betsy", "occupation": "", "house_no": 9, "street_raw": "Painter's court", "street_matched": "PAINTERS", "side": "", "confidence": "street_proportional", "anchors_on_street": 0 }, "geometry": { "type": "Point", "coordinates": [ -76.603249359968345, 39.290819008386549 ] } },
{ "type": "Feature", "properties": { "surname": "Young", "given": "Elijah", "occupation": "", "house_no": 1, "street_raw": "1 Philpot al", "street_matched": "PHILPOT", "side": "", "confidence": "street_proportional", "anchors_on_street": 0 }, "geometry": { "type": "Point", "coordinates": [ -76.596379800885643, 39.279662281129255 ] } },
{ "type": "Feature", "properties": { "surname": "Young", "given": "James", "occupation": "", "house_no": 42, "street_raw": "Forest", "street_matched": "FORREST", "side": "", "confidence": "street_proportional", "anchors_on_street": 0 }, "geometry": { "type": "Point", "coordinates": [ -76.607765576758993, 39.300227682782435 ] } },
{ "type": "Feature", "properties": { "surname": "Young", "given": "Jane", "occupation": "", "house_no": 233, "street_raw": "Dallas", "street_matched": "DALLAS (S)", "side": "left", "confidence": "bracketed", "anchors_on_street": 9 }, "geometry": { "type": "Point", "coordinates": [ -76.595967309568522, 39.284239561651411 ] } },
{ "type": "Feature", "properties": { "surname": "Young", "given": "Joseph", "occupation": "furniture carman", "house_no": 32, "street_raw": "Perry", "street_matched": "PERRY", "side": "", "confidence": "street_proportional", "anchors_on_street": 0 }, "geometry": { "type": "Point", "coordinates": [ -76.614477945233673, 39.284953632475286 ] } },
{ "type": "Feature", "properties": { "surname": "Young", "given": "Win. laborer", "occupation": "", "house_no": 39, "street_raw": "Forest", "street_matched": "FORREST", "side": "", "confidence": "street_proportional", "anchors_on_street": 0 }, "geometry": { "type": "Point", "coordinates": [ -76.607786721805994, 39.300307226554068 ] } }
]
}
