{
"type": "FeatureCollection",
"name": "people_1842_geocoded",
"crs": { "type": "name", "properties": { "name": "urn:ogc:def:crs:OGC:1.3:CRS84" } },
"features": [
{ "type": "Feature", "properties": { "surname": "Adams", "given": "Charles", "occupation": "labourer", "street_raw": "Pierce st", "cross_street": "Pearl", "bearing": "w", "side": "", "street_matched": "PIERCE", "confidence": "block_face" }, "geometry": { "type": "Point", "coordinates": [ -76.625409827928863, 39.294171768533751 ] } },
{ "type": "Feature", "properties": { "surname": "Addison", "given": "John", "occupation": "", "street_raw": "Centre st", "cross_street": "Charles", "bearing": "w", "side": "", "street_matched": "CENTRE", "confidence": "block_face" }, "geometry": { "type": "Point", "coordinates": [ -76.616149192871092, 39.296285108605694 ] } },
{ "type": "Feature", "properties": { "surname": "Addison", "given": "Diana", "occupation": "washer", "street_raw": "Perry st", "cross_street": "Howard", "bearing": "w", "side": "", "street_matched": "PERRY", "confidence": "block_face" }, "geometry": { "type": "Point", "coordinates": [ -76.61917436079456, 39.284761792719223 ] } },
{ "type": "Feature", "properties": { "surname": "Allen", "given": "Sarah", "occupation": "washer", "street_raw": "Forest st", "cross_street": "Madison", "bearing": "n", "side": "", "street_matched": "FORREST", "confidence": "block_face" }, "geometry": { "type": "Point", "coordinates": [ -76.60750842942879, 39.299260329344797 ] } },
{ "type": "Feature", "properties": { "surname": "Allen", "given": "Amos", "occupation": "labourer", "street_raw": "Dover st", "cross_street": "Paca", "bearing": "e", "side": "", "street_matched": "DOVER", "confidence": "block_face" }, "geometry": { "type": "Point", "coordinates": [ -76.621528177950211, 39.285865227523288 ] } },
{ "type": "Feature", "properties": { "surname": "Allen", "given": "Nathaniel", "occupation": "sailor", "street_raw": "Dover st", "cross_street": "Greene", "bearing": "e", "side": "", "street_matched": "DOVER", "confidence": "block_face" }, "geometry": { "type": "Point", "coordinates": [ -76.622925137863703, 39.285732171363051 ] } },
{ "type": "Feature", "properties": { "surname": "Amby", "given": "Joseph", "occupation": "mariner", "street_raw": "Fleet st", "cross_street": "Ann", "bearing": "e", "side": "", "street_matched": "FLEET", "confidence": "block_face" }, "geometry": { "type": "Point", "coordinates": [ -76.591037580183112, 39.284661947550553 ] } },
{ "type": "Feature", "properties": { "surname": "Amby", "given": "Benj. labourer", "occupation": "", "street_raw": "Apple alley", "cross_street": "Fleet st", "bearing": "n", "side": "w", "street_matched": "BETHEL", "confidence": "block_face" }, "geometry": { "type": "Point", "coordinates": [ -76.594497454013208, 39.284918523017112 ] } },
{ "type": "Feature", "properties": { "surname": "Anderson", "given": "Isaiah", "occupation": "labourer", "street_raw": "Lewis st", "cross_street": "Orleans", "bearing": "s", "side": "", "street_matched": "LEWIS", "confidence": "block_face" }, "geometry": { "type": "Point", "coordinates": [ -76.600257158707791, 39.294720555705048 ] } },
{ "type": "Feature", "properties": { "surname": "Anderson", "given": "Cesar", "occupation": "", "street_raw": "Jasper st", "cross_street": "Ross", "bearing": "s", "side": "", "street_matched": "JASPER", "confidence": "block_face" }, "geometry": { "type": "Point", "coordinates": [ -76.622069211418818, 39.296541668883869 ] } },
{ "type": "Feature", "properties": { "surname": "Anderson", "given": "John", "occupation": "carter", "street_raw": "Low st", "cross_street": "Aisquith", "bearing": "w", "side": "n", "street_matched": "LOW", "confidence": "block_face" }, "geometry": { "type": "Point", "coordinates": [ -76.602345455891566, 39.296340086293824 ] } },
{ "type": "Feature", "properties": { "surname": "Anderson", "given": "Adam", "occupation": "carter", "street_raw": "Low st", "cross_street": "Aisquith", "bearing": "w", "side": "", "street_matched": "LOW", "confidence": "block_face" }, "geometry": { "type": "Point", "coordinates": [ -76.602288177002791, 39.296295422655113 ] } },
{ "type": "Feature", "properties": { "surname": "Anderson", "given": "Sarah", "occupation": "washer", "street_raw": "Welcome alley", "cross_street": "Hanover st", "bearing": "w", "side": "", "street_matched": "WELCOME", "confidence": "block_face" }, "geometry": { "type": "Point", "coordinates": [ -76.61657283459931, 39.282618246245327 ] } },
{ "type": "Feature", "properties": { "surname": "Anderson", "given": "Samuel", "occupation": "caulker", "street_raw": "Apple alley", "cross_street": "Lombard st", "bearing": "n", "side": "e", "street_matched": "BETHEL", "confidence": "block_face" }, "geometry": { "type": "Point", "coordinates": [ -76.594745018183062, 39.290621610020551 ] } },
{ "type": "Feature", "properties": { "surname": "Anderson", "given": "Jacob", "occupation": "mariner", "street_raw": "Strawberry al", "cross_street": "Lombard st", "bearing": "s", "side": "e", "street_matched": "DALLAS", "confidence": "block_face" }, "geometry": { "type": "Point", "coordinates": [ -76.596223644979915, 39.289821838119614 ] } },
{ "type": "Feature", "properties": { "surname": "Anthony", "given": "Samuel", "occupation": "sawyer", "street_raw": "Pearl st", "cross_street": "Saratoga", "bearing": "n", "side": "", "street_matched": "PEARL", "confidence": "block_face" }, "geometry": { "type": "Point", "coordinates": [ -76.624705440227984, 39.292978343360275 ] } },
{ "type": "Feature", "properties": { "surname": "Arcany", "given": "Aaron", "occupation": "labourer", "street_raw": "Low st", "cross_street": "Forest", "bearing": "e", "side": "", "street_matched": "LOW", "confidence": "block_face" }, "geometry": { "type": "Point", "coordinates": [ -76.603264868642455, 39.295539196194127 ] } },
{ "type": "Feature", "properties": { "surname": "Askins", "given": "Blane", "occupation": "labourer", "street_raw": "Strawberry alley", "cross_street": "Pratt st", "bearing": "n", "side": "w", "street_matched": "DALLAS", "confidence": "block_face" }, "geometry": { "type": "Point", "coordinates": [ -76.59637192033594, 39.289587264401931 ] } },
{ "type": "Feature", "properties": { "surname": "Bacon", "given": "Wm. waiter", "occupation": "", "street_raw": "Dover st", "cross_street": "Eutaw", "bearing": "e", "side": "", "street_matched": "DOVER", "confidence": "block_face" }, "geometry": { "type": "Point", "coordinates": [ -76.620113871860028, 39.285917190057418 ] } },
{ "type": "Feature", "properties": { "surname": "Bailey", "given": "John", "occupation": "labourer", "street_raw": "Strawberry alley", "cross_street": "Bank st", "bearing": "s", "side": "w", "street_matched": "DALLAS", "confidence": "block_face" }, "geometry": { "type": "Point", "coordinates": [ -76.596159380080351, 39.286072595320142 ] } },
{ "type": "Feature", "properties": { "surname": "Ballard", "given": "Benjamin", "occupation": "", "street_raw": "Low st", "cross_street": "Aisquith", "bearing": "w", "side": "n", "street_matched": "LOW", "confidence": "block_face" }, "geometry": { "type": "Point", "coordinates": [ -76.602345455891566, 39.296340086293824 ] } },
{ "type": "Feature", "properties": { "surname": "Ballard", "given": "Milly", "occupation": "washer", "street_raw": "Conway st", "cross_street": "Charles", "bearing": "w", "side": "", "street_matched": "CONWAY", "confidence": "block_face" }, "geometry": { "type": "Point", "coordinates": [ -76.615009048252602, 39.284170578770421 ] } },
{ "type": "Feature", "properties": { "surname": "Banks", "given": "Susan", "occupation": "washer", "street_raw": "Dover st", "cross_street": "Paca", "bearing": "e", "side": "", "street_matched": "DOVER", "confidence": "block_face" }, "geometry": { "type": "Point", "coordinates": [ -76.621528177950211, 39.285865227523288 ] } },
{ "type": "Feature", "properties": { "surname": "Banks", "given": "Jerry", "occupation": "labourer", "street_raw": "Wolfe st", "cross_street": "Bank", "bearing": "n", "side": "", "street_matched": "WOLFE", "confidence": "block_face" }, "geometry": { "type": "Point", "coordinates": [ -76.590171270041054, 39.287159071850532 ] } },
{ "type": "Feature", "properties": { "surname": "Bannan", "given": "Charles", "occupation": "labourer", "street_raw": "Charles st", "cross_street": "West", "bearing": "s", "side": "", "street_matched": "CHARLES", "confidence": "block_face" }, "geometry": { "type": "Point", "coordinates": [ -76.614300691568232, 39.275605269085709 ] } },
{ "type": "Feature", "properties": { "surname": "Barger", "given": "Peter", "occupation": "seaman", "street_raw": "Lewis st", "cross_street": "Orleans", "bearing": "s", "side": "", "street_matched": "LEWIS", "confidence": "block_face" }, "geometry": { "type": "Point", "coordinates": [ -76.600257158707791, 39.294720555705048 ] } },
{ "type": "Feature", "properties": { "surname": "Barnes", "given": "Ross", "occupation": "plaisterer", "street_raw": "Hill st", "cross_street": "Charles", "bearing": "e", "side": "", "street_matched": "HILL", "confidence": "block_face" }, "geometry": { "type": "Point", "coordinates": [ -76.614021720927767, 39.281029587153093 ] } },
{ "type": "Feature", "properties": { "surname": "Barnes", "given": "Charles", "occupation": "labourer", "street_raw": "Hanover st", "cross_street": "Hill", "bearing": "n", "side": "", "street_matched": "HANOVER", "confidence": "block_face" }, "geometry": { "type": "Point", "coordinates": [ -76.61584006621338, 39.281193399268048 ] } },
{ "type": "Feature", "properties": { "surname": "Barnes", "given": "John E. millwright", "occupation": "", "street_raw": "Hanover st", "cross_street": "Hill", "bearing": "n", "side": "", "street_matched": "HANOVER", "confidence": "block_face" }, "geometry": { "type": "Point", "coordinates": [ -76.61584006621338, 39.281193399268048 ] } },
{ "type": "Feature", "properties": { "surname": "Barnet", "given": "Ann", "occupation": "Hill st e of Sharp Barnet Wm. labourer", "street_raw": "Hill st", "cross_street": "Sharp", "bearing": "e", "side": "", "street_matched": "HILL", "confidence": "block_face" }, "geometry": { "type": "Point", "coordinates": [ -76.617012007218165, 39.280937829472229 ] } },
{ "type": "Feature", "properties": { "surname": "Barnet", "given": "Stephen", "occupation": "caulker", "street_raw": "Wolfe st", "cross_street": "Fleet", "bearing": "s", "side": "", "street_matched": "WOLFE", "confidence": "block_face" }, "geometry": { "type": "Point", "coordinates": [ -76.58998611109493, 39.284299450379912 ] } },
{ "type": "Feature", "properties": { "surname": "Barnett", "given": "Mary Ann", "occupation": "laundress", "street_raw": "Perry st", "cross_street": "Howard", "bearing": "w", "side": "", "street_matched": "PERRY", "confidence": "block_face" }, "geometry": { "type": "Point", "coordinates": [ -76.61917436079456, 39.284761792719223 ] } },
{ "type": "Feature", "properties": { "surname": "Barnett", "given": "John", "occupation": "stevadore", "street_raw": "Salisbury al", "cross_street": "Exeter st", "bearing": "e", "side": "", "street_matched": "SALISBURY", "confidence": "block_face" }, "geometry": { "type": "Point", "coordinates": [ -76.602463556011045, 39.289620295268392 ] } },
{ "type": "Feature", "properties": { "surname": "Barney", "given": "Philip", "occupation": "caulker", "street_raw": "Strawberry al", "cross_street": "Gough st", "bearing": "n", "side": "w", "street_matched": "DALLAS", "confidence": "block_face" }, "geometry": { "type": "Point", "coordinates": [ -76.596271665191836, 39.28792939729621 ] } },
{ "type": "Feature", "properties": { "surname": "Barney", "given": "Wm. labourer", "occupation": "", "street_raw": "Strawberry al", "cross_street": "Pratt st", "bearing": "n", "side": "w", "street_matched": "DALLAS", "confidence": "block_face" }, "geometry": { "type": "Point", "coordinates": [ -76.59637192033594, 39.289587264401931 ] } },
{ "type": "Feature", "properties": { "surname": "Bateman", "given": "Edward", "occupation": "drayman, Mullikin st ne of Fairmount B.iteman Fanny, washer", "street_raw": "Hill st", "cross_street": "Charles", "bearing": "e", "side": "", "street_matched": "HILL", "confidence": "block_face" }, "geometry": { "type": "Point", "coordinates": [ -76.614021720927767, 39.281029587153093 ] } },
{ "type": "Feature", "properties": { "surname": "Bayly", "given": "Darkey", "occupation": "", "street_raw": "Marion st", "cross_street": "Howard", "bearing": "e", "side": "", "street_matched": "MARION", "confidence": "block_face" }, "geometry": { "type": "Point", "coordinates": [ -76.618939271284461, 39.290981829823764 ] } },
{ "type": "Feature", "properties": { "surname": "Bell", "given": "James", "occupation": "drayman", "street_raw": "Sharp st", "cross_street": "Hill", "bearing": "s", "side": "", "street_matched": "SHARP", "confidence": "block_face" }, "geometry": { "type": "Point", "coordinates": [ -76.617608628149327, 39.280722584101476 ] } },
{ "type": "Feature", "properties": { "surname": "Bennet", "given": "J. S. whitewasher", "occupation": "", "street_raw": "Jefferson st", "cross_street": "Aisquith", "bearing": "e", "side": "", "street_matched": "JEFFERSON", "confidence": "block_face" }, "geometry": { "type": "Point", "coordinates": [ -76.601217015833825, 39.295947041460558 ] } },
{ "type": "Feature", "properties": { "surname": "Benson", "given": "Henry", "occupation": "sawyer", "street_raw": "Strawberry al", "cross_street": "Pratt st", "bearing": "s", "side": "w", "street_matched": "DALLAS", "confidence": "block_face" }, "geometry": { "type": "Point", "coordinates": [ -76.596331014099221, 39.288910825197547 ] } },
{ "type": "Feature", "properties": { "surname": "Benson", "given": "Mary", "occupation": "laundress", "street_raw": "Fleet st", "cross_street": "Caroline", "bearing": "e", "side": "", "street_matched": "FLEET", "confidence": "block_face" }, "geometry": { "type": "Point", "coordinates": [ -76.596403900054895, 39.284420019850963 ] } },
{ "type": "Feature", "properties": { "surname": "Berry", "given": "Ellen", "occupation": "laundress, w side Sprilig st s of Wilk Berry B. L. Sharp st s of Saraiosra Berry Wm. carter", "street_raw": "Cross st", "cross_street": "William", "bearing": "w", "side": "", "street_matched": "CROSS", "confidence": "block_face" }, "geometry": { "type": "Point", "coordinates": [ -76.611000828601945, 39.277185782352689 ] } },
{ "type": "Feature", "properties": { "surname": "Bias", "given": "Mary", "occupation": "washer", "street_raw": "Poppleton st", "cross_street": "Baltimore", "bearing": "n", "side": "", "street_matched": "POPPLETON", "confidence": "block_face" }, "geometry": { "type": "Point", "coordinates": [ -76.632144229487906, 39.289044416169808 ] } },
{ "type": "Feature", "properties": { "surname": "Bias", "given": "Horace", "occupation": "drayman", "street_raw": "Eutaw st", "cross_street": "Barre", "bearing": "n", "side": "", "street_matched": "EUTAW", "confidence": "block_face" }, "geometry": { "type": "Point", "coordinates": [ -76.620520122158126, 39.283169849744112 ] } },
{ "type": "Feature", "properties": { "surname": "Bishop", "given": "Brisdon", "occupation": "porter", "street_raw": "Eutaw st", "cross_street": "Barre", "bearing": "n", "side": "", "street_matched": "EUTAW", "confidence": "block_face" }, "geometry": { "type": "Point", "coordinates": [ -76.620520122158126, 39.283169849744112 ] } },
{ "type": "Feature", "properties": { "surname": "Bladen", "given": "Molly", "occupation": "washer", "street_raw": "Perry st", "cross_street": "Howard", "bearing": "w", "side": "", "street_matched": "PERRY", "confidence": "block_face" }, "geometry": { "type": "Point", "coordinates": [ -76.61917436079456, 39.284761792719223 ] } },
{ "type": "Feature", "properties": { "surname": "Blake", "given": "Cato", "occupation": "", "street_raw": "Rock st", "cross_street": "Saratoga", "bearing": "s", "side": "", "street_matched": "ROCK", "confidence": "block_face" }, "geometry": { "type": "Point", "coordinates": [ -76.631606645641213, 39.292220571379602 ] } },
{ "type": "Feature", "properties": { "surname": "Blake", "given": "Emory", "occupation": "lahourer", "street_raw": "Madison st", "cross_street": "Ensor", "bearing": "e", "side": "", "street_matched": "MADISON", "confidence": "block_face" }, "geometry": { "type": "Point", "coordinates": [ -76.603374231486356, 39.299066537359288 ] } },
{ "type": "Feature", "properties": { "surname": "Bond", "given": "Samuel", "occupation": "labourer", "street_raw": "Dover st", "cross_street": "Howard", "bearing": "w", "side": "", "street_matched": "DOVER", "confidence": "block_face" }, "geometry": { "type": "Point", "coordinates": [ -76.619825176537859, 39.285927796754336 ] } },
{ "type": "Feature", "properties": { "surname": "Bonum", "given": "Dumont", "occupation": "paper hanger", "street_raw": "High st", "cross_street": "Pitt", "bearing": "n", "side": "w", "street_matched": "HIGH", "confidence": "block_face" }, "geometry": { "type": "Point", "coordinates": [ -76.604959179979332, 39.291593769131545 ] } },
{ "type": "Feature", "properties": { "surname": "Boon", "given": "Thomas", "occupation": "porter", "street_raw": "Hill st", "cross_street": "Howard", "bearing": "e", "side": "", "street_matched": "HILL", "confidence": "block_face" }, "geometry": { "type": "Point", "coordinates": [ -76.618795429099336, 39.280882889909641 ] } },
{ "type": "Feature", "properties": { "surname": "Booth", "given": "Elijah", "occupation": "carter", "street_raw": "L Montgomery st", "cross_street": "Sharp st", "bearing": "e", "side": "", "street_matched": "MONTGOMERY", "confidence": "block_face" }, "geometry": { "type": "Point", "coordinates": [ -76.617602440682433, 39.280378933695467 ] } },
{ "type": "Feature", "properties": { "surname": "Bordley", "given": "Perry", "occupation": "", "street_raw": "Mulberry st", "cross_street": "Pearl", "bearing": "w", "side": "", "street_matched": "MULBERRY", "confidence": "block_face" }, "geometry": { "type": "Point", "coordinates": [ -76.625381916250191, 39.293669637652464 ] } },
{ "type": "Feature", "properties": { "surname": "Bordley", "given": "Simon", "occupation": "", "street_raw": "Charles st", "cross_street": "West", "bearing": "s", "side": "", "street_matched": "CHARLES", "confidence": "block_face" }, "geometry": { "type": "Point", "coordinates": [ -76.614300691568232, 39.275605269085709 ] } },
{ "type": "Feature", "properties": { "surname": "Bordley", "given": "Jane", "occupation": "cook", "street_raw": "Lewis st", "cross_street": "Mullikin", "bearing": "n", "side": "", "street_matched": "LEWIS", "confidence": "block_face" }, "geometry": { "type": "Point", "coordinates": [ -76.600249615337276, 39.294602874263127 ] } },
{ "type": "Feature", "properties": { "surname": "Boston", "given": "Peter", "occupation": "York st e of Sharp Boston John C. labourer", "street_raw": "Hill st", "cross_street": "Light", "bearing": "w", "side": "", "street_matched": "HILL", "confidence": "block_face" }, "geometry": { "type": "Point", "coordinates": [ -76.613436239859112, 39.281048469684848 ] } },
{ "type": "Feature", "properties": { "surname": "Boston", "given": "Daniel", "occupation": "porter", "street_raw": "Charles st", "cross_street": "Hill", "bearing": "s", "side": "", "street_matched": "CHARLES", "confidence": "block_face" }, "geometry": { "type": "Point", "coordinates": [ -76.614643354321672, 39.280778448868944 ] } },
{ "type": "Feature", "properties": { "surname": "Bouis", "given": "Wm. sawyer", "occupation": "", "street_raw": "Charles st", "cross_street": "Hill", "bearing": "s", "side": "", "street_matched": "CHARLES", "confidence": "block_face" }, "geometry": { "type": "Point", "coordinates": [ -76.614643354321672, 39.280778448868944 ] } },
{ "type": "Feature", "properties": { "surname": "Bouis", "given": "John", "occupation": "labourer", "street_raw": "Perry st", "cross_street": "Howard", "bearing": "w", "side": "", "street_matched": "PERRY", "confidence": "block_face" }, "geometry": { "type": "Point", "coordinates": [ -76.61917436079456, 39.284761792719223 ] } },
{ "type": "Feature", "properties": { "surname": "Bouser", "given": "Rachel", "occupation": "", "street_raw": "Strawberry al", "cross_street": "Fleet st", "bearing": "n", "side": "w", "street_matched": "DALLAS", "confidence": "block_face" }, "geometry": { "type": "Point", "coordinates": [ -76.596085028303122, 39.28484306426806 ] } },
{ "type": "Feature", "properties": { "surname": "Bowen", "given": "Maria", "occupation": "washer", "street_raw": "Forest st", "cross_street": "Madison", "bearing": "n", "side": "e", "street_matched": "FORREST", "confidence": "block_face" }, "geometry": { "type": "Point", "coordinates": [ -76.607428955214004, 39.299273082772011 ] } },
{ "type": "Feature", "properties": { "surname": "Bowers", "given": "Horace", "occupation": "porter", "street_raw": "Pierce st", "cross_street": "Pearl", "bearing": "w", "side": "", "street_matched": "PIERCE", "confidence": "block_face" }, "geometry": { "type": "Point", "coordinates": [ -76.625409827928863, 39.294171768533751 ] } },
{ "type": "Feature", "properties": { "surname": "Bowly", "given": "Simon", "occupation": "carter", "street_raw": "Eden st", "cross_street": "Pratt", "bearing": "s", "side": "", "street_matched": "EDEN", "confidence": "block_face" }, "geometry": { "type": "Point", "coordinates": [ -76.598519244558361, 39.288925398700691 ] } },
{ "type": "Feature", "properties": { "surname": "Bowser", "given": "Alfred", "occupation": "drayman", "street_raw": "Harford av", "cross_street": "Madison st", "bearing": "n", "side": "", "street_matched": "HARFORD", "confidence": "block_face" }, "geometry": { "type": "Point", "coordinates": [ -76.605117864737167, 39.29909847292096 ] } },
{ "type": "Feature", "properties": { "surname": "Boyer", "given": "Adam", "occupation": "labourer", "street_raw": "Conway st", "cross_street": "Howard", "bearing": "w", "side": "", "street_matched": "CONWAY", "confidence": "block_face" }, "geometry": { "type": "Point", "coordinates": [ -76.61912598230596, 39.283978882355328 ] } },
{ "type": "Feature", "properties": { "surname": "Bozer", "given": "Samuel", "occupation": "", "street_raw": "Happy al", "cross_street": "Fleet", "bearing": "s", "side": "e", "street_matched": "DURHAM", "confidence": "block_face" }, "geometry": { "type": "Point", "coordinates": [ -76.590525480114806, 39.284277681095851 ] } },
{ "type": "Feature", "properties": { "surname": "Braddicks", "given": "Henry", "occupation": "porter", "street_raw": "Marion st", "cross_street": "Park", "bearing": "w", "side": "", "street_matched": "MARION", "confidence": "block_face" }, "geometry": { "type": "Point", "coordinates": [ -76.618630357909524, 39.290994432432989 ] } },
{ "type": "Feature", "properties": { "surname": "Bradford", "given": "Isaac", "occupation": "mariner", "street_raw": "Happy al", "cross_street": "Bank st", "bearing": "s", "side": "e", "street_matched": "DURHAM", "confidence": "block_face" }, "geometry": { "type": "Point", "coordinates": [ -76.590673234194782, 39.286316963776009 ] } },
{ "type": "Feature", "properties": { "surname": "Bradley", "given": "Cassy Ann", "occupation": "seamstress", "street_raw": "Pierce st", "cross_street": "\" Pearl", "bearing": "w", "side": "", "street_matched": "PIERCE", "confidence": "block_face" }, "geometry": { "type": "Point", "coordinates": [ -76.625409827928863, 39.294171768533751 ] } },
{ "type": "Feature", "properties": { "surname": "Bradley", "given": "John H. drayman", "occupation": "", "street_raw": "Spring st", "cross_street": "Baltimore", "bearing": "s", "side": "w", "street_matched": "SPRING", "confidence": "block_face" }, "geometry": { "type": "Point", "coordinates": [ -76.597990531302599, 39.291229194812168 ] } },
{ "type": "Feature", "properties": { "surname": "Brady", "given": "John", "occupation": "labourer, Elbow lane w of L Green st Br - Br Br Br Br Br Br Br Br Br Br Br Br Br an Wm. Potter st s of Low ce Henry, labourer, Ensor st near Harford av dge Margaret, washer, e side French st e of Batk ght Major, Forest st s of Douglass ght Cloudsby, carter, Strawberry alley s of Lombard st ghtman John, cabinet maker, Park st s of Mulberry ghtman Abraham, currier, w side State st s of Mulberry nkley Levi, labourer, w side Canal st s of Orleans scoe Susan, milk seller, Pearl st s of Saratoga scoe Wra. drayman, Dover st e of Paca scoe Gabriel, barber, 116 n Howard st scoe John, labourer, rear Lerevv's alley n of Franklin st scoe Lewis, barber, Baltimore st w of Paca ttenton Polly, laundress", "street_raw": "Strawberry al", "cross_street": "Pratt", "bearing": "s", "side": "w", "street_matched": "DALLAS", "confidence": "block_face" }, "geometry": { "type": "Point", "coordinates": [ -76.596331014099221, 39.288910825197547 ] } },
{ "type": "Feature", "properties": { "surname": "Brooks", "given": "Eliza", "occupation": "washer", "street_raw": "Harford avenue", "cross_street": "Madison st", "bearing": "s", "side": "", "street_matched": "HARFORD", "confidence": "block_face" }, "geometry": { "type": "Point", "coordinates": [ -76.605283672062754, 39.298836563382736 ] } },
{ "type": "Feature", "properties": { "surname": "Brooks", "given": "John", "occupation": "carpenter", "street_raw": "Hill st", "cross_street": "Sharp", "bearing": "e", "side": "", "street_matched": "HILL", "confidence": "block_face" }, "geometry": { "type": "Point", "coordinates": [ -76.617012007218165, 39.280937829472229 ] } },
{ "type": "Feature", "properties": { "surname": "Brooks", "given": "David", "occupation": "sawyer", "street_raw": "Hill st", "cross_street": "Sharp", "bearing": "e", "side": "", "street_matched": "HILL", "confidence": "block_face" }, "geometry": { "type": "Point", "coordinates": [ -76.617012007218165, 39.280937829472229 ] } },
{ "type": "Feature", "properties": { "surname": "Brooks", "given": "Edward", "occupation": "broom manufacturer", "street_raw": "Howard st", "cross_street": "Wayne", "bearing": "n", "side": "", "street_matched": "HOWARD", "confidence": "block_face" }, "geometry": { "type": "Point", "coordinates": [ -76.619107372654256, 39.283677738667812 ] } },
{ "type": "Feature", "properties": { "surname": "Broom", "given": "Major", "occupation": "labourer", "street_raw": "Eutaw st", "cross_street": "Lee", "bearing": "n", "side": "", "street_matched": "EUTAW", "confidence": "block_face" }, "geometry": { "type": "Point", "coordinates": [ -76.620468372267709, 39.282345794097694 ] } },
{ "type": "Feature", "properties": { "surname": "Broughton", "given": "Hannah", "occupation": "", "street_raw": "Baltimore st", "cross_street": "Pine", "bearing": "e", "side": "", "street_matched": "BALTIMORE", "confidence": "block_face" }, "geometry": { "type": "Point", "coordinates": [ -76.626160889693949, 39.289077198121092 ] } },
{ "type": "Feature", "properties": { "surname": "Brown", "given": "Edwin", "occupation": "carter", "street_raw": "Amity st", "cross_street": "Baltimore", "bearing": "n", "side": "", "street_matched": "AMITY", "confidence": "block_face" }, "geometry": { "type": "Point", "coordinates": [ -76.633083885396644, 39.289003044759681 ] } },
{ "type": "Feature", "properties": { "surname": "Brown", "given": "Ann", "occupation": "huckster", "street_raw": "Aisquith st", "cross_street": "Thomsen", "bearing": "n", "side": "", "street_matched": "AISQUITH", "confidence": "block_face" }, "geometry": { "type": "Point", "coordinates": [ -76.601786539560692, 39.295570927469569 ] } },
{ "type": "Feature", "properties": { "surname": "Brown", "given": "Robert", "occupation": "shoemaker", "street_raw": "Harford avenue", "cross_street": "Madison st", "bearing": "n", "side": "", "street_matched": "HARFORD", "confidence": "block_face" }, "geometry": { "type": "Point", "coordinates": [ -76.605117864737167, 39.29909847292096 ] } },
{ "type": "Feature", "properties": { "surname": "Brown", "given": "Clem", "occupation": "porter", "street_raw": "Lewis st", "cross_street": "Orleans", "bearing": "s", "side": "", "street_matched": "LEWIS", "confidence": "block_face" }, "geometry": { "type": "Point", "coordinates": [ -76.600257158707791, 39.294720555705048 ] } },
{ "type": "Feature", "properties": { "surname": "Brown", "given": "Arthur", "occupation": "carter", "street_raw": "Ensor st", "cross_street": "Madison", "bearing": "n", "side": "w", "street_matched": "ENSOR", "confidence": "block_face" }, "geometry": { "type": "Point", "coordinates": [ -76.603830551775573, 39.299172417771153 ] } },
{ "type": "Feature", "properties": { "surname": "Brown", "given": "Michael", "occupation": "drayman", "street_raw": "Eutaw st", "cross_street": "Barre", "bearing": "n", "side": "", "street_matched": "EUTAW", "confidence": "block_face" }, "geometry": { "type": "Point", "coordinates": [ -76.620520122158126, 39.283169849744112 ] } },
{ "type": "Feature", "properties": { "surname": "Brown", "given": "Rachel", "occupation": "washer", "street_raw": "Perry st", "cross_street": "Howard", "bearing": "w", "side": "", "street_matched": "PERRY", "confidence": "block_face" }, "geometry": { "type": "Point", "coordinates": [ -76.61917436079456, 39.284761792719223 ] } },
{ "type": "Feature", "properties": { "surname": "Brown", "given": "Jacob", "occupation": "", "street_raw": "Perry st", "cross_street": "Howard", "bearing": "w", "side": "", "street_matched": "PERRY", "confidence": "block_face" }, "geometry": { "type": "Point", "coordinates": [ -76.61917436079456, 39.284761792719223 ] } },
{ "type": "Feature", "properties": { "surname": "Brown", "given": "Hester", "occupation": "washer", "street_raw": "Perry st", "cross_street": "Howard", "bearing": "w", "side": "", "street_matched": "PERRY", "confidence": "block_face" }, "geometry": { "type": "Point", "coordinates": [ -76.61917436079456, 39.284761792719223 ] } },
{ "type": "Feature", "properties": { "surname": "Brown", "given": "Jacob", "occupation": "stevadore", "street_raw": "Lee st", "cross_street": "Charles", "bearing": "e", "side": "", "street_matched": "LEE", "confidence": "block_face" }, "geometry": { "type": "Point", "coordinates": [ -76.614097683759965, 39.282176927263514 ] } },
{ "type": "Feature", "properties": { "surname": "Brown", "given": "Hetty", "occupation": "washer", "street_raw": "Hill st", "cross_street": "Howard", "bearing": "e", "side": "", "street_matched": "HILL", "confidence": "block_face" }, "geometry": { "type": "Point", "coordinates": [ -76.618795429099336, 39.280882889909641 ] } },
{ "type": "Feature", "properties": { "surname": "Brown", "given": "Jacob", "occupation": "drayman", "street_raw": "Charles st", "cross_street": "West", "bearing": "s", "side": "", "street_matched": "CHARLES", "confidence": "block_face" }, "geometry": { "type": "Point", "coordinates": [ -76.614300691568232, 39.275605269085709 ] } },
{ "type": "Feature", "properties": { "surname": "Brown", "given": "John", "occupation": "labourer", "street_raw": "Happy alley", "cross_street": "Alice Anna st", "bearing": "n", "side": "", "street_matched": "DURHAM", "confidence": "block_face" }, "geometry": { "type": "Point", "coordinates": [ -76.590594447275578, 39.284073009550411 ] } },
{ "type": "Feature", "properties": { "surname": "Brown", "given": "Shade", "occupation": "mariner", "street_raw": "Apple alley", "cross_street": "Alice Anna st", "bearing": "n", "side": "e", "street_matched": "BETHEL", "confidence": "block_face" }, "geometry": { "type": "Point", "coordinates": [ -76.594263629356206, 39.283902111492814 ] } },
{ "type": "Feature", "properties": { "surname": "Brown", "given": "Thomas", "occupation": "", "street_raw": "Strawberry alley", "cross_street": "Gough st", "bearing": "n", "side": "w", "street_matched": "DALLAS", "confidence": "block_face" }, "geometry": { "type": "Point", "coordinates": [ -76.596271665191836, 39.28792939729621 ] } },
{ "type": "Feature", "properties": { "surname": "Bryan", "given": "Francis", "occupation": "", "street_raw": "Caroline st", "cross_street": "Lombard", "bearing": "s", "side": "", "street_matched": "CAROLINE", "confidence": "block_face" }, "geometry": { "type": "Point", "coordinates": [ -76.597053408385861, 39.289792823439846 ] } },
{ "type": "Feature", "properties": { "surname": "Burk", "given": "Thomas", "occupation": "", "street_raw": "Happy alley", "cross_street": "Bank st", "bearing": "s", "side": "n", "street_matched": "DURHAM", "confidence": "block_face" }, "geometry": { "type": "Point", "coordinates": [ -76.590673234194782, 39.286316963776009 ] } },
{ "type": "Feature", "properties": { "surname": "Burke", "given": "Dav^id", "occupation": "", "street_raw": "Happy alley", "cross_street": "Lancaster st", "bearing": "n", "side": "e", "street_matched": "DURHAM", "confidence": "block_face" }, "geometry": { "type": "Point", "coordinates": [ -76.590452700497565, 39.283080930166825 ] } },
{ "type": "Feature", "properties": { "surname": "Burke", "given": "Thomas", "occupation": "stevadore", "street_raw": "Happy alley", "cross_street": "Lancaster st", "bearing": "n", "side": "e", "street_matched": "DURHAM", "confidence": "block_face" }, "geometry": { "type": "Point", "coordinates": [ -76.590452700497565, 39.283080930166825 ] } },
{ "type": "Feature", "properties": { "surname": "Burke", "given": "James", "occupation": "labourer", "street_raw": "Happy alley", "cross_street": "Fleet", "bearing": "n", "side": "e", "street_matched": "DURHAM", "confidence": "block_face" }, "geometry": { "type": "Point", "coordinates": [ -76.590581627792545, 39.285090826310338 ] } },
{ "type": "Feature", "properties": { "surname": "Burke", "given": "James", "occupation": "coachman", "street_raw": "Davis st", "cross_street": "Franklin", "bearing": "s", "side": "", "street_matched": "DAVIS", "confidence": "block_face" }, "geometry": { "type": "Point", "coordinates": [ -76.612159776550712, 39.294720035712494 ] } },
{ "type": "Feature", "properties": { "surname": "Butler", "given": "Josiah", "occupation": "cooper", "street_raw": "Baltimore st", "cross_street": "Pearl", "bearing": "w", "side": "", "street_matched": "BALTIMORE", "confidence": "block_face" }, "geometry": { "type": "Point", "coordinates": [ -76.624753014316823, 39.289138669657362 ] } },
{ "type": "Feature", "properties": { "surname": "Butler", "given": "Sophia", "occupation": "", "street_raw": "Park st", "cross_street": "Clay", "bearing": "n", "side": "", "street_matched": "PARK", "confidence": "block_face" }, "geometry": { "type": "Point", "coordinates": [ -76.618119170829161, 39.292757750981245 ] } },
{ "type": "Feature", "properties": { "surname": "Butler", "given": "Nancy", "occupation": "washer", "street_raw": "Harford avenue", "cross_street": "Aisquith Rt", "bearing": "n", "side": "", "street_matched": "HARFORD", "confidence": "block_face" }, "geometry": { "type": "Point", "coordinates": [ -76.602127260300847, 39.304044081568556 ] } },
{ "type": "Feature", "properties": { "surname": "Butler", "given": "Clem", "occupation": "waiter", "street_raw": "Dover st", "cross_street": "Howard", "bearing": "w", "side": "", "street_matched": "DOVER", "confidence": "block_face" }, "geometry": { "type": "Point", "coordinates": [ -76.619825176537859, 39.285927796754336 ] } },
{ "type": "Feature", "properties": { "surname": "Campbell", "given": "Susan", "occupation": "", "street_raw": "Conway st", "cross_street": "Charles", "bearing": "w", "side": "", "street_matched": "CONWAY", "confidence": "block_face" }, "geometry": { "type": "Point", "coordinates": [ -76.615009048252602, 39.284170578770421 ] } },
{ "type": "Feature", "properties": { "surname": "Camper", "given": "Ann", "occupation": "", "street_raw": "Caroline st", "cross_street": "Pratt", "bearing": "s", "side": "w", "street_matched": "CAROLINE", "confidence": "block_face" }, "geometry": { "type": "Point", "coordinates": [ -76.597079782844204, 39.288986471711809 ] } },
{ "type": "Feature", "properties": { "surname": "Carey", "given": "George", "occupation": "labourer", "street_raw": "Cross st", "cross_street": "William", "bearing": "e", "side": "", "street_matched": "CROSS", "confidence": "block_face" }, "geometry": { "type": "Point", "coordinates": [ -76.610523529614611, 39.277236304543095 ] } },
{ "type": "Feature", "properties": { "surname": "Carmichael", "given": "Hester", "occupation": "cook", "street_raw": "Lewis st", "cross_street": "Mullikin", "bearing": "n", "side": "", "street_matched": "LEWIS", "confidence": "block_face" }, "geometry": { "type": "Point", "coordinates": [ -76.600249615337276, 39.294602874263127 ] } },
{ "type": "Feature", "properties": { "surname": "Carr", "given": "Wm. labourer", "occupation": "", "street_raw": "Dover st", "cross_street": "Eutaw", "bearing": "w", "side": "", "street_matched": "DOVER", "confidence": "block_face" }, "geometry": { "type": "Point", "coordinates": [ -76.621249207210411, 39.285875477149787 ] } },
{ "type": "Feature", "properties": { "surname": "Carr", "given": "James", "occupation": "labourer", "street_raw": "Dover st", "cross_street": "Eutaw", "bearing": "w", "side": "", "street_matched": "DOVER", "confidence": "block_face" }, "geometry": { "type": "Point", "coordinates": [ -76.621249207210411, 39.285875477149787 ] } },
{ "type": "Feature", "properties": { "surname": "Carroll", "given": "L. W. barber", "occupation": "", "street_raw": "Pratt st", "cross_street": "Paca", "bearing": "e", "side": "", "street_matched": "PRATT", "confidence": "block_face" }, "geometry": { "type": "Point", "coordinates": [ -76.621544834485576, 39.286249676606076 ] } },
{ "type": "Feature", "properties": { "surname": "Carroll", "given": "Joseph", "occupation": "mariner", "street_raw": "Salisbury st", "cross_street": "Exeter", "bearing": "w", "side": "", "street_matched": "SALISBURY", "confidence": "block_face" }, "geometry": { "type": "Point", "coordinates": [ -76.602718474524693, 39.289534462187653 ] } },
{ "type": "Feature", "properties": { "surname": "Caters", "given": "Wm. carter", "occupation": "", "street_raw": "Conway st", "cross_street": "Howard", "bearing": "w", "side": "", "street_matched": "CONWAY", "confidence": "block_face" }, "geometry": { "type": "Point", "coordinates": [ -76.61912598230596, 39.283978882355328 ] } },
{ "type": "Feature", "properties": { "surname": "Chambers", "given": "Hester", "occupation": "washer", "street_raw": "Centre st", "cross_street": "St Paul", "bearing": "w", "side": "", "street_matched": "CENTRE", "confidence": "block_face" }, "geometry": { "type": "Point", "coordinates": [ -76.61395121954024, 39.296371280060839 ] } },
{ "type": "Feature", "properties": { "surname": "Chambers", "given": "Edward", "occupation": "waiter", "street_raw": "Low st", "cross_street": "Aisquith", "bearing": "w", "side": "n", "street_matched": "LOW", "confidence": "block_face" }, "geometry": { "type": "Point", "coordinates": [ -76.602345455891566, 39.296340086293824 ] } },
{ "type": "Feature", "properties": { "surname": "Chaplin", "given": "David", "occupation": "drayman", "street_raw": "Charles st", "cross_street": "West", "bearing": "n", "side": "", "street_matched": "CHARLES", "confidence": "block_face" }, "geometry": { "type": "Point", "coordinates": [ -76.61433110397661, 39.276064406782552 ] } },
{ "type": "Feature", "properties": { "surname": "Chaplin", "given": "Daniel", "occupation": "labourer", "street_raw": "Strawberry alley", "cross_street": "Gough st", "bearing": "n", "side": "", "street_matched": "DALLAS", "confidence": "block_face" }, "geometry": { "type": "Point", "coordinates": [ -76.596190616011341, 39.287932356931343 ] } },
{ "type": "Feature", "properties": { "surname": "Chapman", "given": "Anderson", "occupation": "mariner", "street_raw": "Slemmer alley", "cross_street": "Fawn st", "bearing": "s", "side": "", "street_matched": "SLEMMERS", "confidence": "block_face" }, "geometry": { "type": "Point", "coordinates": [ -76.602517295295442, 39.285648772137641 ] } },
{ "type": "Feature", "properties": { "surname": "Chapman", "given": "Jeremiah", "occupation": "nailor", "street_raw": "Spring st", "cross_street": "Gough", "bearing": "n", "side": "", "street_matched": "SPRING", "confidence": "block_face" }, "geometry": { "type": "Point", "coordinates": [ -76.597700400585552, 39.287924797263237 ] } },
{ "type": "Feature", "properties": { "surname": "Chappell", "given": "Nathan", "occupation": "", "street_raw": "Happy alley", "cross_street": "Fleet st", "bearing": "s", "side": "", "street_matched": "DURHAM", "confidence": "block_face" }, "geometry": { "type": "Point", "coordinates": [ -76.590606526854359, 39.28427475028051 ] } },
{ "type": "Feature", "properties": { "surname": "Charles", "given": "Theodore", "occupation": "labourer", "street_raw": "Strawberry alley", "cross_street": "Pratt st", "bearing": "n", "side": "", "street_matched": "DALLAS", "confidence": "block_face" }, "geometry": { "type": "Point", "coordinates": [ -76.596290869263271, 39.289590224068313 ] } },
{ "type": "Feature", "properties": { "surname": "Chase", "given": "Allen", "occupation": "labourer", "street_raw": "Strawberry alley", "cross_street": "Pratt st", "bearing": "n", "side": "e", "street_matched": "DALLAS", "confidence": "block_face" }, "geometry": { "type": "Point", "coordinates": [ -76.596209818183837, 39.289593183678768 ] } },
{ "type": "Feature", "properties": { "surname": "Chase", "given": "Cassandra", "occupation": "washer", "street_raw": "Aisquith st", "cross_street": "Orleans", "bearing": "s", "side": "", "street_matched": "AISQUITH", "confidence": "block_face" }, "geometry": { "type": "Point", "coordinates": [ -76.60174411414765, 39.294659338139233 ] } },
{ "type": "Feature", "properties": { "surname": "Chester", "given": "Stanley", "occupation": "", "street_raw": "Happy alley", "cross_street": "Fleet st", "bearing": "s", "side": "e", "street_matched": "DURHAM", "confidence": "block_face" }, "geometry": { "type": "Point", "coordinates": [ -76.590525480114806, 39.284277681095851 ] } },
{ "type": "Feature", "properties": { "surname": "Chester", "given": "Stephen", "occupation": "labourer", "street_raw": "Strawberry alley", "cross_street": "Gough st", "bearing": "n", "side": "", "street_matched": "DALLAS", "confidence": "block_face" }, "geometry": { "type": "Point", "coordinates": [ -76.596190616011341, 39.287932356931343 ] } },
{ "type": "Feature", "properties": { "surname": "Coates", "given": "Clem", "occupation": "carter", "street_raw": "Light st", "cross_street": "Cross", "bearing": "n", "side": "w", "street_matched": "LIGHT", "confidence": "block_face" }, "geometry": { "type": "Point", "coordinates": [ -76.61246553764849, 39.277296396611852 ] } },
{ "type": "Feature", "properties": { "surname": "Coffee", "given": "Rachel A. washer", "occupation": "", "street_raw": "Centre st", "cross_street": "Charles", "bearing": "w", "side": "", "street_matched": "CENTRE", "confidence": "block_face" }, "geometry": { "type": "Point", "coordinates": [ -76.616149192871092, 39.296285108605694 ] } },
{ "type": "Feature", "properties": { "surname": "Cole", "given": "Caroline", "occupation": "", "street_raw": "Strawberry alley", "cross_street": "Fleet st", "bearing": "s", "side": "w", "street_matched": "DALLAS", "confidence": "block_face" }, "geometry": { "type": "Point", "coordinates": [ -76.596035512956703, 39.284024246137839 ] } },
{ "type": "Feature", "properties": { "surname": "Cole", "given": "Jane", "occupation": "", "street_raw": "Pierce st", "cross_street": "Pearl", "bearing": "w", "side": "", "street_matched": "PIERCE", "confidence": "block_face" }, "geometry": { "type": "Point", "coordinates": [ -76.625409827928863, 39.294171768533751 ] } },
{ "type": "Feature", "properties": { "surname": "Cole", "given": "Diana", "occupation": "", "street_raw": "Apple alley", "cross_street": "Fleet st", "bearing": "s", "side": "e", "street_matched": "BETHEL", "confidence": "block_face" }, "geometry": { "type": "Point", "coordinates": [ -76.594279177048719, 39.284107439781657 ] } },
{ "type": "Feature", "properties": { "surname": "Colisoii", "given": "Alexander", "occupation": "sailor", "street_raw": "Hill st", "cross_street": "Charles", "bearing": "e", "side": "", "street_matched": "HILL", "confidence": "block_face" }, "geometry": { "type": "Point", "coordinates": [ -76.614021720927767, 39.281029587153093 ] } },
{ "type": "Feature", "properties": { "surname": "Connor", "given": "Isaac", "occupation": "ropemaker", "street_raw": "Cross st", "cross_street": "William", "bearing": "w", "side": "", "street_matched": "CROSS", "confidence": "block_face" }, "geometry": { "type": "Point", "coordinates": [ -76.611000828601945, 39.277185782352689 ] } },
{ "type": "Feature", "properties": { "surname": "Cook", "given": "Henrietta", "occupation": "washer", "street_raw": "Centre st", "cross_street": "Charles", "bearing": "w", "side": "", "street_matched": "CENTRE", "confidence": "block_face" }, "geometry": { "type": "Point", "coordinates": [ -76.616149192871092, 39.296285108605694 ] } },
{ "type": "Feature", "properties": { "surname": "Cook", "given": "David", "occupation": "labourer", "street_raw": "St Peter st", "cross_street": "Scott", "bearing": "e", "side": "", "street_matched": "NANTICOKE", "confidence": "block_face" }, "geometry": { "type": "Point", "coordinates": [ -76.628753193044275, 39.281381296745884 ] } },
{ "type": "Feature", "properties": { "surname": "Cook", "given": "Kitty", "occupation": "washer", "street_raw": "Eutaw st", "cross_street": "Lee", "bearing": "n", "side": "", "street_matched": "EUTAW", "confidence": "block_face" }, "geometry": { "type": "Point", "coordinates": [ -76.620468372267709, 39.282345794097694 ] } },
{ "type": "Feature", "properties": { "surname": "Cooper", "given": "Henry", "occupation": "drayman", "street_raw": "L Montgomery st", "cross_street": "Hanover", "bearing": "w", "side": "", "street_matched": "MONTGOMERY", "confidence": "block_face" }, "geometry": { "type": "Point", "coordinates": [ -76.616019576256264, 39.27990953097499 ] } },
{ "type": "Feature", "properties": { "surname": "Cooper", "given": "Perry", "occupation": "", "street_raw": "Happy alley", "cross_street": "Fleet st", "bearing": "s", "side": "e", "street_matched": "DURHAM", "confidence": "block_face" }, "geometry": { "type": "Point", "coordinates": [ -76.590525480114806, 39.284277681095851 ] } },
{ "type": "Feature", "properties": { "surname": "Cooper", "given": "Abram", "occupation": "mariner", "street_raw": "Strawberry alley", "cross_street": "Pratt st", "bearing": "n", "side": "w", "street_matched": "DALLAS", "confidence": "block_face" }, "geometry": { "type": "Point", "coordinates": [ -76.59637192033594, 39.289587264401931 ] } },
{ "type": "Feature", "properties": { "surname": "Cordery", "given": "Jonathan", "occupation": "", "street_raw": "Happy alley", "cross_street": "Lancaster st", "bearing": "n", "side": "w", "street_matched": "DURHAM", "confidence": "block_face" }, "geometry": { "type": "Point", "coordinates": [ -76.590614779948822, 39.283074882920722 ] } },
{ "type": "Feature", "properties": { "surname": "Cornish", "given": "John", "occupation": "seaman", "street_raw": "Eden st", "cross_street": "Monument", "bearing": "s", "side": "", "street_matched": "EDEN", "confidence": "block_face" }, "geometry": { "type": "Point", "coordinates": [ -76.599102035491114, 39.298061415510546 ] } },
{ "type": "Feature", "properties": { "surname": "Cornish", "given": "Levi", "occupation": "", "street_raw": "Welcome alley", "cross_street": "Hanover st", "bearing": "w", "side": "", "street_matched": "WELCOME", "confidence": "block_face" }, "geometry": { "type": "Point", "coordinates": [ -76.61657283459931, 39.282618246245327 ] } },
{ "type": "Feature", "properties": { "surname": "Cornish", "given": "caulker", "occupation": "", "street_raw": "Strawberry alley", "cross_street": "Pratt st", "bearing": "s", "side": "w", "street_matched": "DALLAS", "confidence": "block_face" }, "geometry": { "type": "Point", "coordinates": [ -76.596331014099221, 39.288910825197547 ] } },
{ "type": "Feature", "properties": { "surname": "Countee", "given": "Philip", "occupation": "labourer", "street_raw": "Montgomery st", "cross_street": "Charles", "bearing": "w", "side": "", "street_matched": "MONTGOMERY", "confidence": "block_face" }, "geometry": { "type": "Point", "coordinates": [ -76.61504926107898, 39.279846515564209 ] } },
{ "type": "Feature", "properties": { "surname": "Cox", "given": "Tilghman", "occupation": "hackman", "street_raw": "Centre st", "cross_street": "Charles", "bearing": "w", "side": "", "street_matched": "CENTRE", "confidence": "block_face" }, "geometry": { "type": "Point", "coordinates": [ -76.616149192871092, 39.296285108605694 ] } },
{ "type": "Feature", "properties": { "surname": "Coxon", "given": "Priscilla", "occupation": "", "street_raw": "Low st", "cross_street": "Forest", "bearing": "e", "side": "", "street_matched": "LOW", "confidence": "block_face" }, "geometry": { "type": "Point", "coordinates": [ -76.603264868642455, 39.295539196194127 ] } },
{ "type": "Feature", "properties": { "surname": "Crew", "given": "Edward", "occupation": "labourer", "street_raw": "Hill st", "cross_street": "Howard", "bearing": "e", "side": "", "street_matched": "HILL", "confidence": "block_face" }, "geometry": { "type": "Point", "coordinates": [ -76.618795429099336, 39.280882889909641 ] } },
{ "type": "Feature", "properties": { "surname": "Crick", "given": "Margaret", "occupation": "seamstress", "street_raw": "Low st", "cross_street": "Aisquith", "bearing": "w", "side": "", "street_matched": "LOW", "confidence": "block_face" }, "geometry": { "type": "Point", "coordinates": [ -76.602288177002791, 39.296295422655113 ] } },
{ "type": "Feature", "properties": { "surname": "Creppin", "given": "Littleton", "occupation": "drayman", "street_raw": "Clay st", "cross_street": "Park", "bearing": "e", "side": "", "street_matched": "CLAY", "confidence": "block_face" }, "geometry": { "type": "Point", "coordinates": [ -76.617583533367736, 39.292293654370503 ] } },
{ "type": "Feature", "properties": { "surname": "Cromwell", "given": "Gabriel", "occupation": "barber", "street_raw": "Baltimore st", "cross_street": "Eden", "bearing": "w", "side": "s", "street_matched": "BALTIMORE", "confidence": "block_face" }, "geometry": { "type": "Point", "coordinates": [ -76.599042013676623, 39.291305573634617 ] } },
{ "type": "Feature", "properties": { "surname": "Crump", "given": "Ellen", "occupation": "", "street_raw": "Happy alley", "cross_street": "Alice Anna st ^", "bearing": "s", "side": "w", "street_matched": "DURHAM", "confidence": "block_face" }, "geometry": { "type": "Point", "coordinates": [ -76.590626962697428, 39.283272088376513 ] } },
{ "type": "Feature", "properties": { "surname": "Cummings", "given": "John", "occupation": "mariner", "street_raw": "Happy alley", "cross_street": "Gough st", "bearing": "n", "side": "", "street_matched": "DURHAM", "confidence": "block_face" }, "geometry": { "type": "Point", "coordinates": [ -76.590876995714908, 39.288233692597032 ] } },
{ "type": "Feature", "properties": { "surname": "Curtis", "given": "Henry", "occupation": "nightman", "street_raw": "Strawberry alley", "cross_street": "Alice Anna st", "bearing": "s", "side": "", "street_matched": "DALLAS", "confidence": "block_face" }, "geometry": { "type": "Point", "coordinates": [ -76.595893842300711, 39.283024642260855 ] } },
{ "type": "Feature", "properties": { "surname": "Dairy", "given": "Samuel", "occupation": "stevadore", "street_raw": "Lerew's alley", "cross_street": "Madison st", "bearing": "n", "side": "", "street_matched": "TYSON", "confidence": "block_face" }, "geometry": { "type": "Point", "coordinates": [ -76.619274491210177, 39.298943858151617 ] } },
{ "type": "Feature", "properties": { "surname": "Daasbury", "given": "Righston", "occupation": "labourer", "street_raw": "Spring st", "cross_street": "Gough", "bearing": "n", "side": "e", "street_matched": "SPRING", "confidence": "block_face" }, "geometry": { "type": "Point", "coordinates": [ -76.597619359702122, 39.28792789097858 ] } },
{ "type": "Feature", "properties": { "surname": "Davis", "given": "Elisha", "occupation": "tanner", "street_raw": "Forest st", "cross_street": "Madison", "bearing": "n", "side": "", "street_matched": "FORREST", "confidence": "block_face" }, "geometry": { "type": "Point", "coordinates": [ -76.60750842942879, 39.299260329344797 ] } },
{ "type": "Feature", "properties": { "surname": "Davis", "given": "Sarah", "occupation": "", "street_raw": "St Paul st", "cross_street": "Centre", "bearing": "s", "side": "", "street_matched": "PAUL", "confidence": "block_face" }, "geometry": { "type": "Point", "coordinates": [ -76.613793786186946, 39.296117039273156 ] } },
{ "type": "Feature", "properties": { "surname": "Davis", "given": "Wm. sawyer", "occupation": "", "street_raw": "Charles st", "cross_street": "Hamburg", "bearing": "s", "side": "", "street_matched": "CHARLES", "confidence": "block_face" }, "geometry": { "type": "Point", "coordinates": [ -76.614425768889149, 39.277493570625197 ] } },
{ "type": "Feature", "properties": { "surname": "Davis", "given": "Caroline", "occupation": "", "street_raw": "Hamilton st", "cross_street": "St Paul", "bearing": "w", "side": "", "street_matched": "HAMILTON", "confidence": "block_face" }, "geometry": { "type": "Point", "coordinates": [ -76.613950526031914, 39.295719207512455 ] } },
{ "type": "Feature", "properties": { "surname": "Davis", "given": "George", "occupation": "porter", "street_raw": "Stump alley", "cross_street": "Conway st", "bearing": "s", "side": "", "street_matched": "STUMP", "confidence": "block_face" }, "geometry": { "type": "Point", "coordinates": [ -76.615476856470082, 39.283957649130464 ] } },
{ "type": "Feature", "properties": { "surname": "Davis", "given": "Richard", "occupation": "barber", "street_raw": "Clay", "cross_street": "Park", "bearing": "e", "side": "", "street_matched": "CLAY", "confidence": "block_face" }, "geometry": { "type": "Point", "coordinates": [ -76.617583533367736, 39.292293654370503 ] } },
{ "type": "Feature", "properties": { "surname": "Delosher", "given": "Isaac", "occupation": "labourer, Run al n of Lexino^ton st De Mandrose John A. mariner", "street_raw": "Wills st", "cross_street": "Block", "bearing": "s", "side": "", "street_matched": "WILLS", "confidence": "block_face" }, "geometry": { "type": "Point", "coordinates": [ -76.597699437699859, 39.280185395182251 ] } },
{ "type": "Feature", "properties": { "surname": "Dennis", "given": "Lewis", "occupation": "drayman", "street_raw": "Sharp st", "cross_street": "Hill", "bearing": "s", "side": "", "street_matched": "SHARP", "confidence": "block_face" }, "geometry": { "type": "Point", "coordinates": [ -76.617608628149327, 39.280722584101476 ] } },
{ "type": "Feature", "properties": { "surname": "Dennis", "given": "Peler", "occupation": "labourer", "street_raw": "Strawberry al", "cross_street": "Bank", "bearing": "n", "side": "e", "street_matched": "DALLAS", "confidence": "block_face" }, "geometry": { "type": "Point", "coordinates": [ -76.596034129396585, 39.286687796385337 ] } },
{ "type": "Feature", "properties": { "surname": "Denny", "given": "labourer", "occupation": "", "street_raw": "Strawberry al", "cross_street": "Lombard st", "bearing": "s", "side": "w", "street_matched": "DALLAS", "confidence": "block_face" }, "geometry": { "type": "Point", "coordinates": [ -76.596385747653358, 39.289815918824097 ] } },
{ "type": "Feature", "properties": { "surname": "Dice", "given": "Wni. labourer", "occupation": "", "street_raw": "Howard st", "cross_street": "Conway", "bearing": "s", "side": "", "street_matched": "HOWARD", "confidence": "block_face" }, "geometry": { "type": "Point", "coordinates": [ -76.619113576064052, 39.283778123300564 ] } },
{ "type": "Feature", "properties": { "surname": "Dickerson", "given": "Jeremiah", "occupation": "", "street_raw": "Jasper st", "cross_street": "Ross", "bearing": "s", "side": "", "street_matched": "JASPER", "confidence": "block_face" }, "geometry": { "type": "Point", "coordinates": [ -76.622069211418818, 39.296541668883869 ] } },
{ "type": "Feature", "properties": { "surname": "Dickerson", "given": "John", "occupation": "drayman", "street_raw": "Jasper st", "cross_street": "Ross", "bearing": "s", "side": "", "street_matched": "JASPER", "confidence": "block_face" }, "geometry": { "type": "Point", "coordinates": [ -76.622069211418818, 39.296541668883869 ] } },
{ "type": "Feature", "properties": { "surname": "Dickerson", "given": "James", "occupation": "labourer", "street_raw": "Low st", "cross_street": "Aisquith", "bearing": "w", "side": "n", "street_matched": "LOW", "confidence": "block_face" }, "geometry": { "type": "Point", "coordinates": [ -76.602345455891566, 39.296340086293824 ] } },
{ "type": "Feature", "properties": { "surname": "Dickeson", "given": "Wm. stevadore", "occupation": "", "street_raw": "Spring st", "cross_street": "Gough", "bearing": "n", "side": "e", "street_matched": "SPRING", "confidence": "block_face" }, "geometry": { "type": "Point", "coordinates": [ -76.597619359702122, 39.28792789097858 ] } },
{ "type": "Feature", "properties": { "surname": "Dickinson", "given": "Daniel", "occupation": "drayman", "street_raw": "L Montgomery st", "cross_street": "Hanover", "bearing": "w", "side": "", "street_matched": "MONTGOMERY", "confidence": "block_face" }, "geometry": { "type": "Point", "coordinates": [ -76.616019576256264, 39.27990953097499 ] } },
{ "type": "Feature", "properties": { "surname": "Dillen", "given": "Sarah", "occupation": "laundress", "street_raw": "Fleet st", "cross_street": "Caroline", "bearing": "e", "side": "", "street_matched": "FLEET", "confidence": "block_face" }, "geometry": { "type": "Point", "coordinates": [ -76.596403900054895, 39.284420019850963 ] } },
{ "type": "Feature", "properties": { "surname": "Dockings", "given": "Robert", "occupation": "labourer", "street_raw": "Slemmer al", "cross_street": "Pratt st", "bearing": "s", "side": "", "street_matched": "SLEMMERS", "confidence": "block_face" }, "geometry": { "type": "Point", "coordinates": [ -76.603337013829744, 39.286953285030258 ] } },
{ "type": "Feature", "properties": { "surname": "Doer", "given": "George", "occupation": "blacksmith", "street_raw": "Low st", "cross_street": "Aisquith", "bearing": "w", "side": "n", "street_matched": "LOW", "confidence": "block_face" }, "geometry": { "type": "Point", "coordinates": [ -76.602345455891566, 39.296340086293824 ] } },
{ "type": "Feature", "properties": { "surname": "Dokry", "given": "James", "occupation": "labourer", "street_raw": "Eutaw st", "cross_street": "Lee", "bearing": "n", "side": "", "street_matched": "EUTAW", "confidence": "block_face" }, "geometry": { "type": "Point", "coordinates": [ -76.620468372267709, 39.282345794097694 ] } },
{ "type": "Feature", "properties": { "surname": "Dominis", "given": "Henry", "occupation": "segar maker", "street_raw": "Perry st", "cross_street": "Howard", "bearing": "w", "side": "", "street_matched": "PERRY", "confidence": "block_face" }, "geometry": { "type": "Point", "coordinates": [ -76.61917436079456, 39.284761792719223 ] } },
{ "type": "Feature", "properties": { "surname": "Dorsey", "given": "Michael", "occupation": "labourer", "street_raw": "Conway st", "cross_street": "Hanover", "bearing": "e", "side": "", "street_matched": "CONWAY", "confidence": "block_face" }, "geometry": { "type": "Point", "coordinates": [ -76.615816363673176, 39.284132987618264 ] } },
{ "type": "Feature", "properties": { "surname": "Dorsey", "given": "labourer", "occupation": "", "street_raw": "Light st", "cross_street": "Cross", "bearing": "n", "side": "w", "street_matched": "LIGHT", "confidence": "block_face" }, "geometry": { "type": "Point", "coordinates": [ -76.61246553764849, 39.277296396611852 ] } },
{ "type": "Feature", "properties": { "surname": "Dorsey", "given": "Cain", "occupation": "labourer", "street_raw": "William st", "cross_street": "West", "bearing": "n", "side": "", "street_matched": "WILLIAM", "confidence": "block_face" }, "geometry": { "type": "Point", "coordinates": [ -76.610557335766458, 39.276343902871822 ] } },
{ "type": "Feature", "properties": { "surname": "Douglass", "given": "Cassandra", "occupation": "washer", "street_raw": "Baltimore st", "cross_street": "Pine", "bearing": "e", "side": "", "street_matched": "BALTIMORE", "confidence": "block_face" }, "geometry": { "type": "Point", "coordinates": [ -76.626160889693949, 39.289077198121092 ] } },
{ "type": "Feature", "properties": { "surname": "Dove", "given": "Adam", "occupation": "", "street_raw": "Ann st", "cross_street": "Gough", "bearing": "s", "side": "e", "street_matched": "ANN", "confidence": "block_face" }, "geometry": { "type": "Point", "coordinates": [ -76.591407641269612, 39.287303370474532 ] } },
{ "type": "Feature", "properties": { "surname": "Dovvdon", "given": "Richard", "occupation": "", "street_raw": "Ann st", "cross_street": "Gough", "bearing": "s", "side": "e", "street_matched": "ANN", "confidence": "block_face" }, "geometry": { "type": "Point", "coordinates": [ -76.591407641269612, 39.287303370474532 ] } },
{ "type": "Feature", "properties": { "surname": "Dowlin", "given": "Levi", "occupation": "", "street_raw": "Happy al", "cross_street": "Bank st   *", "bearing": "s", "side": "w", "street_matched": "DURHAM", "confidence": "block_face" }, "geometry": { "type": "Point", "coordinates": [ -76.590835268579426, 39.28631011998722 ] } },
{ "type": "Feature", "properties": { "surname": "Doy", "given": "Cato", "occupation": "", "street_raw": "Happy al", "cross_street": "Fleet", "bearing": "s", "side": "e", "street_matched": "DURHAM", "confidence": "block_face" }, "geometry": { "type": "Point", "coordinates": [ -76.590525480114806, 39.284277681095851 ] } },
{ "type": "Feature", "properties": { "surname": "Draper", "given": "Garrison", "occupation": "tobacconist", "street_raw": "Forest st", "cross_street": "Hillen", "bearing": "n", "side": "", "street_matched": "FORREST", "confidence": "block_face" }, "geometry": { "type": "Point", "coordinates": [ -76.60595396479647, 39.297200945165201 ] } },
{ "type": "Feature", "properties": { "surname": "Draper", "given": "Ryland", "occupation": "tobacconist", "street_raw": "Forest st", "cross_street": "Madison", "bearing": "n", "side": "", "street_matched": "FORREST", "confidence": "block_face" }, "geometry": { "type": "Point", "coordinates": [ -76.60750842942879, 39.299260329344797 ] } },
{ "type": "Feature", "properties": { "surname": "Driver", "given": "Moses", "occupation": "sawyer", "street_raw": "Welcome al", "cross_street": "Hanover st", "bearing": "w", "side": "", "street_matched": "WELCOME", "confidence": "block_face" }, "geometry": { "type": "Point", "coordinates": [ -76.61657283459931, 39.282618246245327 ] } },
{ "type": "Feature", "properties": { "surname": "Droste", "given": "J. H. blacksmith", "occupation": "", "street_raw": "Hill st", "cross_street": "Hanover", "bearing": "w", "side": "", "street_matched": "HILL", "confidence": "block_face" }, "geometry": { "type": "Point", "coordinates": [ -76.615997834499822, 39.280966605687638 ] } },
{ "type": "Feature", "properties": { "surname": "Duncan", "given": "Richard", "occupation": "roller man at printing office", "street_raw": "Centre st", "cross_street": "St Paul", "bearing": "w", "side": "", "street_matched": "CENTRE", "confidence": "block_face" }, "geometry": { "type": "Point", "coordinates": [ -76.61395121954024, 39.296371280060839 ] } },
{ "type": "Feature", "properties": { "surname": "Duvall", "given": "Richard", "occupation": "drayman", "street_raw": "Park st", "cross_street": "Clay", "bearing": "n", "side": "", "street_matched": "PARK", "confidence": "block_face" }, "geometry": { "type": "Point", "coordinates": [ -76.618119170829161, 39.292757750981245 ] } },
{ "type": "Feature", "properties": { "surname": "JEaRL", "given": "Richard", "occupation": "porter", "street_raw": "State st", "cross_street": "Franklin", "bearing": "n", "side": "", "street_matched": "STATE", "confidence": "block_face" }, "geometry": { "type": "Point", "coordinates": [ -76.620393803221546, 39.294889720130499 ] } },
{ "type": "Feature", "properties": { "surname": "Edix", "given": "Jarret", "occupation": "hackman", "street_raw": "Dover st", "cross_street": "Howard", "bearing": "e", "side": "", "street_matched": "DOVER", "confidence": "block_face" }, "geometry": { "type": "Point", "coordinates": [ -76.618610935893585, 39.285972407956223 ] } },
{ "type": "Feature", "properties": { "surname": "Edmondson", "given": "Sarah", "occupation": "", "street_raw": "Apple al", "cross_street": "Fleet st", "bearing": "s", "side": "w", "street_matched": "BETHEL", "confidence": "block_face" }, "geometry": { "type": "Point", "coordinates": [ -76.594441165286568, 39.284100031658156 ] } },
{ "type": "Feature", "properties": { "surname": "Edwards", "given": "Charlotte", "occupation": "", "street_raw": "Kimmel al", "cross_street": "Lexington st", "bearing": "n", "side": "", "street_matched": "KIMMEL", "confidence": "block_face" }, "geometry": { "type": "Point", "coordinates": [ -76.620333318822219, 39.291772724490357 ] } },
{ "type": "Feature", "properties": { "surname": "Effert", "given": "Wm. labourer", "occupation": "", "street_raw": "Dover st", "cross_street": "Paca", "bearing": "e", "side": "", "street_matched": "DOVER", "confidence": "block_face" }, "geometry": { "type": "Point", "coordinates": [ -76.621528177950211, 39.285865227523288 ] } },
{ "type": "Feature", "properties": { "surname": "Elbert", "given": "Lydia", "occupation": "", "street_raw": "Charles st", "cross_street": "West", "bearing": "n", "side": "", "street_matched": "CHARLES", "confidence": "block_face" }, "geometry": { "type": "Point", "coordinates": [ -76.61433110397661, 39.276064406782552 ] } },
{ "type": "Feature", "properties": { "surname": "Ellott", "given": "Prince", "occupation": "", "street_raw": "Davis st", "cross_street": "Franklin", "bearing": "s", "side": "", "street_matched": "DAVIS", "confidence": "block_face" }, "geometry": { "type": "Point", "coordinates": [ -76.612159776550712, 39.294720035712494 ] } },
{ "type": "Feature", "properties": { "surname": "Ermy", "given": "Michael", "occupation": "coachman", "street_raw": "Saratoga st", "cross_street": "Schroeder", "bearing": "w", "side": "", "street_matched": "SARATOGA", "confidence": "block_face" }, "geometry": { "type": "Point", "coordinates": [ -76.634605092094546, 39.29243574398317 ] } },
{ "type": "Feature", "properties": { "surname": "Ermy", "given": "Michael", "occupation": "labourer", "street_raw": "Dover st", "cross_street": "Eutaw", "bearing": "e", "side": "", "street_matched": "DOVER", "confidence": "block_face" }, "geometry": { "type": "Point", "coordinates": [ -76.620113871860028, 39.285917190057418 ] } },
{ "type": "Feature", "properties": { "surname": "Evans", "given": "Eliza", "occupation": "laundress", "street_raw": "Market st", "cross_street": "Baltimore", "bearing": "s", "side": "", "street_matched": "MARKET", "confidence": "block_face" }, "geometry": { "type": "Point", "coordinates": [ -76.606751054668152, 39.28966654919266 ] } },
{ "type": "Feature", "properties": { "surname": "Evans", "given": "Thornton", "occupation": "caulker", "street_raw": "Hill st", "cross_street": "Howard", "bearing": "e", "side": "", "street_matched": "HILL", "confidence": "block_face" }, "geometry": { "type": "Point", "coordinates": [ -76.618795429099336, 39.280882889909641 ] } },
{ "type": "Feature", "properties": { "surname": "Eves", "given": "David", "occupation": "whip sawyer", "street_raw": "Spring st", "cross_street": "Gough", "bearing": "n", "side": "e", "street_matched": "SPRING", "confidence": "block_face" }, "geometry": { "type": "Point", "coordinates": [ -76.597619359702122, 39.28792789097858 ] } },
{ "type": "Feature", "properties": { "surname": "Farrell", "given": "James", "occupation": "lab;)urer", "street_raw": "Howard st", "cross_street": "Conway", "bearing": "s", "side": "", "street_matched": "HOWARD", "confidence": "block_face" }, "geometry": { "type": "Point", "coordinates": [ -76.619113576064052, 39.283778123300564 ] } },
{ "type": "Feature", "properties": { "surname": "Felix", "given": "Aus^Listus", "occupation": "", "street_raw": "Low st", "cross_street": "Forest", "bearing": "e", "side": "s", "street_matched": "LOW", "confidence": "block_face" }, "geometry": { "type": "Point", "coordinates": [ -76.603207589821508, 39.295494532992947 ] } },
{ "type": "Feature", "properties": { "surname": "Ferguson", "given": "Robert", "occupation": "labourer", "street_raw": "Comb alley", "cross_street": "Hill st", "bearing": "n", "side": "", "street_matched": "COMB", "confidence": "block_face" }, "geometry": { "type": "Point", "coordinates": [ -76.616271237357239, 39.281180199378724 ] } },
{ "type": "Feature", "properties": { "surname": "Folkes", "given": "Thomas", "occupation": "bootmaker", "street_raw": "Chatsworth st", "cross_street": "Franklin", "bearing": "n", "side": "", "street_matched": "MYRTLE", "confidence": "block_face" }, "geometry": { "type": "Point", "coordinates": [ -76.628242850858172, 39.294771409862101 ] } },
{ "type": "Feature", "properties": { "surname": "Ford", "given": "Ann", "occupation": "washer", "street_raw": "Hamilton st", "cross_street": "St Paul", "bearing": "w", "side": "", "street_matched": "HAMILTON", "confidence": "block_face" }, "geometry": { "type": "Point", "coordinates": [ -76.613950526031914, 39.295719207512455 ] } },
{ "type": "Feature", "properties": { "surname": "Ford", "given": "Richard", "occupation": "hackman", "street_raw": "Chatsworth st", "cross_street": "Franklin", "bearing": "n", "side": "", "street_matched": "MYRTLE", "confidence": "block_face" }, "geometry": { "type": "Point", "coordinates": [ -76.628242850858172, 39.294771409862101 ] } },
{ "type": "Feature", "properties": { "surname": "Fonie", "given": "George", "occupation": "cordwainer", "street_raw": "Pierce st", "cross_street": "Pearl", "bearing": "w", "side": "", "street_matched": "PIERCE", "confidence": "block_face" }, "geometry": { "type": "Point", "coordinates": [ -76.625409827928863, 39.294171768533751 ] } },
{ "type": "Feature", "properties": { "surname": "Fortie", "given": "Jacob", "occupation": "", "street_raw": "Park st", "cross_street": "Clay", "bearing": "n", "side": "", "street_matched": "PARK", "confidence": "block_face" }, "geometry": { "type": "Point", "coordinates": [ -76.618119170829161, 39.292757750981245 ] } },
{ "type": "Feature", "properties": { "surname": "Faster", "given": "James", "occupation": "steamboat hand", "street_raw": "Stump al", "cross_street": "Conway st", "bearing": "s", "side": "", "street_matched": "STUMP", "confidence": "block_face" }, "geometry": { "type": "Point", "coordinates": [ -76.615476856470082, 39.283957649130464 ] } },
{ "type": "Feature", "properties": { "surname": "Francis", "given": "John", "occupation": "mariner", "street_raw": "Fleet st", "cross_street": "Caroline", "bearing": "e", "side": "", "street_matched": "FLEET", "confidence": "block_face" }, "geometry": { "type": "Point", "coordinates": [ -76.596403900054895, 39.284420019850963 ] } },
{ "type": "Feature", "properties": { "surname": "Francis", "given": "John", "occupation": "boarding house", "street_raw": "Fleet st", "cross_street": "Bond", "bearing": "w", "side": "", "street_matched": "FLEET", "confidence": "block_face" }, "geometry": { "type": "Point", "coordinates": [ -76.595545768178781, 39.284456351878731 ] } },
{ "type": "Feature", "properties": { "surname": "Franklin", "given": "Peter", "occupation": "labourer", "street_raw": "Montgomery st", "cross_street": "Charles", "bearing": "w", "side": "", "street_matched": "MONTGOMERY", "confidence": "block_face" }, "geometry": { "type": "Point", "coordinates": [ -76.61504926107898, 39.279846515564209 ] } },
{ "type": "Feature", "properties": { "surname": "Freeman", "given": "Catharine", "occupation": "washer", "street_raw": "Perry st", "cross_street": "Howard", "bearing": "w", "side": "", "street_matched": "PERRY", "confidence": "block_face" }, "geometry": { "type": "Point", "coordinates": [ -76.61917436079456, 39.284761792719223 ] } },
{ "type": "Feature", "properties": { "surname": "Frenig", "given": "Francis", "occupation": "huckster", "street_raw": "Pierce st", "cross_street": "Pearl", "bearing": "w", "side": "", "street_matched": "PIERCE", "confidence": "block_face" }, "geometry": { "type": "Point", "coordinates": [ -76.625409827928863, 39.294171768533751 ] } },
{ "type": "Feature", "properties": { "surname": "Frisby", "given": "Perry", "occupation": "", "street_raw": "Jasper st", "cross_street": "Ross", "bearing": "s", "side": "", "street_matched": "JASPER", "confidence": "block_face" }, "geometry": { "type": "Point", "coordinates": [ -76.622069211418818, 39.296541668883869 ] } },
{ "type": "Feature", "properties": { "surname": "Fuller", "given": "Chase", "occupation": "labourer", "street_raw": "Hill st", "cross_street": "Sharp", "bearing": "e", "side": "", "street_matched": "HILL", "confidence": "block_face" }, "geometry": { "type": "Point", "coordinates": [ -76.617012007218165, 39.280937829472229 ] } },
{ "type": "Feature", "properties": { "surname": "CxAFFORD", "given": "Perry", "occupation": "gardener, Union st near Ross Gaines Wm. porter", "street_raw": "Pierce st", "cross_street": "Pearl", "bearing": "w", "side": "", "street_matched": "PIERCE", "confidence": "block_face" }, "geometry": { "type": "Point", "coordinates": [ -76.625409827928863, 39.294171768533751 ] } },
{ "type": "Feature", "properties": { "surname": "Gaines", "given": "Stewart", "occupation": "labourer", "street_raw": "Conway st", "cross_street": "Hanover", "bearing": "e", "side": "", "street_matched": "CONWAY", "confidence": "block_face" }, "geometry": { "type": "Point", "coordinates": [ -76.615816363673176, 39.284132987618264 ] } },
{ "type": "Feature", "properties": { "surname": "Gaiter", "given": "Rachel", "occupation": "", "street_raw": "Strawberry alley", "cross_street": "Gough st", "bearing": "n", "side": "w", "street_matched": "DALLAS", "confidence": "block_face" }, "geometry": { "type": "Point", "coordinates": [ -76.596271665191836, 39.28792939729621 ] } },
{ "type": "Feature", "properties": { "surname": "Garner", "given": "Michael", "occupation": "labourer", "street_raw": "Clay st", "cross_street": "Park", "bearing": "w", "side": "", "street_matched": "CLAY", "confidence": "block_face" }, "geometry": { "type": "Point", "coordinates": [ -76.618707735386735, 39.292251913393123 ] } },
{ "type": "Feature", "properties": { "surname": "Garner", "given": "Michael", "occupation": "labourer", "street_raw": "Conway st", "cross_street": "Hanover", "bearing": "e", "side": "", "street_matched": "CONWAY", "confidence": "block_face" }, "geometry": { "type": "Point", "coordinates": [ -76.615816363673176, 39.284132987618264 ] } },
{ "type": "Feature", "properties": { "surname": "Garrison", "given": "Isaac", "occupation": "hackman", "street_raw": "Lewis st", "cross_street": "Mullikin", "bearing": "n", "side": "", "street_matched": "LEWIS", "confidence": "block_face" }, "geometry": { "type": "Point", "coordinates": [ -76.600249615337276, 39.294602874263127 ] } },
{ "type": "Feature", "properties": { "surname": "Gash", "given": "Darius", "occupation": "labourer", "street_raw": "Spring st", "cross_street": "Gough", "bearing": "n", "side": "w", "street_matched": "SPRING", "confidence": "block_face" }, "geometry": { "type": "Point", "coordinates": [ -76.597781441461947, 39.287921703491996 ] } },
{ "type": "Feature", "properties": { "surname": "Gaunt", "given": "Caroline", "occupation": "washer", "street_raw": "Howard st", "cross_street": "Conway", "bearing": "s", "side": "", "street_matched": "HOWARD", "confidence": "block_face" }, "geometry": { "type": "Point", "coordinates": [ -76.619113576064052, 39.283778123300564 ] } },
{ "type": "Feature", "properties": { "surname": "Gibson", "given": "Anna", "occupation": "washer", "street_raw": "Perry st", "cross_street": "Howard", "bearing": "w", "side": "", "street_matched": "PERRY", "confidence": "block_face" }, "geometry": { "type": "Point", "coordinates": [ -76.61917436079456, 39.284761792719223 ] } },
{ "type": "Feature", "properties": { "surname": "Gibson", "given": "James", "occupation": "stevadore", "street_raw": "Spring st", "cross_street": "Baltimore", "bearing": "n", "side": "", "street_matched": "SPRING", "confidence": "block_face" }, "geometry": { "type": "Point", "coordinates": [ -76.597951397258498, 39.29189526436479 ] } },
{ "type": "Feature", "properties": { "surname": "Gibson", "given": "Charles", "occupation": "stevadore", "street_raw": "Apple alley", "cross_street": "Lombard st", "bearing": "n", "side": "w", "street_matched": "BETHEL", "confidence": "block_face" }, "geometry": { "type": "Point", "coordinates": [ -76.594907088424463, 39.290615149046864 ] } },
{ "type": "Feature", "properties": { "surname": "Gibson", "given": "Josiah", "occupation": "caulker", "street_raw": "Spring st", "cross_street": "Gough", "bearing": "n", "side": "e", "street_matched": "SPRING", "confidence": "block_face" }, "geometry": { "type": "Point", "coordinates": [ -76.597619359702122, 39.28792789097858 ] } },
{ "type": "Feature", "properties": { "surname": "Gibson", "given": "Cassy", "occupation": "", "street_raw": "Painters' court", "cross_street": "Pitt st", "bearing": "s", "side": "w", "street_matched": "PAINTERS", "confidence": "block_face" }, "geometry": { "type": "Point", "coordinates": [ -76.603239227677818, 39.291427735378171 ] } },
{ "type": "Feature", "properties": { "surname": "Giles", "given": "Harriet", "occupation": "", "street_raw": "St Paul st", "cross_street": "Franklin", "bearing": "n", "side": "", "street_matched": "PAUL", "confidence": "block_face" }, "geometry": { "type": "Point", "coordinates": [ -76.613741525191898, 39.295383367191839 ] } },
{ "type": "Feature", "properties": { "surname": "Giles", "given": "Nathan", "occupation": "carter", "street_raw": "Conway st", "cross_street": "Howard", "bearing": "w", "side": "", "street_matched": "CONWAY", "confidence": "block_face" }, "geometry": { "type": "Point", "coordinates": [ -76.61912598230596, 39.283978882355328 ] } },
{ "type": "Feature", "properties": { "surname": "Giles", "given": "Richard", "occupation": "labourer", "street_raw": "Conway st", "cross_street": "Howard", "bearing": "w", "side": "", "street_matched": "CONWAY", "confidence": "block_face" }, "geometry": { "type": "Point", "coordinates": [ -76.61912598230596, 39.283978882355328 ] } },
{ "type": "Feature", "properties": { "surname": "Gilmore", "given": "Isaac", "occupation": "drayman", "street_raw": "German st", "cross_street": "Greene", "bearing": "w", "side": "", "street_matched": "PRATT", "confidence": "block_face" }, "geometry": { "type": "Point", "coordinates": [ -76.623995150437807, 39.286167441251607 ] } },
{ "type": "Feature", "properties": { "surname": "Gooseberney", "given": "Richard", "occupation": "", "street_raw": "Happy alley", "cross_street": "Bank st", "bearing": "s", "side": "w", "street_matched": "DURHAM", "confidence": "block_face" }, "geometry": { "type": "Point", "coordinates": [ -76.590835268579426, 39.28631011998722 ] } },
{ "type": "Feature", "properties": { "surname": "Gooseberry", "given": "H. washer", "occupation": "", "street_raw": "Painters' court", "cross_street": "Pitt st", "bearing": "s", "side": "w", "street_matched": "PAINTERS", "confidence": "block_face" }, "geometry": { "type": "Point", "coordinates": [ -76.603239227677818, 39.291427735378171 ] } },
{ "type": "Feature", "properties": { "surname": "Gooseberry", "given": "Thomas", "occupation": "waiter", "street_raw": "Shakspeare st", "cross_street": "Bond", "bearing": "e", "side": "", "street_matched": "SHAKESPEARE", "confidence": "block_face" }, "geometry": { "type": "Point", "coordinates": [ -76.59472980535692, 39.282000742018198 ] } },
{ "type": "Feature", "properties": { "surname": "Gordon", "given": "Sarah", "occupation": "washer", "street_raw": "Charles st", "cross_street": "Conway", "bearing": "s", "side": "", "street_matched": "CHARLES", "confidence": "block_face" }, "geometry": { "type": "Point", "coordinates": [ -76.614672739069206, 39.283995063420541 ] } },
{ "type": "Feature", "properties": { "surname": "Grant", "given": "Nancy", "occupation": "baker", "street_raw": "Hughes st", "cross_street": "Light", "bearing": "e", "side": "", "street_matched": "HUGHES", "confidence": "block_face" }, "geometry": { "type": "Point", "coordinates": [ -76.612146695815142, 39.28062830414828 ] } },
{ "type": "Feature", "properties": { "surname": "Gray", "given": "Jeremiah", "occupation": "Labourer", "street_raw": "Saratoga st", "cross_street": "Poppleton", "bearing": "e", "side": "", "street_matched": "SARATOGA", "confidence": "block_face" }, "geometry": { "type": "Point", "coordinates": [ -76.632038027013522, 39.292530566964125 ] } },
{ "type": "Feature", "properties": { "surname": "Gray", "given": "James", "occupation": "labourer", "street_raw": "L Montgomery st", "cross_street": "Sharp", "bearing": "e", "side": "", "street_matched": "MONTGOMERY", "confidence": "block_face" }, "geometry": { "type": "Point", "coordinates": [ -76.617602440682433, 39.280378933695467 ] } },
{ "type": "Feature", "properties": { "surname": "Gray", "given": "James", "occupation": "labourer", "street_raw": "Baltimore st", "cross_street": "Bond", "bearing": "w", "side": "s", "street_matched": "BALTIMORE", "confidence": "block_face" }, "geometry": { "type": "Point", "coordinates": [ -76.595998472871401, 39.291405476283863 ] } },
{ "type": "Feature", "properties": { "surname": "Green", "given": "Richard", "occupation": "carter", "street_raw": "Strawberry alley", "cross_street": "Bank st", "bearing": "s", "side": "w", "street_matched": "DALLAS", "confidence": "block_face" }, "geometry": { "type": "Point", "coordinates": [ -76.596159380080351, 39.286072595320142 ] } },
{ "type": "Feature", "properties": { "surname": "Green", "given": "Wm„ carter", "occupation": "near Presb. cenftetry, Light st ■Green Richard, labourer", "street_raw": "Slemmer alley", "cross_street": "Pratt st", "bearing": "s", "side": "", "street_matched": "SLEMMERS", "confidence": "block_face" }, "geometry": { "type": "Point", "coordinates": [ -76.603337013829744, 39.286953285030258 ] } },
{ "type": "Feature", "properties": { "surname": "Green", "given": "Chas. whitewasher", "occupation": "", "street_raw": "Charles st", "cross_street": "Pratt", "bearing": "n", "side": "w", "street_matched": "CHARLES", "confidence": "block_face" }, "geometry": { "type": "Point", "coordinates": [ -76.614993897222959, 39.286847628411508 ] } },
{ "type": "Feature", "properties": { "surname": "Green", "given": "Garrison", "occupation": "wood sawyer", "street_raw": "Cider alley", "cross_street": "Eutaw st", "bearing": "e", "side": "", "street_matched": "CIDER", "confidence": "block_face" }, "geometry": { "type": "Point", "coordinates": [ -76.62024926351512, 39.288086854570587 ] } },
{ "type": "Feature", "properties": { "surname": "Green", "given": "John", "occupation": "stevadore", "street_raw": "Montgomery st", "cross_street": "Light", "bearing": "w", "side": "", "street_matched": "MONTGOMERY", "confidence": "block_face" }, "geometry": { "type": "Point", "coordinates": [ -76.613272519513487, 39.279919370980473 ] } },
{ "type": "Feature", "properties": { "surname": "Green", "given": "Rachel", "occupation": "", "street_raw": "Hanover st", "cross_street": "Montgomery", "bearing": "n", "side": "", "street_matched": "HANOVER", "confidence": "block_face" }, "geometry": { "type": "Point", "coordinates": [ -76.615763770291736, 39.280042564327943 ] } },
{ "type": "Feature", "properties": { "surname": "Green", "given": "James", "occupation": "caulker", "street_raw": "Happy alley", "cross_street": "Bank st", "bearing": "s", "side": "e", "street_matched": "DURHAM", "confidence": "block_face" }, "geometry": { "type": "Point", "coordinates": [ -76.590673234194782, 39.286316963776009 ] } },
{ "type": "Feature", "properties": { "surname": "Green", "given": "John", "occupation": "mariner", "street_raw": "Apple alley", "cross_street": "Lancaster st", "bearing": "n", "side": "e", "street_matched": "BETHEL", "confidence": "block_face" }, "geometry": { "type": "Point", "coordinates": [ -76.594189435293544, 39.282913457715118 ] } },
{ "type": "Feature", "properties": { "surname": "Greenage", "given": "Eli", "occupation": "sawyer", "street_raw": "Park st", "cross_street": "Lexington", "bearing": "n", "side": "", "street_matched": "PARK", "confidence": "block_face" }, "geometry": { "type": "Point", "coordinates": [ -76.618063853589348, 39.291856808854014 ] } },
{ "type": "Feature", "properties": { "surname": "Greenwood", "given": "Samuel", "occupation": "labourer", "street_raw": "Fayette st", "cross_street": "Pine", "bearing": "e", "side": "", "street_matched": "FAYETTE", "confidence": "block_face" }, "geometry": { "type": "Point", "coordinates": [ -76.626252577228286, 39.290201353225719 ] } },
{ "type": "Feature", "properties": { "surname": "Griffin", "given": "Levin", "occupation": "labourer", "street_raw": "Hill st", "cross_street": "Howard", "bearing": "e", "side": "", "street_matched": "HILL", "confidence": "block_face" }, "geometry": { "type": "Point", "coordinates": [ -76.618795429099336, 39.280882889909641 ] } },
{ "type": "Feature", "properties": { "surname": "Griffith", "given": "John", "occupation": "whip sawyer", "street_raw": "Happy alley", "cross_street": "Bank st", "bearing": "s", "side": "e", "street_matched": "DURHAM", "confidence": "block_face" }, "geometry": { "type": "Point", "coordinates": [ -76.590673234194782, 39.286316963776009 ] } },
{ "type": "Feature", "properties": { "surname": "Grinnidge", "given": "Wm. coffee roaster", "occupation": "", "street_raw": "Haw st", "cross_street": "Emory", "bearing": "w", "side": "", "street_matched": "HAW", "confidence": "block_face" }, "geometry": { "type": "Point", "coordinates": [ -76.624782185522122, 39.284733135450068 ] } },
{ "type": "Feature", "properties": { "surname": "Grissom", "given": "Elijah", "occupation": "porter", "street_raw": "Pierce st", "cross_street": "Pearl", "bearing": "w", "side": "", "street_matched": "PIERCE", "confidence": "block_face" }, "geometry": { "type": "Point", "coordinates": [ -76.625409827928863, 39.294171768533751 ] } },
{ "type": "Feature", "properties": { "surname": "Gross", "given": "Gideon", "occupation": "labourer, Cross st e of Johnson Gross Chas. waiter", "street_raw": "Rock st", "cross_street": "Lexington", "bearing": "n", "side": "", "street_matched": "ROCK", "confidence": "block_face" }, "geometry": { "type": "Point", "coordinates": [ -76.631553855531962, 39.291238307882786 ] } },
{ "type": "Feature", "properties": { "surname": "Gross", "given": "Saml. gardener", "occupation": "", "street_raw": "Sharp st", "cross_street": "Hill", "bearing": "n", "side": "", "street_matched": "SHARP", "confidence": "block_face" }, "geometry": { "type": "Point", "coordinates": [ -76.617515642871879, 39.280923535799914 ] } },
{ "type": "Feature", "properties": { "surname": "Gross", "given": "Nancy", "occupation": "", "street_raw": "Perry st", "cross_street": "Howard", "bearing": "w", "side": "", "street_matched": "PERRY", "confidence": "block_face" }, "geometry": { "type": "Point", "coordinates": [ -76.61917436079456, 39.284761792719223 ] } },
{ "type": "Feature", "properties": { "surname": "Gross", "given": "Leonard", "occupation": "blacksmith", "street_raw": "Strawberry alley", "cross_street": "Baltimore st", "bearing": "s", "side": "", "street_matched": "DALLAS", "confidence": "block_face" }, "geometry": { "type": "Point", "coordinates": [ -76.596390358748735, 39.291235456908353 ] } },
{ "type": "Feature", "properties": { "surname": "Gross", "given": "Dina", "occupation": "washer", "street_raw": "Montgomery st", "cross_street": "Light", "bearing": "w", "side": "", "street_matched": "MONTGOMERY", "confidence": "block_face" }, "geometry": { "type": "Point", "coordinates": [ -76.613272519513487, 39.279919370980473 ] } },
{ "type": "Feature", "properties": { "surname": "Gustus", "given": "Vincent", "occupation": "caulker", "street_raw": "Wolfe st", "cross_street": "Fleet", "bearing": "s", "side": "", "street_matched": "WOLFE", "confidence": "block_face" }, "geometry": { "type": "Point", "coordinates": [ -76.58998611109493, 39.284299450379912 ] } },
{ "type": "Feature", "properties": { "surname": "Hacket", "given": "Hester", "occupation": "huckster", "street_raw": "Welcome alley", "cross_street": "Hanover st", "bearing": "w", "side": "", "street_matched": "WELCOME", "confidence": "block_face" }, "geometry": { "type": "Point", "coordinates": [ -76.61657283459931, 39.282618246245327 ] } },
{ "type": "Feature", "properties": { "surname": "Hall", "given": "Carlos", "occupation": "labourer", "street_raw": "Pierce st", "cross_street": "Pearl", "bearing": "w", "side": "", "street_matched": "PIERCE", "confidence": "block_face" }, "geometry": { "type": "Point", "coordinates": [ -76.625409827928863, 39.294171768533751 ] } },
{ "type": "Feature", "properties": { "surname": "Hall", "given": "Evan", "occupation": "", "street_raw": "Baltimore st", "cross_street": "Schroeder", "bearing": "w", "side": "", "street_matched": "BALTIMORE", "confidence": "block_face" }, "geometry": { "type": "Point", "coordinates": [ -76.634383316659125, 39.28871816601707 ] } },
{ "type": "Feature", "properties": { "surname": "Hall", "given": "Ellen", "occupation": "washer", "street_raw": "Pearl st", "cross_street": "Saratoga", "bearing": "s", "side": "", "street_matched": "PEARL", "confidence": "block_face" }, "geometry": { "type": "Point", "coordinates": [ -76.62466753638094, 39.292295307949672 ] } },
{ "type": "Feature", "properties": { "surname": "Hall", "given": "Mackenzie", "occupation": "rope maker", "street_raw": "Harford avenue", "cross_street": "Aisquith st", "bearing": "n", "side": "", "street_matched": "HARFORD", "confidence": "block_face" }, "geometry": { "type": "Point", "coordinates": [ -76.602127260300847, 39.304044081568556 ] } },
{ "type": "Feature", "properties": { "surname": "Hall", "given": "Charles", "occupation": "porter", "street_raw": "Painter's court", "cross_street": "Pitt st", "bearing": "s", "side": "w", "street_matched": "PAINTERS", "confidence": "block_face" }, "geometry": { "type": "Point", "coordinates": [ -76.603239227677818, 39.291427735378171 ] } },
{ "type": "Feature", "properties": { "surname": "Hall", "given": "Peter", "occupation": "stevadore", "street_raw": "Eutaw st", "cross_street": "Lee", "bearing": "n", "side": "", "street_matched": "EUTAW", "confidence": "block_face" }, "geometry": { "type": "Point", "coordinates": [ -76.620468372267709, 39.282345794097694 ] } },
{ "type": "Feature", "properties": { "surname": "Hall", "given": "Horace", "occupation": "caulker", "street_raw": "Apple alley", "cross_street": "Alice Anna st", "bearing": "n", "side": "e", "street_matched": "BETHEL", "confidence": "block_face" }, "geometry": { "type": "Point", "coordinates": [ -76.594263629356206, 39.283902111492814 ] } },
{ "type": "Feature", "properties": { "surname": "Hammond", "given": "George", "occupation": "waiter", "street_raw": "Spring st", "cross_street": "Pratt", "bearing": "s", "side": "", "street_matched": "SPRING", "confidence": "block_face" }, "geometry": { "type": "Point", "coordinates": [ -76.597765655669477, 39.288957052484704 ] } },
{ "type": "Feature", "properties": { "surname": "Hammond", "given": "Henry", "occupation": "mariner", "street_raw": "Slemmer alley", "cross_street": "Fawn st", "bearing": "s", "side": "", "street_matched": "SLEMMERS", "confidence": "block_face" }, "geometry": { "type": "Point", "coordinates": [ -76.602517295295442, 39.285648772137641 ] } },
{ "type": "Feature", "properties": { "surname": "Handy", "given": "Wm. plaisterer", "occupation": "", "street_raw": "Jasper st", "cross_street": "Ross", "bearing": "s", "side": "", "street_matched": "JASPER", "confidence": "block_face" }, "geometry": { "type": "Point", "coordinates": [ -76.622069211418818, 39.296541668883869 ] } },
{ "type": "Feature", "properties": { "surname": "Handy", "given": "S. labourer", "occupation": "", "street_raw": "Baltimore st", "cross_street": "Gilmor", "bearing": "e", "side": "", "street_matched": "BALTIMORE", "confidence": "block_face" }, "geometry": { "type": "Point", "coordinates": [ -76.642228763695215, 39.288375597841799 ] } },
{ "type": "Feature", "properties": { "surname": "Hanson", "given": "Nace", "occupation": "", "street_raw": "Jasper st", "cross_street": "Franklin", "bearing": "n", "side": "", "street_matched": "JASPER", "confidence": "block_face" }, "geometry": { "type": "Point", "coordinates": [ -76.621990682957929, 39.295322481416335 ] } },
{ "type": "Feature", "properties": { "surname": "Harbaugh", "given": "Greenbury", "occupation": "waiter", "street_raw": "State st", "cross_street": "Franklin", "bearing": "n", "side": "", "street_matched": "STATE", "confidence": "block_face" }, "geometry": { "type": "Point", "coordinates": [ -76.620393803221546, 39.294889720130499 ] } },
{ "type": "Feature", "properties": { "surname": "Harden", "given": "James", "occupation": "", "street_raw": "Centre st", "cross_street": "St Paul", "bearing": "w", "side": "", "street_matched": "CENTRE", "confidence": "block_face" }, "geometry": { "type": "Point", "coordinates": [ -76.61395121954024, 39.296371280060839 ] } },
{ "type": "Feature", "properties": { "surname": "Harden", "given": "Lucinda", "occupation": "huckster", "street_raw": "Pearl st", "cross_street": "Saratoga", "bearing": "s", "side": "", "street_matched": "PEARL", "confidence": "block_face" }, "geometry": { "type": "Point", "coordinates": [ -76.62466753638094, 39.292295307949672 ] } },
{ "type": "Feature", "properties": { "surname": "Harden", "given": "James", "occupation": "", "street_raw": "Jasper st", "cross_street": "Franklin", "bearing": "n", "side": "", "street_matched": "JASPER", "confidence": "block_face" }, "geometry": { "type": "Point", "coordinates": [ -76.621990682957929, 39.295322481416335 ] } },
{ "type": "Feature", "properties": { "surname": "Harden", "given": "Hynson", "occupation": "blacksmith", "street_raw": "Hill st", "cross_street": "Charles", "bearing": "e", "side": "", "street_matched": "HILL", "confidence": "block_face" }, "geometry": { "type": "Point", "coordinates": [ -76.614021720927767, 39.281029587153093 ] } },
{ "type": "Feature", "properties": { "surname": "Hardy", "given": "Samuel", "occupation": "carier, Eutaw st n of Barre Harkins ■^— — drayman", "street_raw": "Elbow lane", "cross_street": "Paca st", "bearing": "w", "side": "", "street_matched": "CAMDEN", "confidence": "block_face" }, "geometry": { "type": "Point", "coordinates": [ -76.622029188527677, 39.285157295661868 ] } },
{ "type": "Feature", "properties": { "surname": "Harman", "given": "James", "occupation": "", "street_raw": "Happy alley", "cross_street": "Alice Anna st", "bearing": "s", "side": "w", "street_matched": "DURHAM", "confidence": "block_face" }, "geometry": { "type": "Point", "coordinates": [ -76.590626962697428, 39.283272088376513 ] } },
{ "type": "Feature", "properties": { "surname": "Harmy", "given": "Harriet", "occupation": "", "street_raw": "Jasper st", "cross_street": "Franklin", "bearing": "n", "side": "", "street_matched": "JASPER", "confidence": "block_face" }, "geometry": { "type": "Point", "coordinates": [ -76.621990682957929, 39.295322481416335 ] } },
{ "type": "Feature", "properties": { "surname": "Harmy", "given": "Belsy", "occupation": "", "street_raw": "Jasper st", "cross_street": "Franklin", "bearing": "n", "side": "", "street_matched": "JASPER", "confidence": "block_face" }, "geometry": { "type": "Point", "coordinates": [ -76.621990682957929, 39.295322481416335 ] } },
{ "type": "Feature", "properties": { "surname": "Harris", "given": "George", "occupation": "mariner", "street_raw": "Apple alley", "cross_street": "Lancaster st", "bearing": "s", "side": "", "street_matched": "BETHEL", "confidence": "block_face" }, "geometry": { "type": "Point", "coordinates": [ -76.594224225526105, 39.28232492866627 ] } },
{ "type": "Feature", "properties": { "surname": "Harris", "given": "James", "occupation": "whitewasher", "street_raw": "Strawberry alley", "cross_street": "Gough st", "bearing": "n", "side": "", "street_matched": "DALLAS", "confidence": "block_face" }, "geometry": { "type": "Point", "coordinates": [ -76.596190616011341, 39.287932356931343 ] } },
{ "type": "Feature", "properties": { "surname": "Harris", "given": "George", "occupation": "labourer", "street_raw": "Pierce st", "cross_street": "Pearl", "bearing": "w", "side": "", "street_matched": "PIERCE", "confidence": "block_face" }, "geometry": { "type": "Point", "coordinates": [ -76.625409827928863, 39.294171768533751 ] } },
{ "type": "Feature", "properties": { "surname": "Harris", "given": "Wm. drayman", "occupation": "", "street_raw": "Lewis st", "cross_street": "Orleans", "bearing": "s", "side": "", "street_matched": "LEWIS", "confidence": "block_face" }, "geometry": { "type": "Point", "coordinates": [ -76.600257158707791, 39.294720555705048 ] } },
{ "type": "Feature", "properties": { "surname": "Harris", "given": "Matilda", "occupation": "", "street_raw": "Jasper st", "cross_street": "Ross", "bearing": "s", "side": "", "street_matched": "JASPER", "confidence": "block_face" }, "geometry": { "type": "Point", "coordinates": [ -76.622069211418818, 39.296541668883869 ] } },
{ "type": "Feature", "properties": { "surname": "Harris", "given": "Rachel", "occupation": "cook", "street_raw": "Low st", "cross_street": "Forest", "bearing": "e", "side": "", "street_matched": "LOW", "confidence": "block_face" }, "geometry": { "type": "Point", "coordinates": [ -76.603264868642455, 39.295539196194127 ] } },
{ "type": "Feature", "properties": { "surname": "Harris", "given": "Mary", "occupation": "", "street_raw": "Perry st", "cross_street": "Howard", "bearing": "w", "side": "", "street_matched": "PERRY", "confidence": "block_face" }, "geometry": { "type": "Point", "coordinates": [ -76.61917436079456, 39.284761792719223 ] } },
{ "type": "Feature", "properties": { "surname": "Harris", "given": "Joseph", "occupation": "labourer", "street_raw": "Welcome alley", "cross_street": "Howard st", "bearing": "e", "side": "", "street_matched": "WELCOME", "confidence": "block_face" }, "geometry": { "type": "Point", "coordinates": [ -76.618897515852396, 39.282535043458978 ] } },
{ "type": "Feature", "properties": { "surname": "Harris", "given": "Easter", "occupation": "", "street_raw": "Montgomery st", "cross_street": "Light", "bearing": "w", "side": "", "street_matched": "MONTGOMERY", "confidence": "block_face" }, "geometry": { "type": "Point", "coordinates": [ -76.613272519513487, 39.279919370980473 ] } },
{ "type": "Feature", "properties": { "surname": "Harris", "given": "Rachel", "occupation": "", "street_raw": "Happy alley", "cross_street": "Gough st", "bearing": "n", "side": "w", "street_matched": "DURHAM", "confidence": "block_face" }, "geometry": { "type": "Point", "coordinates": [ -76.590958046128378, 39.288230747695302 ] } },
{ "type": "Feature", "properties": { "surname": "Harris", "given": "Edward", "occupation": "ship carpenter", "street_raw": "Spring st", "cross_street": "Gough", "bearing": "n", "side": "e", "street_matched": "SPRING", "confidence": "block_face" }, "geometry": { "type": "Point", "coordinates": [ -76.597619359702122, 39.28792789097858 ] } },
{ "type": "Feature", "properties": { "surname": "Harrison", "given": "James H. labourer", "occupation": "", "street_raw": "William st", "cross_street": "West", "bearing": "n", "side": "", "street_matched": "WILLIAM", "confidence": "block_face" }, "geometry": { "type": "Point", "coordinates": [ -76.610557335766458, 39.276343902871822 ] } },
{ "type": "Feature", "properties": { "surname": "Harrison", "given": "Horace", "occupation": "labourer", "street_raw": "Sharp st", "cross_street": "Hill", "bearing": "s", "side": "", "street_matched": "SHARP", "confidence": "block_face" }, "geometry": { "type": "Point", "coordinates": [ -76.617608628149327, 39.280722584101476 ] } },
{ "type": "Feature", "properties": { "surname": "Haslett", "given": "James", "occupation": "scowman", "street_raw": "Spring st", "cross_street": "Baltimore", "bearing": "n", "side": "", "street_matched": "SPRING", "confidence": "block_face" }, "geometry": { "type": "Point", "coordinates": [ -76.597951397258498, 39.29189526436479 ] } },
{ "type": "Feature", "properties": { "surname": "Hauson", "given": "John", "occupation": "carter", "street_raw": "Perry st", "cross_street": "Howard", "bearing": "w", "side": "", "street_matched": "PERRY", "confidence": "block_face" }, "geometry": { "type": "Point", "coordinates": [ -76.61917436079456, 39.284761792719223 ] } },
{ "type": "Feature", "properties": { "surname": "Hawkins", "given": "Richard", "occupation": "sawyer", "street_raw": "Rock st", "cross_street": "Saratoga", "bearing": "s", "side": "", "street_matched": "ROCK", "confidence": "block_face" }, "geometry": { "type": "Point", "coordinates": [ -76.631606645641213, 39.292220571379602 ] } },
{ "type": "Feature", "properties": { "surname": "Hawkins", "given": "Clarissa", "occupation": "washer", "street_raw": "Howard st", "cross_street": "Dover", "bearing": "s", "side": "e", "street_matched": "HOWARD", "confidence": "block_face" }, "geometry": { "type": "Point", "coordinates": [ -76.619149916865666, 39.285680730449599 ] } },
{ "type": "Feature", "properties": { "surname": "Heath", "given": "Lucy", "occupation": "", "street_raw": "Marion st", "cross_street": "Park", "bearing": "w", "side": "", "street_matched": "MARION", "confidence": "block_face" }, "geometry": { "type": "Point", "coordinates": [ -76.618630357909524, 39.290994432432989 ] } },
{ "type": "Feature", "properties": { "surname": "Hennsley", "given": "Joshua", "occupation": "carter", "street_raw": "Marion st", "cross_street": "Howard", "bearing": "e", "side": "", "street_matched": "MARION", "confidence": "block_face" }, "geometry": { "type": "Point", "coordinates": [ -76.618939271284461, 39.290981829823764 ] } },
{ "type": "Feature", "properties": { "surname": "Hemsley", "given": "Levi", "occupation": "tobacconist", "street_raw": "Marion st", "cross_street": "Howard", "bearing": "e", "side": "", "street_matched": "MARION", "confidence": "block_face" }, "geometry": { "type": "Point", "coordinates": [ -76.618939271284461, 39.290981829823764 ] } },
{ "type": "Feature", "properties": { "surname": "Henson", "given": "John", "occupation": "carter", "street_raw": "Perry st", "cross_street": "Howard", "bearing": "w", "side": "", "street_matched": "PERRY", "confidence": "block_face" }, "geometry": { "type": "Point", "coordinates": [ -76.61917436079456, 39.284761792719223 ] } },
{ "type": "Feature", "properties": { "surname": "Hicks", "given": "Charlotte", "occupation": "", "street_raw": "Jasper st", "cross_street": "Ross", "bearing": "s", "side": "", "street_matched": "JASPER", "confidence": "block_face" }, "geometry": { "type": "Point", "coordinates": [ -76.622069211418818, 39.296541668883869 ] } },
{ "type": "Feature", "properties": { "surname": "High", "given": "James", "occupation": "carter", "street_raw": "Low st", "cross_street": "Aisquith", "bearing": "w", "side": "n", "street_matched": "LOW", "confidence": "block_face" }, "geometry": { "type": "Point", "coordinates": [ -76.602345455891566, 39.296340086293824 ] } },
{ "type": "Feature", "properties": { "surname": "Hill", "given": "James", "occupation": "labourer", "street_raw": "Eden st", "cross_street": "Monument", "bearing": "s", "side": "", "street_matched": "EDEN", "confidence": "block_face" }, "geometry": { "type": "Point", "coordinates": [ -76.599102035491114, 39.298061415510546 ] } },
{ "type": "Feature", "properties": { "surname": "Hill", "given": "Thomas", "occupation": "seaman", "street_raw": "Forest st", "cross_street": "Madison", "bearing": "n", "side": "", "street_matched": "FORREST", "confidence": "block_face" }, "geometry": { "type": "Point", "coordinates": [ -76.60750842942879, 39.299260329344797 ] } },
{ "type": "Feature", "properties": { "surname": "Hill", "given": "Evan", "occupation": "labourer", "street_raw": "Stump alley", "cross_street": "Conway st", "bearing": "s", "side": "", "street_matched": "STUMP", "confidence": "block_face" }, "geometry": { "type": "Point", "coordinates": [ -76.615476856470082, 39.283957649130464 ] } },
{ "type": "Feature", "properties": { "surname": "Hiner", "given": "Henry", "occupation": "victualler", "street_raw": "Pitt st", "cross_street": "Caroline", "bearing": "w", "side": "", "street_matched": "FAYETTE", "confidence": "block_face" }, "geometry": { "type": "Point", "coordinates": [ -76.597567798173031, 39.293108538919057 ] } },
{ "type": "Feature", "properties": { "surname": "Hiner", "given": "Samuel", "occupation": "butcher", "street_raw": "Pitt st", "cross_street": "Caroline", "bearing": "w", "side": "", "street_matched": "FAYETTE", "confidence": "block_face" }, "geometry": { "type": "Point", "coordinates": [ -76.597567798173031, 39.293108538919057 ] } },
{ "type": "Feature", "properties": { "surname": "Hinson", "given": "Milly", "occupation": "washer", "street_raw": "Clay st", "cross_street": "Park", "bearing": "w", "side": "", "street_matched": "CLAY", "confidence": "block_face" }, "geometry": { "type": "Point", "coordinates": [ -76.618707735386735, 39.292251913393123 ] } },
{ "type": "Feature", "properties": { "surname": "Hinson", "given": "James", "occupation": "drayman", "street_raw": "Strawberry alley", "cross_street": "Pratt st", "bearing": "s", "side": "w", "street_matched": "DALLAS", "confidence": "block_face" }, "geometry": { "type": "Point", "coordinates": [ -76.596331014099221, 39.288910825197547 ] } },
{ "type": "Feature", "properties": { "surname": "Hinton", "given": "Flora", "occupation": "washer", "street_raw": "Harford avenue", "cross_street": "Aisquith st", "bearing": "n", "side": "", "street_matched": "HARFORD", "confidence": "block_face" }, "geometry": { "type": "Point", "coordinates": [ -76.602127260300847, 39.304044081568556 ] } },
{ "type": "Feature", "properties": { "surname": "Hitchens", "given": "James", "occupation": "stevadore", "street_raw": "Wolfe st", "cross_street": "Fleet", "bearing": "s", "side": "", "street_matched": "WOLFE", "confidence": "block_face" }, "geometry": { "type": "Point", "coordinates": [ -76.58998611109493, 39.284299450379912 ] } },
{ "type": "Feature", "properties": { "surname": "Hitchings", "given": "Henry", "occupation": "caulker", "street_raw": "Strawberry alley", "cross_street": "Bank st", "bearing": "s", "side": "", "street_matched": "DALLAS", "confidence": "block_face" }, "geometry": { "type": "Point", "coordinates": [ -76.596078333031812, 39.2860755551323 ] } },
{ "type": "Feature", "properties": { "surname": "Hogans", "given": "Eliza", "occupation": "", "street_raw": "Mulberry st", "cross_street": "Pine", "bearing": "e", "side": "", "street_matched": "MULBERRY", "confidence": "block_face" }, "geometry": { "type": "Point", "coordinates": [ -76.626531118538097, 39.293620048262497 ] } },
{ "type": "Feature", "properties": { "surname": "Holland", "given": "Richard", "occupation": "porter", "street_raw": "Centre st", "cross_street": "Charles", "bearing": "w", "side": "", "street_matched": "CENTRE", "confidence": "block_face" }, "geometry": { "type": "Point", "coordinates": [ -76.616149192871092, 39.296285108605694 ] } },
{ "type": "Feature", "properties": { "surname": "Holmes", "given": "Jane", "occupation": "washer", "street_raw": "Charles st", "cross_street": "West", "bearing": "s", "side": "", "street_matched": "CHARLES", "confidence": "block_face" }, "geometry": { "type": "Point", "coordinates": [ -76.614300691568232, 39.275605269085709 ] } },
{ "type": "Feature", "properties": { "surname": "Hooper", "given": "Hetty", "occupation": "washer", "street_raw": "Hill st", "cross_street": "Howard", "bearing": "e", "side": "", "street_matched": "HILL", "confidence": "block_face" }, "geometry": { "type": "Point", "coordinates": [ -76.618795429099336, 39.280882889909641 ] } },
{ "type": "Feature", "properties": { "surname": "Hooper", "given": "Geo. labourer", "occupation": "", "street_raw": "Hill st", "cross_street": "Charles", "bearing": "e", "side": "", "street_matched": "HILL", "confidence": "block_face" }, "geometry": { "type": "Point", "coordinates": [ -76.614021720927767, 39.281029587153093 ] } },
{ "type": "Feature", "properties": { "surname": "Hooper", "given": "Elizabeth", "occupation": "laundress", "street_raw": "\" Spring st", "cross_street": "Gough", "bearing": "n", "side": "w", "street_matched": "SPRING", "confidence": "block_face" }, "geometry": { "type": "Point", "coordinates": [ -76.597781441461947, 39.287921703491996 ] } },
{ "type": "Feature", "properties": { "surname": "Hopkins", "given": "Gracy", "occupation": "washer", "street_raw": "Charles st", "cross_street": "Conway", "bearing": "s", "side": "", "street_matched": "CHARLES", "confidence": "block_face" }, "geometry": { "type": "Point", "coordinates": [ -76.614672739069206, 39.283995063420541 ] } },
{ "type": "Feature", "properties": { "surname": "Houston", "given": "John", "occupation": "carpenter", "street_raw": "Caroline st", "cross_street": "Pratt", "bearing": "s", "side": "w", "street_matched": "CAROLINE", "confidence": "block_face" }, "geometry": { "type": "Point", "coordinates": [ -76.597079782844204, 39.288986471711809 ] } },
{ "type": "Feature", "properties": { "surname": "Houston", "given": "Joseph", "occupation": "mariner", "street_raw": "Happy alley", "cross_street": "Lancaster st", "bearing": "n", "side": "", "street_matched": "DURHAM", "confidence": "block_face" }, "geometry": { "type": "Point", "coordinates": [ -76.590533740226647, 39.283077906571727 ] } },
{ "type": "Feature", "properties": { "surname": "How", "given": "Saml. fisher", "occupation": "", "street_raw": "Eden st", "cross_street": "*^Pitt", "bearing": "s", "side": "", "street_matched": "EDEN", "confidence": "block_face" }, "geometry": { "type": "Point", "coordinates": [ -76.598736595286852, 39.292332657009716 ] } },
{ "type": "Feature", "properties": { "surname": "Howard", "given": "James", "occupation": "hackman", "street_raw": "Centre st", "cross_street": "Charles", "bearing": "w", "side": "", "street_matched": "CENTRE", "confidence": "block_face" }, "geometry": { "type": "Point", "coordinates": [ -76.616149192871092, 39.296285108605694 ] } },
{ "type": "Feature", "properties": { "surname": "Howard", "given": "Augustus", "occupation": "sawyer", "street_raw": "Harford av", "cross_street": "Madison st", "bearing": "s", "side": "", "street_matched": "HARFORD", "confidence": "block_face" }, "geometry": { "type": "Point", "coordinates": [ -76.605283672062754, 39.298836563382736 ] } },
{ "type": "Feature", "properties": { "surname": "Howard", "given": "Jacob", "occupation": "labourer", "street_raw": "Low st", "cross_street": "Aisquith", "bearing": "w", "side": "n", "street_matched": "LOW", "confidence": "block_face" }, "geometry": { "type": "Point", "coordinates": [ -76.602345455891566, 39.296340086293824 ] } },
{ "type": "Feature", "properties": { "surname": "Howard", "given": "Dennis", "occupation": "labourer", "street_raw": "St Peter st", "cross_street": "Scott", "bearing": "w", "side": "", "street_matched": "NANTICOKE", "confidence": "block_face" }, "geometry": { "type": "Point", "coordinates": [ -76.629052586057867, 39.281368949541552 ] } },
{ "type": "Feature", "properties": { "surname": "Howard", "given": "John", "occupation": "labourer", "street_raw": "Strawberry alley", "cross_street": "Pratt st", "bearing": "n", "side": "", "street_matched": "DALLAS", "confidence": "block_face" }, "geometry": { "type": "Point", "coordinates": [ -76.596290869263271, 39.289590224068313 ] } },
{ "type": "Feature", "properties": { "surname": "Howell", "given": "John", "occupation": "waiter", "street_raw": "Dover st", "cross_street": "Eutaw", "bearing": "w", "side": "", "street_matched": "DOVER", "confidence": "block_face" }, "geometry": { "type": "Point", "coordinates": [ -76.621249207210411, 39.285875477149787 ] } },
{ "type": "Feature", "properties": { "surname": "Hubbard", "given": "Henry", "occupation": "labourer", "street_raw": "Harford avenue", "cross_street": "Madison st", "bearing": "s", "side": "", "street_matched": "HARFORD", "confidence": "block_face" }, "geometry": { "type": "Point", "coordinates": [ -76.605283672062754, 39.298836563382736 ] } },
{ "type": "Feature", "properties": { "surname": "Hudson", "given": "Maria", "occupation": "washer", "street_raw": "Elbow lane", "cross_street": "Paca st", "bearing": "w", "side": "", "street_matched": "CAMDEN", "confidence": "block_face" }, "geometry": { "type": "Point", "coordinates": [ -76.622029188527677, 39.285157295661868 ] } },
{ "type": "Feature", "properties": { "surname": "Hudson", "given": "Rachel", "occupation": "", "street_raw": "Wolfe st", "cross_street": "Fleet", "bearing": "s", "side": "", "street_matched": "WOLFE", "confidence": "block_face" }, "geometry": { "type": "Point", "coordinates": [ -76.58998611109493, 39.284299450379912 ] } },
{ "type": "Feature", "properties": { "surname": "Hughes", "given": "Ellen", "occupation": "laundress", "street_raw": "Happy alley", "cross_street": "Gough st", "bearing": "n", "side": "", "street_matched": "DURHAM", "confidence": "block_face" }, "geometry": { "type": "Point", "coordinates": [ -76.590876995714908, 39.288233692597032 ] } },
{ "type": "Feature", "properties": { "surname": "Hughes", "given": "Sarah", "occupation": "", "street_raw": "Spring st", "cross_street": "Gough", "bearing": "n", "side": "e", "street_matched": "SPRING", "confidence": "block_face" }, "geometry": { "type": "Point", "coordinates": [ -76.597619359702122, 39.28792789097858 ] } },
{ "type": "Feature", "properties": { "surname": "Hurd", "given": "Betsy", "occupation": "washer", "street_raw": "Howard st", "cross_street": "Dover", "bearing": "s", "side": "e", "street_matched": "HOWARD", "confidence": "block_face" }, "geometry": { "type": "Point", "coordinates": [ -76.619149916865666, 39.285680730449599 ] } },
{ "type": "Feature", "properties": { "surname": "Hutton", "given": "Wm. seaman", "occupation": "", "street_raw": "Lewis st", "cross_street": "Orleans", "bearing": "n", "side": "", "street_matched": "LEWIS", "confidence": "block_face" }, "geometry": { "type": "Point", "coordinates": [ -76.600298609758511, 39.295367213667667 ] } },
{ "type": "Feature", "properties": { "surname": "Hynson", "given": "John", "occupation": "blacksmith", "street_raw": "L Montgomery st", "cross_street": "Hanover", "bearing": "w", "side": "", "street_matched": "MONTGOMERY", "confidence": "block_face" }, "geometry": { "type": "Point", "coordinates": [ -76.616019576256264, 39.27990953097499 ] } },
{ "type": "Feature", "properties": { "surname": "Inloe* Nathaniel", "given": "drayman", "occupation": "", "street_raw": "Kimmel alley", "cross_street": "Lexington st", "bearing": "n", "side": "", "street_matched": "KIMMEL", "confidence": "block_face" }, "geometry": { "type": "Point", "coordinates": [ -76.620333318822219, 39.291772724490357 ] } },
{ "type": "Feature", "properties": { "surname": "Ireland", "given": "Moses", "occupation": "", "street_raw": "Apple alley", "cross_street": "Baltimore st", "bearing": "s", "side": "e", "street_matched": "BETHEL", "confidence": "block_face" }, "geometry": { "type": "Point", "coordinates": [ -76.594797437462319, 39.291333498919933 ] } },
{ "type": "Feature", "properties": { "surname": "Irvin", "given": "David", "occupation": "vvaiter", "street_raw": "Madison st", "cross_street": "Ensor", "bearing": "e", "side": "", "street_matched": "MADISON", "confidence": "block_face" }, "geometry": { "type": "Point", "coordinates": [ -76.603374231486356, 39.299066537359288 ] } },
{ "type": "Feature", "properties": { "surname": "Jackson", "given": "Jas. porter", "occupation": "", "street_raw": "Marion st", "cross_street": "Park", "bearing": "w", "side": "", "street_matched": "MARION", "confidence": "block_face" }, "geometry": { "type": "Point", "coordinates": [ -76.618630357909524, 39.290994432432989 ] } },
{ "type": "Feature", "properties": { "surname": "Jackson", "given": "Debby", "occupation": "", "street_raw": "Saratoga st", "cross_street": "Schroeder", "bearing": "w", "side": "", "street_matched": "SARATOGA", "confidence": "block_face" }, "geometry": { "type": "Point", "coordinates": [ -76.634605092094546, 39.29243574398317 ] } },
{ "type": "Feature", "properties": { "surname": "Jackson", "given": "Daniel", "occupation": "miller", "street_raw": "Harford avenue", "cross_street": "Madison st", "bearing": "s", "side": "", "street_matched": "HARFORD", "confidence": "block_face" }, "geometry": { "type": "Point", "coordinates": [ -76.605283672062754, 39.298836563382736 ] } },
{ "type": "Feature", "properties": { "surname": "Jackson", "given": "Elizabeth", "occupation": "", "street_raw": "Jasper st", "cross_street": "Ross", "bearing": "s", "side": "", "street_matched": "JASPER", "confidence": "block_face" }, "geometry": { "type": "Point", "coordinates": [ -76.622069211418818, 39.296541668883869 ] } },
{ "type": "Feature", "properties": { "surname": "Jackson", "given": "Tobias", "occupation": "seaman", "street_raw": "Perry st", "cross_street": "Howard", "bearing": "w", "side": "", "street_matched": "PERRY", "confidence": "block_face" }, "geometry": { "type": "Point", "coordinates": [ -76.61917436079456, 39.284761792719223 ] } },
{ "type": "Feature", "properties": { "surname": "Jackson", "given": "David", "occupation": "labourer", "street_raw": "Wayne st", "cross_street": "Howard", "bearing": "w", "side": "", "street_matched": "WAYNE", "confidence": "block_face" }, "geometry": { "type": "Point", "coordinates": [ -76.619094967776775, 39.2834769999683 ] } },
{ "type": "Feature", "properties": { "surname": "Jackson", "given": "Erasmus", "occupation": "labourer", "street_raw": "Wayne st", "cross_street": "Howard", "bearing": "w", "side": "", "street_matched": "WAYNE", "confidence": "block_face" }, "geometry": { "type": "Point", "coordinates": [ -76.619094967776775, 39.2834769999683 ] } },
{ "type": "Feature", "properties": { "surname": "Jackson", "given": "Hynson", "occupation": "carter", "street_raw": "Wayne st", "cross_street": "Howard", "bearing": "w", "side": "", "street_matched": "WAYNE", "confidence": "block_face" }, "geometry": { "type": "Point", "coordinates": [ -76.619094967776775, 39.2834769999683 ] } },
{ "type": "Feature", "properties": { "surname": "Jackson", "given": "Thos. caulker", "occupation": "", "street_raw": "L Montgomery st", "cross_street": "Sharp", "bearing": "e", "side": "", "street_matched": "MONTGOMERY", "confidence": "block_face" }, "geometry": { "type": "Point", "coordinates": [ -76.617602440682433, 39.280378933695467 ] } },
{ "type": "Feature", "properties": { "surname": "Jackson", "given": "Jacob", "occupation": "porter", "street_raw": "Kimmel alley", "cross_street": "Lexington st", "bearing": "n", "side": "", "street_matched": "KIMMEL", "confidence": "block_face" }, "geometry": { "type": "Point", "coordinates": [ -76.620333318822219, 39.291772724490357 ] } },
{ "type": "Feature", "properties": { "surname": "Jackson", "given": "Eliza", "occupation": "", "street_raw": "Howard st", "cross_street": "Conway", "bearing": "s", "side": "", "street_matched": "HOWARD", "confidence": "block_face" }, "geometry": { "type": "Point", "coordinates": [ -76.619113576064052, 39.283778123300564 ] } },
{ "type": "Feature", "properties": { "surname": "Jackson", "given": "James", "occupation": "caulker", "street_raw": "Happy alley", "cross_street": "Bank st", "bearing": "s", "side": "e", "street_matched": "DURHAM", "confidence": "block_face" }, "geometry": { "type": "Point", "coordinates": [ -76.590673234194782, 39.286316963776009 ] } },
{ "type": "Feature", "properties": { "surname": "Jackson", "given": "Abram", "occupation": "labourer", "street_raw": "Strawberry alley", "cross_street": "Lombard st", "bearing": "s", "side": "", "street_matched": "DALLAS", "confidence": "block_face" }, "geometry": { "type": "Point", "coordinates": [ -76.596304696320018, 39.289818878499823 ] } },
{ "type": "Feature", "properties": { "surname": "Jackson", "given": "Randall", "occupation": "carter", "street_raw": "Strawberry alley", "cross_street": "Lombard st", "bearing": "s", "side": "", "street_matched": "DALLAS", "confidence": "block_face" }, "geometry": { "type": "Point", "coordinates": [ -76.596304696320018, 39.289818878499823 ] } },
{ "type": "Feature", "properties": { "surname": "Jackson", "given": "Agnes", "occupation": "washer", "street_raw": "Dover st", "cross_street": "Howard", "bearing": "w", "side": "", "street_matched": "DOVER", "confidence": "block_face" }, "geometry": { "type": "Point", "coordinates": [ -76.619825176537859, 39.285927796754336 ] } },
{ "type": "Feature", "properties": { "surname": "Jacobs", "given": "Basil", "occupation": "sawyer", "street_raw": "Saratoga st", "cross_street": "Schroeder", "bearing": "e", "side": "", "street_matched": "SARATOGA", "confidence": "block_face" }, "geometry": { "type": "Point", "coordinates": [ -76.633712174096672, 39.292468727099902 ] } },
{ "type": "Feature", "properties": { "surname": "Jacobs", "given": "William", "occupation": "stevadore", "street_raw": "Comb alley", "cross_street": "Hill st", "bearing": "n", "side": "", "street_matched": "COMB", "confidence": "block_face" }, "geometry": { "type": "Point", "coordinates": [ -76.616271237357239, 39.281180199378724 ] } },
{ "type": "Feature", "properties": { "surname": "Jakes", "given": "Frederick", "occupation": "", "street_raw": "Park st", "cross_street": "Madison", "bearing": "n", "side": "", "street_matched": "PARK", "confidence": "block_face" }, "geometry": { "type": "Point", "coordinates": [ -76.618500914464207, 39.298975050383717 ] } },
{ "type": "Feature", "properties": { "surname": "Jakes", "given": "Alexander", "occupation": "baker", "street_raw": "Spring st", "cross_street": "Pratt", "bearing": "s", "side": "e", "street_matched": "SPRING", "confidence": "block_face" }, "geometry": { "type": "Point", "coordinates": [ -76.597684613597863, 39.288960146057953 ] } },
{ "type": "Feature", "properties": { "surname": "Jarvis", "given": "mrs Harry", "occupation": "", "street_raw": "Pierce st", "cross_street": "Pine", "bearing": "e", "side": "", "street_matched": "PIERCE", "confidence": "block_face" }, "geometry": { "type": "Point", "coordinates": [ -76.626572646622122, 39.294128867812553 ] } },
{ "type": "Feature", "properties": { "surname": "Jefferson", "given": "Isaac", "occupation": "labourer", "street_raw": "Hillen st", "cross_street": "Forest", "bearing": "e", "side": "s", "street_matched": "HILLEN", "confidence": "block_face" }, "geometry": { "type": "Point", "coordinates": [ -76.605003934248458, 39.297128364285221 ] } },
{ "type": "Feature", "properties": { "surname": "Jenkins", "given": "Henry", "occupation": "drayman", "street_raw": "Dover st", "cross_street": "Eutaw", "bearing": "w", "side": "", "street_matched": "DOVER", "confidence": "block_face" }, "geometry": { "type": "Point", "coordinates": [ -76.621249207210411, 39.285875477149787 ] } },
{ "type": "Feature", "properties": { "surname": "Jenkins", "given": "Andrew", "occupation": "sailor", "street_raw": "Comb alley", "cross_street": "Hill st", "bearing": "n", "side": "", "street_matched": "COMB", "confidence": "block_face" }, "geometry": { "type": "Point", "coordinates": [ -76.616271237357239, 39.281180199378724 ] } },
{ "type": "Feature", "properties": { "surname": "Jenkins", "given": "Wm", "occupation": "labourer", "street_raw": "Strawberry alley", "cross_street": "Bank st", "bearing": "s", "side": "w", "street_matched": "DALLAS", "confidence": "block_face" }, "geometry": { "type": "Point", "coordinates": [ -76.596159380080351, 39.286072595320142 ] } },
{ "type": "Feature", "properties": { "surname": "Jenkins", "given": "Joshua", "occupation": "blacksmith", "street_raw": "Spring st", "cross_street": "Gough", "bearing": "n", "side": "w", "street_matched": "SPRING", "confidence": "block_face" }, "geometry": { "type": "Point", "coordinates": [ -76.597781441461947, 39.287921703491996 ] } },
{ "type": "Feature", "properties": { "surname": "Jiles", "given": "Henry", "occupation": "sawyer", "street_raw": "Happy alley", "cross_street": "Bank st", "bearing": "s", "side": "w", "street_matched": "DURHAM", "confidence": "block_face" }, "geometry": { "type": "Point", "coordinates": [ -76.590835268579426, 39.28631011998722 ] } },
{ "type": "Feature", "properties": { "surname": "Johns", "given": "John", "occupation": "waiter", "street_raw": "Davis st", "cross_street": "Franklin", "bearing": "s", "side": "", "street_matched": "DAVIS", "confidence": "block_face" }, "geometry": { "type": "Point", "coordinates": [ -76.612159776550712, 39.294720035712494 ] } },
{ "type": "Feature", "properties": { "surname": "Johnson", "given": "Stanley", "occupation": "", "street_raw": "Marion st", "cross_street": "Park", "bearing": "w", "side": "", "street_matched": "MARION", "confidence": "block_face" }, "geometry": { "type": "Point", "coordinates": [ -76.618630357909524, 39.290994432432989 ] } },
{ "type": "Feature", "properties": { "surname": "Johnson", "given": "Thos. whitewasher", "occupation": "", "street_raw": "Marion st", "cross_street": "Howard", "bearing": "e", "side": "", "street_matched": "MARION", "confidence": "block_face" }, "geometry": { "type": "Point", "coordinates": [ -76.618939271284461, 39.290981829823764 ] } },
{ "type": "Feature", "properties": { "surname": "Johnson", "given": "Charles", "occupation": "caulker", "street_raw": "Spring st", "cross_street": "Gough", "bearing": "s", "side": "w", "street_matched": "SPRING", "confidence": "block_face" }, "geometry": { "type": "Point", "coordinates": [ -76.597718878802866, 39.286932068847818 ] } },
{ "type": "Feature", "properties": { "surname": "Johnson", "given": "Abby", "occupation": "washer", "street_raw": "Mulberry st", "cross_street": "Pearl", "bearing": "w", "side": "", "street_matched": "MULBERRY", "confidence": "block_face" }, "geometry": { "type": "Point", "coordinates": [ -76.625381916250191, 39.293669637652464 ] } },
{ "type": "Feature", "properties": { "surname": "Johnson", "given": "Job", "occupation": "labourer", "street_raw": "Chatsworth st", "cross_street": "Franklin", "bearing": "s", "side": "", "street_matched": "MYRTLE", "confidence": "block_face" }, "geometry": { "type": "Point", "coordinates": [ -76.628213715015136, 39.294375149227932 ] } },
{ "type": "Feature", "properties": { "surname": "Johnson", "given": "Frederick", "occupation": "labourer", "street_raw": "Baltimore st", "cross_street": "Gilmor", "bearing": "e", "side": "", "street_matched": "BALTIMORE", "confidence": "block_face" }, "geometry": { "type": "Point", "coordinates": [ -76.642228763695215, 39.288375597841799 ] } },
{ "type": "Feature", "properties": { "surname": "Johnson", "given": "Edward", "occupation": "porler", "street_raw": "Lewis st", "cross_street": "Orleans", "bearing": "n", "side": "", "street_matched": "LEWIS", "confidence": "block_face" }, "geometry": { "type": "Point", "coordinates": [ -76.600298609758511, 39.295367213667667 ] } },
{ "type": "Feature", "properties": { "surname": "Johnson", "given": "Philip", "occupation": "fisher", "street_raw": "Lewis st", "cross_street": "Orleans", "bearing": "n", "side": "", "street_matched": "LEWIS", "confidence": "block_face" }, "geometry": { "type": "Point", "coordinates": [ -76.600298609758511, 39.295367213667667 ] } },
{ "type": "Feature", "properties": { "surname": "Johnson", "given": "Gassy", "occupation": "washer", "street_raw": "Lewis st", "cross_street": "Orleans", "bearing": "n", "side": "", "street_matched": "LEWIS", "confidence": "block_face" }, "geometry": { "type": "Point", "coordinates": [ -76.600298609758511, 39.295367213667667 ] } },
{ "type": "Feature", "properties": { "surname": "Johnson", "given": "Patience", "occupation": "washer", "street_raw": "Lewis st", "cross_street": "Mullikin", "bearing": "n", "side": "", "street_matched": "LEWIS", "confidence": "block_face" }, "geometry": { "type": "Point", "coordinates": [ -76.600249615337276, 39.294602874263127 ] } },
{ "type": "Feature", "properties": { "surname": "Johnson", "given": "Robert", "occupation": "waiter", "street_raw": "Low st", "cross_street": "Forest", "bearing": "e", "side": "", "street_matched": "LOW", "confidence": "block_face" }, "geometry": { "type": "Point", "coordinates": [ -76.603264868642455, 39.295539196194127 ] } },
{ "type": "Feature", "properties": { "surname": "Johnson", "given": "James", "occupation": "labourer", "street_raw": "Strawberry alley", "cross_street": "Bank st", "bearing": "s", "side": "e", "street_matched": "DALLAS", "confidence": "block_face" }, "geometry": { "type": "Point", "coordinates": [ -76.595997285976509, 39.286078514888537 ] } },
{ "type": "Feature", "properties": { "surname": "Johnson", "given": "Wm. carter", "occupation": "", "street_raw": "Strawberry alley", "cross_street": "Bank st", "bearing": "s", "side": "e", "street_matched": "DALLAS", "confidence": "block_face" }, "geometry": { "type": "Point", "coordinates": [ -76.595997285976509, 39.286078514888537 ] } },
{ "type": "Feature", "properties": { "surname": "Johnson", "given": "Thos. stevadore", "occupation": "", "street_raw": "Slemmer alley", "cross_street": "Stiles st", "bearing": "n", "side": "", "street_matched": "SLEMMERS", "confidence": "block_face" }, "geometry": { "type": "Point", "coordinates": [ -76.60326019482946, 39.286831033609076 ] } },
{ "type": "Feature", "properties": { "surname": "Johnson", "given": "Jane", "occupation": "washer", "street_raw": "Perry st", "cross_street": "Howard", "bearing": "w", "side": "", "street_matched": "PERRY", "confidence": "block_face" }, "geometry": { "type": "Point", "coordinates": [ -76.61917436079456, 39.284761792719223 ] } },
{ "type": "Feature", "properties": { "surname": "Johnson", "given": "Servin", "occupation": "drayman", "street_raw": "Dover st", "cross_street": "Eutaw", "bearing": "e", "side": "", "street_matched": "DOVER", "confidence": "block_face" }, "geometry": { "type": "Point", "coordinates": [ -76.620113871860028, 39.285917190057418 ] } },
{ "type": "Feature", "properties": { "surname": "Johnson", "given": "Edward", "occupation": "labourer", "street_raw": "Dover st", "cross_street": "Eutaw", "bearing": "e", "side": "", "street_matched": "DOVER", "confidence": "block_face" }, "geometry": { "type": "Point", "coordinates": [ -76.620113871860028, 39.285917190057418 ] } },
{ "type": "Feature", "properties": { "surname": "Johnson", "given": "Saml. labourer", "occupation": "", "street_raw": "State st", "cross_street": "Franklin", "bearing": "n", "side": "", "street_matched": "STATE", "confidence": "block_face" }, "geometry": { "type": "Point", "coordinates": [ -76.620393803221546, 39.294889720130499 ] } },
{ "type": "Feature", "properties": { "surname": "Johnson", "given": "Fanny", "occupation": "washer", "street_raw": "Dover st", "cross_street": "Eutaw", "bearing": "w", "side": "", "street_matched": "DOVER", "confidence": "block_face" }, "geometry": { "type": "Point", "coordinates": [ -76.621249207210411, 39.285875477149787 ] } },
{ "type": "Feature", "properties": { "surname": "Johnson", "given": "Samuel", "occupation": "labourer", "street_raw": "Eutaw st", "cross_street": "Lee", "bearing": "n", "side": "", "street_matched": "EUTAW", "confidence": "block_face" }, "geometry": { "type": "Point", "coordinates": [ -76.620468372267709, 39.282345794097694 ] } },
{ "type": "Feature", "properties": { "surname": "Johnson", "given": "Mager", "occupation": "cook", "street_raw": "Conway st", "cross_street": "Howard", "bearing": "w", "side": "", "street_matched": "CONWAY", "confidence": "block_face" }, "geometry": { "type": "Point", "coordinates": [ -76.61912598230596, 39.283978882355328 ] } },
{ "type": "Feature", "properties": { "surname": "Johnson", "given": "Wra. porter", "occupation": "", "street_raw": "Wayne st", "cross_street": "Howard", "bearing": "w", "side": "", "street_matched": "WAYNE", "confidence": "block_face" }, "geometry": { "type": "Point", "coordinates": [ -76.619094967776775, 39.2834769999683 ] } },
{ "type": "Feature", "properties": { "surname": "Johnson", "given": "Henry", "occupation": "drayman", "street_raw": "Charles st", "cross_street": "West", "bearing": "n", "side": "", "street_matched": "CHARLES", "confidence": "block_face" }, "geometry": { "type": "Point", "coordinates": [ -76.61433110397661, 39.276064406782552 ] } },
{ "type": "Feature", "properties": { "surname": "Johnson", "given": "Lewis", "occupation": "barber", "street_raw": "Howard st", "cross_street": "Conway", "bearing": "s", "side": "", "street_matched": "HOWARD", "confidence": "block_face" }, "geometry": { "type": "Point", "coordinates": [ -76.619113576064052, 39.283778123300564 ] } },
{ "type": "Feature", "properties": { "surname": "Johnson", "given": "Charles", "occupation": "labourer", "street_raw": "Bank st", "cross_street": "Ann", "bearing": "e", "side": "", "street_matched": "BANK", "confidence": "block_face" }, "geometry": { "type": "Point", "coordinates": [ -76.591181596053119, 39.286704789627841 ] } },
{ "type": "Feature", "properties": { "surname": "Johnson", "given": "Rachel", "occupation": "", "street_raw": "Happy al", "cross_street": "Lancaster", "bearing": "n", "side": "w", "street_matched": "DURHAM", "confidence": "block_face" }, "geometry": { "type": "Point", "coordinates": [ -76.590614779948822, 39.283074882920722 ] } },
{ "type": "Feature", "properties": { "surname": "Johnson", "given": "Thomas", "occupation": "", "street_raw": "Happy al", "cross_street": "Alice Anna st", "bearing": "s", "side": "w", "street_matched": "DURHAM", "confidence": "block_face" }, "geometry": { "type": "Point", "coordinates": [ -76.590626962697428, 39.283272088376513 ] } },
{ "type": "Feature", "properties": { "surname": "Johnson", "given": "Robert", "occupation": "", "street_raw": "Happy al", "cross_street": "Gough", "bearing": "n", "side": "w", "street_matched": "DURHAM", "confidence": "block_face" }, "geometry": { "type": "Point", "coordinates": [ -76.590958046128378, 39.288230747695302 ] } },
{ "type": "Feature", "properties": { "surname": "Johnson", "given": "Lydia", "occupation": "", "street_raw": "Apple al", "cross_street": "Lancaster st", "bearing": "n", "side": "e", "street_matched": "BETHEL", "confidence": "block_face" }, "geometry": { "type": "Point", "coordinates": [ -76.594189435293544, 39.282913457715118 ] } },
{ "type": "Feature", "properties": { "surname": "Johnson", "given": "Robert", "occupation": "baker", "street_raw": "Caroline st", "cross_street": "Gough st", "bearing": "n", "side": "e", "street_matched": "CAROLINE", "confidence": "block_face" }, "geometry": { "type": "Point", "coordinates": [ -76.596847593523449, 39.287962609776322 ] } },
{ "type": "Feature", "properties": { "surname": "Johnson", "given": "Nathan", "occupation": "labourer", "street_raw": "Bond st", "cross_street": "Bank", "bearing": "s", "side": "w", "street_matched": "BOND", "confidence": "block_face" }, "geometry": { "type": "Point", "coordinates": [ -76.59545998304138, 39.286103495833075 ] } },
{ "type": "Feature", "properties": { "surname": "Johnson", "given": "Edward", "occupation": "carter", "street_raw": "Strawberry al", "cross_street": "Bank st", "bearing": "s", "side": "e", "street_matched": "DALLAS", "confidence": "block_face" }, "geometry": { "type": "Point", "coordinates": [ -76.595997285976509, 39.286078514888537 ] } },
{ "type": "Feature", "properties": { "surname": "Jones", "given": "Elizabeth", "occupation": "", "street_raw": "Clay st", "cross_street": "Park", "bearing": "e", "side": "", "street_matched": "CLAY", "confidence": "block_face" }, "geometry": { "type": "Point", "coordinates": [ -76.617583533367736, 39.292293654370503 ] } },
{ "type": "Feature", "properties": { "surname": "Jones", "given": "Harriet", "occupation": "washer", "street_raw": "Monument st", "cross_street": "Eden", "bearing": "w", "side": "", "street_matched": "MONUMENT", "confidence": "block_face" }, "geometry": { "type": "Point", "coordinates": [ -76.599489326624294, 39.298154286790698 ] } },
{ "type": "Feature", "properties": { "surname": "Jones", "given": "James", "occupation": "labourer", "street_raw": "Hill st", "cross_street": "Howard", "bearing": "e", "side": "", "street_matched": "HILL", "confidence": "block_face" }, "geometry": { "type": "Point", "coordinates": [ -76.618795429099336, 39.280882889909641 ] } },
{ "type": "Feature", "properties": { "surname": "Jones", "given": "Rachel", "occupation": "", "street_raw": "Williamson al", "cross_street": "Light st", "bearing": "e", "side": "", "street_matched": "WILLIAMSON", "confidence": "block_face" }, "geometry": { "type": "Point", "coordinates": [ -76.612449958286788, 39.278550184827616 ] } },
{ "type": "Feature", "properties": { "surname": "Jones", "given": "Mitchell", "occupation": "labourer", "street_raw": "Stump al", "cross_street": "Conway st", "bearing": "s", "side": "", "street_matched": "STUMP", "confidence": "block_face" }, "geometry": { "type": "Point", "coordinates": [ -76.615476856470082, 39.283957649130464 ] } },
{ "type": "Feature", "properties": { "surname": "Jones", "given": "Elijah", "occupation": "sawyer", "street_raw": "Lancaster st", "cross_street": "Ann", "bearing": "w", "side": "", "street_matched": "LANCASTER", "confidence": "block_face" }, "geometry": { "type": "Point", "coordinates": [ -76.591810254698274, 39.282633617974732 ] } },
{ "type": "Feature", "properties": { "surname": "Jones", "given": "John A. barber", "occupation": "", "street_raw": "Baltimore st", "cross_street": "High", "bearing": "e", "side": "n", "street_matched": "BALTIMORE", "confidence": "block_face" }, "geometry": { "type": "Point", "coordinates": [ -76.60405461783013, 39.290294216642579 ] } },
{ "type": "Feature", "properties": { "surname": "Jones", "given": "Thomas", "occupation": "", "street_raw": "Ann st", "cross_street": "Gough", "bearing": "s", "side": "e", "street_matched": "ANN", "confidence": "block_face" }, "geometry": { "type": "Point", "coordinates": [ -76.591407641269612, 39.287303370474532 ] } },
{ "type": "Feature", "properties": { "surname": "Jones", "given": "David", "occupation": "", "street_raw": "Ann st", "cross_street": "Gough", "bearing": "s", "side": "e", "street_matched": "ANN", "confidence": "block_face" }, "geometry": { "type": "Point", "coordinates": [ -76.591407641269612, 39.287303370474532 ] } },
{ "type": "Feature", "properties": { "surname": "Jones", "given": "George", "occupation": "labourer", "street_raw": "Strawberry al", "cross_street": "Lombard st", "bearing": "s", "side": "e", "street_matched": "DALLAS", "confidence": "block_face" }, "geometry": { "type": "Point", "coordinates": [ -76.596223644979915, 39.289821838119614 ] } },
{ "type": "Feature", "properties": { "surname": "Jones", "given": "James", "occupation": "labourer", "street_raw": "Spring st", "cross_street": "Gough", "bearing": "n", "side": "e", "street_matched": "SPRING", "confidence": "block_face" }, "geometry": { "type": "Point", "coordinates": [ -76.597619359702122, 39.28792789097858 ] } },
{ "type": "Feature", "properties": { "surname": "Jones", "given": "Wm. sawyer", "occupation": "", "street_raw": "Light st", "cross_street": "Cross", "bearing": "n", "side": "w", "street_matched": "LIGHT", "confidence": "block_face" }, "geometry": { "type": "Point", "coordinates": [ -76.61246553764849, 39.277296396611852 ] } },
{ "type": "Feature", "properties": { "surname": "Jordon", "given": "Benjamin", "occupation": "labourer, e side Bond st w of Pratt K.EENER Biddy, huckster", "street_raw": "Saratoga st", "cross_street": "Pearl", "bearing": "e", "side": "", "street_matched": "SARATOGA", "confidence": "block_face" }, "geometry": { "type": "Point", "coordinates": [ -76.624370916102976, 39.292800670561952 ] } },
{ "type": "Feature", "properties": { "surname": "Kemp", "given": "Joseph", "occupation": "labourer", "street_raw": "Conway st", "cross_street": "Howard", "bearing": "w", "side": "", "street_matched": "CONWAY", "confidence": "block_face" }, "geometry": { "type": "Point", "coordinates": [ -76.61912598230596, 39.283978882355328 ] } },
{ "type": "Feature", "properties": { "surname": "Kennard", "given": "Nicholas", "occupation": "labourer", "street_raw": "Caroline st", "cross_street": "Lombard", "bearing": "s", "side": "w", "street_matched": "CAROLINE", "confidence": "block_face" }, "geometry": { "type": "Point", "coordinates": [ -76.597134435888037, 39.28978949340523 ] } },
{ "type": "Feature", "properties": { "surname": "Kim", "given": "Ellen", "occupation": "washer", "street_raw": "Saratoga st", "cross_street": "Greene", "bearing": "w", "side": "", "street_matched": "SARATOGA", "confidence": "block_face" }, "geometry": { "type": "Point", "coordinates": [ -76.624208887183869, 39.292805874424651 ] } },
{ "type": "Feature", "properties": { "surname": "Lame", "given": "Granny", "occupation": "", "street_raw": "Caroline st", "cross_street": "Lombard", "bearing": "s", "side": "w", "street_matched": "CAROLINE", "confidence": "block_face" }, "geometry": { "type": "Point", "coordinates": [ -76.597134435888037, 39.28978949340523 ] } },
{ "type": "Feature", "properties": { "surname": "Lawrence", "given": "Richard", "occupation": "whitewasher", "street_raw": "Hill st", "cross_street": "Charles", "bearing": "e", "side": "", "street_matched": "HILL", "confidence": "block_face" }, "geometry": { "type": "Point", "coordinates": [ -76.614021720927767, 39.281029587153093 ] } },
{ "type": "Feature", "properties": { "surname": "Lee", "given": "Charles", "occupation": "labourer, Welcome al w of Sharp st Lee Henry^ waiter", "street_raw": "Centre st", "cross_street": "Charles", "bearing": "w", "side": "", "street_matched": "CENTRE", "confidence": "block_face" }, "geometry": { "type": "Point", "coordinates": [ -76.616149192871092, 39.296285108605694 ] } },
{ "type": "Feature", "properties": { "surname": "Lee", "given": "Daniel", "occupation": "labourer, St Mary st w of Ross Lee Wm. drayman", "street_raw": "Pierce st", "cross_street": "Pearl ^", "bearing": "w", "side": "", "street_matched": "PIERCE", "confidence": "block_face" }, "geometry": { "type": "Point", "coordinates": [ -76.625409827928863, 39.294171768533751 ] } },
{ "type": "Feature", "properties": { "surname": "Lee", "given": "James", "occupation": "labourer", "street_raw": "Spring st", "cross_street": "Baltimore", "bearing": "n", "side": "", "street_matched": "SPRING", "confidence": "block_face" }, "geometry": { "type": "Point", "coordinates": [ -76.597951397258498, 39.29189526436479 ] } },
{ "type": "Feature", "properties": { "surname": "Lee", "given": "Wni. labourer", "occupation": "", "street_raw": "Strawberry al", "cross_street": "Pratt st", "bearing": "n", "side": "w", "street_matched": "DALLAS", "confidence": "block_face" }, "geometry": { "type": "Point", "coordinates": [ -76.59637192033594, 39.289587264401931 ] } },
{ "type": "Feature", "properties": { "surname": "Lee", "given": "Julia Ann", "occupation": "", "street_raw": "Painter's court", "cross_street": "Pitt st", "bearing": "s", "side": "w", "street_matched": "PAINTERS", "confidence": "block_face" }, "geometry": { "type": "Point", "coordinates": [ -76.603239227677818, 39.291427735378171 ] } },
{ "type": "Feature", "properties": { "surname": "Lee", "given": "Charles", "occupation": "", "street_raw": "Apple al", "cross_street": "Pratt st", "bearing": "n", "side": "w", "street_matched": "BETHEL", "confidence": "block_face" }, "geometry": { "type": "Point", "coordinates": [ -76.59484296918427, 39.289643956833203 ] } },
{ "type": "Feature", "properties": { "surname": "Lee", "given": "Lloyd", "occupation": "seaman", "street_raw": "Conway st", "cross_street": "Hanover", "bearing": "e", "side": "", "street_matched": "CONWAY", "confidence": "block_face" }, "geometry": { "type": "Point", "coordinates": [ -76.615816363673176, 39.284132987618264 ] } },
{ "type": "Feature", "properties": { "surname": "Lee", "given": "Abrani", "occupation": "carter", "street_raw": "Apple al", "cross_street": "Lombard st", "bearing": "n", "side": "w", "street_matched": "BETHEL", "confidence": "block_face" }, "geometry": { "type": "Point", "coordinates": [ -76.594907088424463, 39.290615149046864 ] } },
{ "type": "Feature", "properties": { "surname": "Legason", "given": "Rachel", "occupation": "washer", "street_raw": "Elbow lane", "cross_street": "Paca st", "bearing": "w", "side": "", "street_matched": "CAMDEN", "confidence": "block_face" }, "geometry": { "type": "Point", "coordinates": [ -76.622029188527677, 39.285157295661868 ] } },
{ "type": "Feature", "properties": { "surname": "Lewis", "given": "Matilda", "occupation": "washer", "street_raw": "Clay st", "cross_street": "Park", "bearing": "w", "side": "", "street_matched": "CLAY", "confidence": "block_face" }, "geometry": { "type": "Point", "coordinates": [ -76.618707735386735, 39.292251913393123 ] } },
{ "type": "Feature", "properties": { "surname": "Lewis", "given": "Thomas", "occupation": "brickmaker", "street_raw": "Jasper st", "cross_street": "Ross", "bearing": "s", "side": "", "street_matched": "JASPER", "confidence": "block_face" }, "geometry": { "type": "Point", "coordinates": [ -76.622069211418818, 39.296541668883869 ] } },
{ "type": "Feature", "properties": { "surname": "Lewis", "given": "Andrew", "occupation": "blacksmith", "street_raw": "Elbow lane", "cross_street": "Paca st", "bearing": "w", "side": "", "street_matched": "CAMDEN", "confidence": "block_face" }, "geometry": { "type": "Point", "coordinates": [ -76.622029188527677, 39.285157295661868 ] } },
{ "type": "Feature", "properties": { "surname": "Lewis", "given": "Rose", "occupation": "", "street_raw": "Apple al", "cross_street": "Alice Anna st", "bearing": "s", "side": "w", "street_matched": "BETHEL", "confidence": "block_face" }, "geometry": { "type": "Point", "coordinates": [ -76.594365788102877, 39.283098843979381 ] } },
{ "type": "Feature", "properties": { "surname": "Lewis", "given": "John", "occupation": "caulker", "street_raw": "Strawberry al", "cross_street": "Gough st", "bearing": "n", "side": "w", "street_matched": "DALLAS", "confidence": "block_face" }, "geometry": { "type": "Point", "coordinates": [ -76.596271665191836, 39.28792939729621 ] } },
{ "type": "Feature", "properties": { "surname": "Linsram", "given": "Julia Ann", "occupation": "washer", "street_raw": "Ensor st", "cross_street": "Madison", "bearing": "n", "side": "", "street_matched": "ENSOR", "confidence": "block_face" }, "geometry": { "type": "Point", "coordinates": [ -76.603753274285339, 39.299153169074046 ] } },
{ "type": "Feature", "properties": { "surname": "Lockerman", "given": "Nathan", "occupation": "sawyer", "street_raw": "Saratoga st", "cross_street": "Schroeder", "bearing": "w", "side": "", "street_matched": "SARATOGA", "confidence": "block_face" }, "geometry": { "type": "Point", "coordinates": [ -76.634605092094546, 39.29243574398317 ] } },
{ "type": "Feature", "properties": { "surname": "Lockman", "given": "Thomas", "occupation": "whip sawyer", "street_raw": "Spring st", "cross_street": "Gough", "bearing": "n", "side": "w", "street_matched": "SPRING", "confidence": "block_face" }, "geometry": { "type": "Point", "coordinates": [ -76.597781441461947, 39.287921703491996 ] } },
{ "type": "Feature", "properties": { "surname": "Locks", "given": "Stephen", "occupation": "labourer", "street_raw": "Strawberry al", "cross_street": "Bank st", "bearing": "s", "side": "w", "street_matched": "DALLAS", "confidence": "block_face" }, "geometry": { "type": "Point", "coordinates": [ -76.596159380080351, 39.286072595320142 ] } },
{ "type": "Feature", "properties": { "surname": "Loraax", "given": "David", "occupation": "caulker", "street_raw": "Fleet st", "cross_street": "Bond", "bearing": "e", "side": "", "street_matched": "FLEET", "confidence": "block_face" }, "geometry": { "type": "Point", "coordinates": [ -76.594910579135274, 39.284487635902707 ] } },
{ "type": "Feature", "properties": { "surname": "Lougherman", "given": "David", "occupation": "", "street_raw": "Happy al", "cross_street": "Alice Anna st", "bearing": "s", "side": "", "street_matched": "DURHAM", "confidence": "block_face" }, "geometry": { "type": "Point", "coordinates": [ -76.590545922750493, 39.283275112035774 ] } },
{ "type": "Feature", "properties": { "surname": "Love", "given": "Thomas", "occupation": "mariner", "street_raw": "Fleet st", "cross_street": "Bond", "bearing": "w", "side": "", "street_matched": "FLEET", "confidence": "block_face" }, "geometry": { "type": "Point", "coordinates": [ -76.595545768178781, 39.284456351878731 ] } },
{ "type": "Feature", "properties": { "surname": "Loveday", "given": "Perry", "occupation": "drayman", "street_raw": "Eutaw st", "cross_street": "Barre", "bearing": "n", "side": "", "street_matched": "EUTAW", "confidence": "block_face" }, "geometry": { "type": "Point", "coordinates": [ -76.620520122158126, 39.283169849744112 ] } },
{ "type": "Feature", "properties": { "surname": "Lucas", "given": "Henry", "occupation": "hackman", "street_raw": "Dover st", "cross_street": "Howard", "bearing": "e", "side": "", "street_matched": "DOVER", "confidence": "block_face" }, "geometry": { "type": "Point", "coordinates": [ -76.618610935893585, 39.285972407956223 ] } },
{ "type": "Feature", "properties": { "surname": "Lucas", "given": "Thomas", "occupation": "labourer", "street_raw": "Charles st", "cross_street": "West", "bearing": "s", "side": "", "street_matched": "CHARLES", "confidence": "block_face" }, "geometry": { "type": "Point", "coordinates": [ -76.614300691568232, 39.275605269085709 ] } },
{ "type": "Feature", "properties": { "surname": "Lynch", "given": "Margaret", "occupation": "", "street_raw": "Clay st", "cross_street": "Park", "bearing": "w", "side": "", "street_matched": "CLAY", "confidence": "block_face" }, "geometry": { "type": "Point", "coordinates": [ -76.618707735386735, 39.292251913393123 ] } },
{ "type": "Feature", "properties": { "surname": "Lynn", "given": "Remus", "occupation": "labourer", "street_raw": "Hill st", "cross_street": "Charles", "bearing": "e", "side": "", "street_matched": "HILL", "confidence": "block_face" }, "geometry": { "type": "Point", "coordinates": [ -76.614021720927767, 39.281029587153093 ] } },
{ "type": "Feature", "properties": { "surname": "JtIACK", "given": "Alfred", "occupation": "labourer", "street_raw": "Lewis st", "cross_street": "Orleans", "bearing": "s", "side": "", "street_matched": "LEWIS", "confidence": "block_face" }, "geometry": { "type": "Point", "coordinates": [ -76.600257158707791, 39.294720555705048 ] } },
{ "type": "Feature", "properties": { "surname": "Mackery", "given": "Wm. caulker", "occupation": "", "street_raw": "Fleet st", "cross_street": "Bond", "bearing": "e", "side": "", "street_matched": "FLEET", "confidence": "block_face" }, "geometry": { "type": "Point", "coordinates": [ -76.594910579135274, 39.284487635902707 ] } },
{ "type": "Feature", "properties": { "surname": "Macy", "given": "Sina", "occupation": "cook", "street_raw": "Charles st", "cross_street": "West", "bearing": "s", "side": "", "street_matched": "CHARLES", "confidence": "block_face" }, "geometry": { "type": "Point", "coordinates": [ -76.614300691568232, 39.275605269085709 ] } },
{ "type": "Feature", "properties": { "surname": "McCabe", "given": "Solomon", "occupation": "barber", "street_raw": "Camden st", "cross_street": "Light", "bearing": "w", "side": "", "street_matched": "CAMDEN", "confidence": "block_face" }, "geometry": { "type": "Point", "coordinates": [ -76.613966342986217, 39.285481306584927 ] } },
{ "type": "Feature", "properties": { "surname": "McCabe", "given": "Solomon", "occupation": "barber", "street_raw": "w Pratt st", "cross_street": "Charles", "bearing": "e", "side": "", "street_matched": "PRATT", "confidence": "block_face" }, "geometry": { "type": "Point", "coordinates": [ -76.61435180054788, 39.286503306721556 ] } },
{ "type": "Feature", "properties": { "surname": "Maddox", "given": "Geo. H. labourer", "occupation": "", "street_raw": "Charles st", "cross_street": "West", "bearing": "s", "side": "", "street_matched": "CHARLES", "confidence": "block_face" }, "geometry": { "type": "Point", "coordinates": [ -76.614300691568232, 39.275605269085709 ] } },
{ "type": "Feature", "properties": { "surname": "Maddox", "given": "Catharine", "occupation": "washer", "street_raw": "Charles st", "cross_street": "West", "bearing": "s", "side": "", "street_matched": "CHARLES", "confidence": "block_face" }, "geometry": { "type": "Point", "coordinates": [ -76.614300691568232, 39.275605269085709 ] } },
{ "type": "Feature", "properties": { "surname": "Maize", "given": "John", "occupation": "labourer", "street_raw": "Happy al", "cross_street": "Bank", "bearing": "s", "side": "e", "street_matched": "DURHAM", "confidence": "block_face" }, "geometry": { "type": "Point", "coordinates": [ -76.590673234194782, 39.286316963776009 ] } },
{ "type": "Feature", "properties": { "surname": "Marshall", "given": "Chesterfield", "occupation": "coachman", "street_raw": "Clay st", "cross_street": "Liberty", "bearing": "w", "side": "", "street_matched": "CLAY", "confidence": "block_face" }, "geometry": { "type": "Point", "coordinates": [ -76.617330530485276, 39.292303046786927 ] } },
{ "type": "Feature", "properties": { "surname": "Marshall", "given": "Sydnv", "occupation": "carter", "street_raw": "Forest st", "cross_street": "Madison", "bearing": "n", "side": "", "street_matched": "FORREST", "confidence": "block_face" }, "geometry": { "type": "Point", "coordinates": [ -76.60750842942879, 39.299260329344797 ] } },
{ "type": "Feature", "properties": { "surname": "Martin", "given": "Wm. scowman", "occupation": "", "street_raw": "Spring st", "cross_street": "Baltimore", "bearing": "n", "side": "", "street_matched": "SPRING", "confidence": "block_face" }, "geometry": { "type": "Point", "coordinates": [ -76.597951397258498, 39.29189526436479 ] } },
{ "type": "Feature", "properties": { "surname": "Martin", "given": "Lulher", "occupation": "carter", "street_raw": "Comb al", "cross_street": "Hill st", "bearing": "n", "side": "", "street_matched": "COMB", "confidence": "block_face" }, "geometry": { "type": "Point", "coordinates": [ -76.616271237357239, 39.281180199378724 ] } },
{ "type": "Feature", "properties": { "surname": "Martin", "given": "Geortre", "occupation": "shoemaker", "street_raw": "Slemmer al", "cross_street": "Stiles st", "bearing": "n", "side": "", "street_matched": "SLEMMERS", "confidence": "block_face" }, "geometry": { "type": "Point", "coordinates": [ -76.60326019482946, 39.286831033609076 ] } },
{ "type": "Feature", "properties": { "surname": "Matthews", "given": "Richard", "occupation": "labourer", "street_raw": "Poppleton st", "cross_street": "Baltimore", "bearing": "n", "side": "", "street_matched": "POPPLETON", "confidence": "block_face" }, "geometry": { "type": "Point", "coordinates": [ -76.632144229487906, 39.289044416169808 ] } },
{ "type": "Feature", "properties": { "surname": "Matthews", "given": "R. drayman", "occupation": "", "street_raw": "Forest st", "cross_street": "Madison", "bearing": "n", "side": "", "street_matched": "FORREST", "confidence": "block_face" }, "geometry": { "type": "Point", "coordinates": [ -76.60750842942879, 39.299260329344797 ] } },
{ "type": "Feature", "properties": { "surname": "Matthews", "given": "Henry", "occupation": "porter", "street_raw": "Perry st", "cross_street": "Howard", "bearing": "w", "side": "", "street_matched": "PERRY", "confidence": "block_face" }, "geometry": { "type": "Point", "coordinates": [ -76.61917436079456, 39.284761792719223 ] } },
{ "type": "Feature", "properties": { "surname": "Matthews", "given": "James", "occupation": "labourer", "street_raw": "Dover st", "cross_street": "Eutaw", "bearing": "e", "side": "", "street_matched": "DOVER", "confidence": "block_face" }, "geometry": { "type": "Point", "coordinates": [ -76.620113871860028, 39.285917190057418 ] } },
{ "type": "Feature", "properties": { "surname": "Mattox", "given": "Calvert", "occupation": "labourer", "street_raw": "Apple alley", "cross_street": "Pratt st", "bearing": "n", "side": "w", "street_matched": "BETHEL", "confidence": "block_face" }, "geometry": { "type": "Point", "coordinates": [ -76.59484296918427, 39.289643956833203 ] } },
{ "type": "Feature", "properties": { "surname": "McCougy", "given": "Mason", "occupation": "labourer", "street_raw": "Welcome alley", "cross_street": "Howard st", "bearing": "e", "side": "", "street_matched": "WELCOME", "confidence": "block_face" }, "geometry": { "type": "Point", "coordinates": [ -76.618897515852396, 39.282535043458978 ] } },
{ "type": "Feature", "properties": { "surname": "McCoy", "given": "James", "occupation": "", "street_raw": "Happy alley", "cross_street": "Gough st", "bearing": "n", "side": "w", "street_matched": "DURHAM", "confidence": "block_face" }, "geometry": { "type": "Point", "coordinates": [ -76.590958046128378, 39.288230747695302 ] } },
{ "type": "Feature", "properties": { "surname": "Meads", "given": "Zech. drayman", "occupation": "", "street_raw": "Centre st", "cross_street": "St Paul", "bearing": "w", "side": "", "street_matched": "CENTRE", "confidence": "block_face" }, "geometry": { "type": "Point", "coordinates": [ -76.61395121954024, 39.296371280060839 ] } },
{ "type": "Feature", "properties": { "surname": "Miles", "given": "Daniel", "occupation": "brickmaker", "street_raw": "Mulberry st", "cross_street": "Pearl", "bearing": "w", "side": "", "street_matched": "MULBERRY", "confidence": "block_face" }, "geometry": { "type": "Point", "coordinates": [ -76.625381916250191, 39.293669637652464 ] } },
{ "type": "Feature", "properties": { "surname": "Miller", "given": "Ellen", "occupation": "", "street_raw": "Inloes alley", "cross_street": "Park st", "bearing": "w", "side": "", "street_matched": "INLOES", "confidence": "block_face" }, "geometry": { "type": "Point", "coordinates": [ -76.618353246919355, 39.294301897731224 ] } },
{ "type": "Feature", "properties": { "surname": "Miller", "given": "Milly", "occupation": "", "street_raw": "Inloes alley", "cross_street": "Park st", "bearing": "w", "side": "", "street_matched": "INLOES", "confidence": "block_face" }, "geometry": { "type": "Point", "coordinates": [ -76.618353246919355, 39.294301897731224 ] } },
{ "type": "Feature", "properties": { "surname": "Miller", "given": "Margaret", "occupation": "washer", "street_raw": "Monument st", "cross_street": "Aisquith", "bearing": "w", "side": "", "street_matched": "MONUMENT", "confidence": "block_face" }, "geometry": { "type": "Point", "coordinates": [ -76.602038881918929, 39.298053168670513 ] } },
{ "type": "Feature", "properties": { "surname": "Miller", "given": "Asbury", "occupation": "labourer", "street_raw": "Caroline st", "cross_street": "Gough", "bearing": "n", "side": "e", "street_matched": "CAROLINE", "confidence": "block_face" }, "geometry": { "type": "Point", "coordinates": [ -76.596847593523449, 39.287962609776322 ] } },
{ "type": "Feature", "properties": { "surname": "Miller", "given": "Thomas", "occupation": "labourer", "street_raw": "Spring st", "cross_street": "Gough", "bearing": "n", "side": "e", "street_matched": "SPRING", "confidence": "block_face" }, "geometry": { "type": "Point", "coordinates": [ -76.597619359702122, 39.28792789097858 ] } },
{ "type": "Feature", "properties": { "surname": "Miller", "given": "Sarah", "occupation": "washer", "street_raw": "Forest st", "cross_street": "Madison", "bearing": "n", "side": "", "street_matched": "FORREST", "confidence": "block_face" }, "geometry": { "type": "Point", "coordinates": [ -76.60750842942879, 39.299260329344797 ] } },
{ "type": "Feature", "properties": { "surname": "Miller", "given": "Emory", "occupation": "labourer", "street_raw": "Dover st", "cross_street": "Eutaw", "bearing": "w", "side": "", "street_matched": "DOVER", "confidence": "block_face" }, "geometry": { "type": "Point", "coordinates": [ -76.621249207210411, 39.285875477149787 ] } },
{ "type": "Feature", "properties": { "surname": "Mills", "given": "Ann", "occupation": "", "street_raw": "Dover st", "cross_street": "Paca", "bearing": "e", "side": "", "street_matched": "DOVER", "confidence": "block_face" }, "geometry": { "type": "Point", "coordinates": [ -76.621528177950211, 39.285865227523288 ] } },
{ "type": "Feature", "properties": { "surname": "Mills", "given": "Thomas", "occupation": "", "street_raw": "Happy alley", "cross_street": "Alice Anna st", "bearing": "s", "side": "w", "street_matched": "DURHAM", "confidence": "block_face" }, "geometry": { "type": "Point", "coordinates": [ -76.590626962697428, 39.283272088376513 ] } },
{ "type": "Feature", "properties": { "surname": "Mitchell", "given": "James", "occupation": "brickmaker", "street_raw": "Dover st", "cross_street": "Greene", "bearing": "e", "side": "", "street_matched": "DOVER", "confidence": "block_face" }, "geometry": { "type": "Point", "coordinates": [ -76.622925137863703, 39.285732171363051 ] } },
{ "type": "Feature", "properties": { "surname": "Mitchell", "given": "Emanuel", "occupation": "porter", "street_raw": "Elbow lane", "cross_street": "Paca st", "bearing": "w", "side": "", "street_matched": "CAMDEN", "confidence": "block_face" }, "geometry": { "type": "Point", "coordinates": [ -76.622029188527677, 39.285157295661868 ] } },
{ "type": "Feature", "properties": { "surname": "Mitchell", "given": "Ralph", "occupation": "sawyer", "street_raw": "Charles st", "cross_street": "West", "bearing": "n", "side": "", "street_matched": "CHARLES", "confidence": "block_face" }, "geometry": { "type": "Point", "coordinates": [ -76.61433110397661, 39.276064406782552 ] } },
{ "type": "Feature", "properties": { "surname": "Mitchell", "given": "Allen", "occupation": "blacksmith", "street_raw": "Spring st", "cross_street": "Gough", "bearing": "n", "side": "e", "street_matched": "SPRING", "confidence": "block_face" }, "geometry": { "type": "Point", "coordinates": [ -76.597619359702122, 39.28792789097858 ] } },
{ "type": "Feature", "properties": { "surname": "Montgomery", "given": "Matilda", "occupation": "washer", "street_raw": "Jefferson st", "cross_street": "Aisquith", "bearing": "e", "side": "", "street_matched": "JEFFERSON", "confidence": "block_face" }, "geometry": { "type": "Point", "coordinates": [ -76.601217015833825, 39.295947041460558 ] } },
{ "type": "Feature", "properties": { "surname": "Monlgomery", "given": "Martin", "occupation": "caulker", "street_raw": "Spring- st", "cross_street": "Fleet", "bearing": "n", "side": "w", "street_matched": "SPRING", "confidence": "block_face" }, "geometry": { "type": "Point", "coordinates": [ -76.597582669151592, 39.284777462282669 ] } },
{ "type": "Feature", "properties": { "surname": "Moore", "given": "Hamlet", "occupation": "caulker", "street_raw": "Spring st", "cross_street": "Gough", "bearing": "s", "side": "w", "street_matched": "SPRING", "confidence": "block_face" }, "geometry": { "type": "Point", "coordinates": [ -76.597718878802866, 39.286932068847818 ] } },
{ "type": "Feature", "properties": { "surname": "Moore", "given": "Cyrus", "occupation": "sawj'er", "street_raw": "Eutaw st", "cross_street": "Lee", "bearing": "n", "side": "", "street_matched": "EUTAW", "confidence": "block_face" }, "geometry": { "type": "Point", "coordinates": [ -76.620468372267709, 39.282345794097694 ] } },
{ "type": "Feature", "properties": { "surname": "Moore", "given": "Levin", "occupation": "labourer", "street_raw": "Perry st", "cross_street": "Howard", "bearing": "w", "side": "", "street_matched": "PERRY", "confidence": "block_face" }, "geometry": { "type": "Point", "coordinates": [ -76.61917436079456, 39.284761792719223 ] } },
{ "type": "Feature", "properties": { "surname": "Moore", "given": "Jacob", "occupation": "dra^'^man", "street_raw": "L Montgomery st", "cross_street": "Hanover", "bearing": "w", "side": "", "street_matched": "MONTGOMERY", "confidence": "block_face" }, "geometry": { "type": "Point", "coordinates": [ -76.616019576256264, 39.27990953097499 ] } },
{ "type": "Feature", "properties": { "surname": "Moore", "given": "Vincent", "occupation": "stevadore", "street_raw": "Hanover st", "cross_street": "Montgomery", "bearing": "n", "side": "", "street_matched": "HANOVER", "confidence": "block_face" }, "geometry": { "type": "Point", "coordinates": [ -76.615763770291736, 39.280042564327943 ] } },
{ "type": "Feature", "properties": { "surname": "Moore", "given": "Hannah", "occupation": "", "street_raw": "Apple alley", "cross_street": "Fleet st", "bearing": "n", "side": "w", "street_matched": "BETHEL", "confidence": "block_face" }, "geometry": { "type": "Point", "coordinates": [ -76.594497454013208, 39.284918523017112 ] } },
{ "type": "Feature", "properties": { "surname": "Moore", "given": "Delia", "occupation": "", "street_raw": "Caroline st", "cross_street": "Bank", "bearing": "s", "side": "", "street_matched": "CAROLINE", "confidence": "block_face" }, "geometry": { "type": "Point", "coordinates": [ -76.596798233990938, 39.286043514254196 ] } },
{ "type": "Feature", "properties": { "surname": "Moquet", "given": "A. barber", "occupation": "", "street_raw": "Mulberry st", "cross_street": "Pine", "bearing": "e", "side": "", "street_matched": "MULBERRY", "confidence": "block_face" }, "geometry": { "type": "Point", "coordinates": [ -76.626531118538097, 39.293620048262497 ] } },
{ "type": "Feature", "properties": { "surname": "Morrison", "given": "Ellen", "occupation": "washer", "street_raw": "Pearl st", "cross_street": "Saratoga", "bearing": "s", "side": "", "street_matched": "PEARL", "confidence": "block_face" }, "geometry": { "type": "Point", "coordinates": [ -76.62466753638094, 39.292295307949672 ] } },
{ "type": "Feature", "properties": { "surname": "Mundowney", "given": "Henry", "occupation": "stevadore", "street_raw": "Apple alley", "cross_street": "Fleet st", "bearing": "n", "side": "", "street_matched": "BETHEL", "confidence": "block_face" }, "geometry": { "type": "Point", "coordinates": [ -76.594416410598797, 39.284921520880182 ] } },
{ "type": "Feature", "properties": { "surname": "Murphy", "given": "AVm. porter", "occupation": "", "street_raw": "Kimmel alley", "cross_street": "Lexington st", "bearing": "n", "side": "", "street_matched": "KIMMEL", "confidence": "block_face" }, "geometry": { "type": "Point", "coordinates": [ -76.620333318822219, 39.291772724490357 ] } },
{ "type": "Feature", "properties": { "surname": "Murray", "given": "Saml. labourer", "occupation": "", "street_raw": "Pierce st", "cross_street": "Pine", "bearing": "e", "side": "", "street_matched": "PIERCE", "confidence": "block_face" }, "geometry": { "type": "Point", "coordinates": [ -76.626572646622122, 39.294128867812553 ] } },
{ "type": "Feature", "properties": { "surname": "Murray", "given": "Maria", "occupation": "", "street_raw": "Strawberry alley", "cross_street": "Pratt st", "bearing": "n", "side": "w", "street_matched": "DALLAS", "confidence": "block_face" }, "geometry": { "type": "Point", "coordinates": [ -76.59637192033594, 39.289587264401931 ] } },
{ "type": "Feature", "properties": { "surname": "Myers", "given": "Eliza", "occupation": "washer", "street_raw": "Jasper st", "cross_street": "Ross", "bearing": "s", "side": "", "street_matched": "JASPER", "confidence": "block_face" }, "geometry": { "type": "Point", "coordinates": [ -76.622069211418818, 39.296541668883869 ] } },
{ "type": "Feature", "properties": { "surname": "Myers", "given": "Robert", "occupation": "carter", "street_raw": "Eden st", "cross_street": "Pratt", "bearing": "s", "side": "", "street_matched": "EDEN", "confidence": "block_face" }, "geometry": { "type": "Point", "coordinates": [ -76.598519244558361, 39.288925398700691 ] } },
{ "type": "Feature", "properties": { "surname": "Neavitt", "given": "Thomas", "occupation": "labourer", "street_raw": "Rock st", "cross_street": "Saratoga", "bearing": "s", "side": "", "street_matched": "ROCK", "confidence": "block_face" }, "geometry": { "type": "Point", "coordinates": [ -76.631606645641213, 39.292220571379602 ] } },
{ "type": "Feature", "properties": { "surname": "Nelson", "given": "Manuel", "occupation": "carter", "street_raw": "Chatsworth st", "cross_street": "Franklin", "bearing": "n", "side": "", "street_matched": "MYRTLE", "confidence": "block_face" }, "geometry": { "type": "Point", "coordinates": [ -76.628242850858172, 39.294771409862101 ] } },
{ "type": "Feature", "properties": { "surname": "Nelson", "given": "Louisa", "occupation": "", "street_raw": "Jasper st", "cross_street": "Ross", "bearing": "s", "side": "w", "street_matched": "JASPER", "confidence": "block_face" }, "geometry": { "type": "Point", "coordinates": [ -76.622150258442588, 39.296538517181496 ] } },
{ "type": "Feature", "properties": { "surname": "Nelson", "given": "Wm. blacksmith", "occupation": "", "street_raw": "Caroline st", "cross_street": "Lombard", "bearing": "s", "side": "", "street_matched": "CAROLINE", "confidence": "block_face" }, "geometry": { "type": "Point", "coordinates": [ -76.597053408385861, 39.289792823439846 ] } },
{ "type": "Feature", "properties": { "surname": "Netter", "given": "Ellen", "occupation": "washer", "street_raw": "Welcome alley", "cross_street": "Howard st", "bearing": "e", "side": "", "street_matched": "WELCOME", "confidence": "block_face" }, "geometry": { "type": "Point", "coordinates": [ -76.618897515852396, 39.282535043458978 ] } },
{ "type": "Feature", "properties": { "surname": "Newman", "given": "Emily", "occupation": "", "street_raw": "Jasper st", "cross_street": "Ross", "bearing": "s", "side": "", "street_matched": "JASPER", "confidence": "block_face" }, "geometry": { "type": "Point", "coordinates": [ -76.622069211418818, 39.296541668883869 ] } },
{ "type": "Feature", "properties": { "surname": "Newman", "given": "Catharine", "occupation": "washer", "street_raw": "High st", "cross_street": "Pitt", "bearing": "n", "side": "w", "street_matched": "HIGH", "confidence": "block_face" }, "geometry": { "type": "Point", "coordinates": [ -76.604959179979332, 39.291593769131545 ] } },
{ "type": "Feature", "properties": { "surname": "Nicholson", "given": "Henry", "occupation": "sawyer, Harfi^rd avenue opp rope walk Nicholson Chas. labourer, Sterling st n of Madison NIC 456 PAR ^'icholson Chas. labourer", "street_raw": "Eutaw st", "cross_street": "Lee", "bearing": "n", "side": "", "street_matched": "EUTAW", "confidence": "block_face" }, "geometry": { "type": "Point", "coordinates": [ -76.620468372267709, 39.282345794097694 ] } },
{ "type": "Feature", "properties": { "surname": "Noel", "given": "John", "occupation": "barber", "street_raw": "Marion st", "cross_street": "Howard", "bearing": "e", "side": "", "street_matched": "MARION", "confidence": "block_face" }, "geometry": { "type": "Point", "coordinates": [ -76.618939271284461, 39.290981829823764 ] } },
{ "type": "Feature", "properties": { "surname": "Norris", "given": "Nimrod", "occupation": "labour-er", "street_raw": "Harford avenue", "cross_street": "Madison st", "bearing": "s", "side": "", "street_matched": "HARFORD", "confidence": "block_face" }, "geometry": { "type": "Point", "coordinates": [ -76.605283672062754, 39.298836563382736 ] } },
{ "type": "Feature", "properties": { "surname": "Norton", "given": "Polly", "occupation": "washer", "street_raw": "Pierce st", "cross_street": "Pine", "bearing": "e", "side": "", "street_matched": "PIERCE", "confidence": "block_face" }, "geometry": { "type": "Point", "coordinates": [ -76.626572646622122, 39.294128867812553 ] } },
{ "type": "Feature", "properties": { "surname": "Odorn", "given": "Susett", "occupation": "Nurse", "street_raw": "Front st", "cross_street": "Pitt", "bearing": "n", "side": "e", "street_matched": "FRONT", "confidence": "block_face" }, "geometry": { "type": "Point", "coordinates": [ -76.605843659576493, 39.291350251931163 ] } },
{ "type": "Feature", "properties": { "surname": "Offer", "given": "Jane", "occupation": "", "street_raw": "Wolfe st", "cross_street": "Fleet", "bearing": "s", "side": "", "street_matched": "WOLFE", "confidence": "block_face" }, "geometry": { "type": "Point", "coordinates": [ -76.58998611109493, 39.284299450379912 ] } },
{ "type": "Feature", "properties": { "surname": "Only", "given": "Clarissa", "occupation": "", "street_raw": "Baltimore st", "cross_street": "Pearl", "bearing": "w", "side": "", "street_matched": "BALTIMORE", "confidence": "block_face" }, "geometry": { "type": "Point", "coordinates": [ -76.624753014316823, 39.289138669657362 ] } },
{ "type": "Feature", "properties": { "surname": "Osborne", "given": "Isaac", "occupation": "labourer", "street_raw": "Jefferson st", "cross_street": "Aisquith", "bearing": "e", "side": "", "street_matched": "JEFFERSON", "confidence": "block_face" }, "geometry": { "type": "Point", "coordinates": [ -76.601217015833825, 39.295947041460558 ] } },
{ "type": "Feature", "properties": { "surname": "JPaGE", "given": "Cyrus", "occupation": "", "street_raw": "Caroline st", "cross_street": "Pratt", "bearing": "n", "side": "w", "street_matched": "CAROLINE", "confidence": "block_face" }, "geometry": { "type": "Point", "coordinates": [ -76.597118754730104, 39.289559090332212 ] } },
{ "type": "Feature", "properties": { "surname": "Palmer", "given": "Jas. labourer", "occupation": "", "street_raw": "Pierce st", "cross_street": "Pine", "bearing": "e", "side": "", "street_matched": "PIERCE", "confidence": "block_face" }, "geometry": { "type": "Point", "coordinates": [ -76.626572646622122, 39.294128867812553 ] } },
{ "type": "Feature", "properties": { "surname": "Paraway", "given": "Margaret", "occupation": "huckster", "street_raw": "Perry st", "cross_street": "Howard", "bearing": "w", "side": "", "street_matched": "PERRY", "confidence": "block_face" }, "geometry": { "type": "Point", "coordinates": [ -76.61917436079456, 39.284761792719223 ] } },
{ "type": "Feature", "properties": { "surname": "Parker", "given": "Ann", "occupation": "", "street_raw": "Spring st", "cross_street": "Gough", "bearing": "n", "side": "w", "street_matched": "SPRING", "confidence": "block_face" }, "geometry": { "type": "Point", "coordinates": [ -76.597781441461947, 39.287921703491996 ] } },
{ "type": "Feature", "properties": { "surname": "Parker", "given": "Thomas", "occupation": "labourer, Scott st s of Columbia Parker Jas. labourer", "street_raw": "Pierce st", "cross_street": "Pine", "bearing": "e", "side": "", "street_matched": "PIERCE", "confidence": "block_face" }, "geometry": { "type": "Point", "coordinates": [ -76.626572646622122, 39.294128867812553 ] } },
{ "type": "Feature", "properties": { "surname": "Parkes", "given": "Wm. coachman", "occupation": "", "street_raw": "Low st", "cross_street": "Aisquith", "bearing": "w", "side": "n", "street_matched": "LOW", "confidence": "block_face" }, "geometry": { "type": "Point", "coordinates": [ -76.602345455891566, 39.296340086293824 ] } },
{ "type": "Feature", "properties": { "surname": "Parrish", "given": "Nicholas", "occupation": "", "street_raw": "Happy alley", "cross_street": "Alice Anna st", "bearing": "s", "side": "", "street_matched": "DURHAM", "confidence": "block_face" }, "geometry": { "type": "Point", "coordinates": [ -76.590545922750493, 39.283275112035774 ] } },
{ "type": "Feature", "properties": { "surname": "Patler", "given": "Wachel", "occupation": "sawyer", "street_raw": "Forest st", "cross_street": "Madison", "bearing": "n", "side": "", "street_matched": "FORREST", "confidence": "block_face" }, "geometry": { "type": "Point", "coordinates": [ -76.60750842942879, 39.299260329344797 ] } },
{ "type": "Feature", "properties": { "surname": "Patterson", "given": "Cassandra", "occupation": "washer", "street_raw": "High st", "cross_street": "Hillen", "bearing": "s", "side": "w", "street_matched": "HIGH", "confidence": "block_face" }, "geometry": { "type": "Point", "coordinates": [ -76.608113978617055, 39.294716623131777 ] } },
{ "type": "Feature", "properties": { "surname": "Peach", "given": "John", "occupation": "oysterman", "street_raw": "Hill st", "cross_street": "Charles", "bearing": "e", "side": "", "street_matched": "HILL", "confidence": "block_face" }, "geometry": { "type": "Point", "coordinates": [ -76.614021720927767, 39.281029587153093 ] } },
{ "type": "Feature", "properties": { "surname": "Peach", "given": "Joseph", "occupation": "labourer", "street_raw": "Dover st", "cross_street": "Greene", "bearing": "e", "side": "", "street_matched": "DOVER", "confidence": "block_face" }, "geometry": { "type": "Point", "coordinates": [ -76.622925137863703, 39.285732171363051 ] } },
{ "type": "Feature", "properties": { "surname": "Peach", "given": "Samuel", "occupation": "labourer", "street_raw": "Charles st", "cross_street": "Montgomery", "bearing": "s", "side": "", "street_matched": "CHARLES", "confidence": "block_face" }, "geometry": { "type": "Point", "coordinates": [ -76.61457067870279, 39.27968125710494 ] } },
{ "type": "Feature", "properties": { "surname": "Peaker", "given": "Betsy", "occupation": "Happy alley n of Fleet st Peale Jas. sawyer", "street_raw": "Strawberry alley", "cross_street": "Alice Anna st", "bearing": "s", "side": "", "street_matched": "DALLAS", "confidence": "block_face" }, "geometry": { "type": "Point", "coordinates": [ -76.595893842300711, 39.283024642260855 ] } },
{ "type": "Feature", "properties": { "surname": "Pearce", "given": "Joseph", "occupation": "", "street_raw": "Happy alley", "cross_street": "Gough st", "bearing": "n", "side": "w", "street_matched": "DURHAM", "confidence": "block_face" }, "geometry": { "type": "Point", "coordinates": [ -76.590958046128378, 39.288230747695302 ] } },
{ "type": "Feature", "properties": { "surname": "Peck", "given": "Wm. labourer", "occupation": "", "street_raw": "Conway st", "cross_street": "Charles", "bearing": "w", "side": "", "street_matched": "CONWAY", "confidence": "block_face" }, "geometry": { "type": "Point", "coordinates": [ -76.615009048252602, 39.284170578770421 ] } },
{ "type": "Feature", "properties": { "surname": "Perry", "given": "Major", "occupation": "labourer", "street_raw": "Strawberry alley", "cross_street": "Fleet st", "bearing": "s", "side": "", "street_matched": "DALLAS", "confidence": "block_face" }, "geometry": { "type": "Point", "coordinates": [ -76.595954468252131, 39.284027206016596 ] } },
{ "type": "Feature", "properties": { "surname": "Peters", "given": "Charles", "occupation": "labourer", "street_raw": "Ensor st", "cross_street": "Madison", "bearing": "n", "side": "", "street_matched": "ENSOR", "confidence": "block_face" }, "geometry": { "type": "Point", "coordinates": [ -76.603753274285339, 39.299153169074046 ] } },
{ "type": "Feature", "properties": { "surname": "Peters", "given": "Eve", "occupation": "laundress", "street_raw": "Strawberry alley", "cross_street": "Gough st", "bearing": "n", "side": "w", "street_matched": "DALLAS", "confidence": "block_face" }, "geometry": { "type": "Point", "coordinates": [ -76.596271665191836, 39.28792939729621 ] } },
{ "type": "Feature", "properties": { "surname": "Phillips", "given": "Elizabeth", "occupation": "washer", "street_raw": "Pearl st", "cross_street": "Fayette", "bearing": "n", "side": "", "street_matched": "PEARL", "confidence": "block_face" }, "geometry": { "type": "Point", "coordinates": [ -76.624571096565006, 39.290557507862083 ] } },
{ "type": "Feature", "properties": { "surname": "Phillips", "given": "Jas. carter", "occupation": "w side Spring st s of Baltimore Phillips Saml. carter", "street_raw": "Pearl st", "cross_street": "Fayette", "bearing": "n", "side": "", "street_matched": "PEARL", "confidence": "block_face" }, "geometry": { "type": "Point", "coordinates": [ -76.624571096565006, 39.290557507862083 ] } },
{ "type": "Feature", "properties": { "surname": "Phillips", "given": "Perry", "occupation": "", "street_raw": "Caroline st", "cross_street": "Pratt", "bearing": "n", "side": "w", "street_matched": "CAROLINE", "confidence": "block_face" }, "geometry": { "type": "Point", "coordinates": [ -76.597118754730104, 39.289559090332212 ] } },
{ "type": "Feature", "properties": { "surname": "Pickering", "given": "John", "occupation": "labourer", "street_raw": "Howard st", "cross_street": "Conway", "bearing": "s", "side": "", "street_matched": "HOWARD", "confidence": "block_face" }, "geometry": { "type": "Point", "coordinates": [ -76.619113576064052, 39.283778123300564 ] } },
{ "type": "Feature", "properties": { "surname": "Piner", "given": "Saml. sawyer", "occupation": "Barre st w of Sharp Pines Chas. labourer", "street_raw": "Rock st", "cross_street": "Saratoga", "bearing": "s", "side": "", "street_matched": "ROCK", "confidence": "block_face" }, "geometry": { "type": "Point", "coordinates": [ -76.631606645641213, 39.292220571379602 ] } },
{ "type": "Feature", "properties": { "surname": "Polk", "given": "Sophia", "occupation": "cook", "street_raw": "Balderston st", "cross_street": "Charles", "bearing": "e", "side": "", "street_matched": "BALDERSTON", "confidence": "block_face" }, "geometry": { "type": "Point", "coordinates": [ -76.614324784473041, 39.287454010784138 ] } },
{ "type": "Feature", "properties": { "surname": "Posey", "given": "Lydia", "occupation": "washer", "street_raw": "Hamilton st", "cross_street": "St Paul", "bearing": "w", "side": "", "street_matched": "HAMILTON", "confidence": "block_face" }, "geometry": { "type": "Point", "coordinates": [ -76.613950526031914, 39.295719207512455 ] } },
{ "type": "Feature", "properties": { "surname": "Powell", "given": "John", "occupation": "gardener", "street_raw": "Pierce st", "cross_street": "Pine", "bearing": "e", "side": "", "street_matched": "PIERCE", "confidence": "block_face" }, "geometry": { "type": "Point", "coordinates": [ -76.626572646622122, 39.294128867812553 ] } },
{ "type": "Feature", "properties": { "surname": "Powell", "given": "Joshua", "occupation": "drayman", "street_raw": "Hill st", "cross_street": "Howard", "bearing": "e", "side": "", "street_matched": "HILL", "confidence": "block_face" }, "geometry": { "type": "Point", "coordinates": [ -76.618795429099336, 39.280882889909641 ] } },
{ "type": "Feature", "properties": { "surname": "Prater", "given": "Jasper", "occupation": "waiter", "street_raw": "Greene st", "cross_street": "Baltimore", "bearing": "s", "side": "", "street_matched": "GREENE", "confidence": "block_face" }, "geometry": { "type": "Point", "coordinates": [ -76.623673605785029, 39.288929517225476 ] } },
{ "type": "Feature", "properties": { "surname": "Preston", "given": "Peter", "occupation": "boarding house", "street_raw": "L Pleasant st", "cross_street": "Park", "bearing": "e", "side": "", "street_matched": "PLEASANT", "confidence": "block_face" }, "geometry": { "type": "Point", "coordinates": [ -76.617982531729993, 39.293488789431294 ] } },
{ "type": "Feature", "properties": { "surname": "Preston", "given": "Orrick", "occupation": "waiter", "street_raw": "Caroline st", "cross_street": "Lombard", "bearing": "s", "side": "", "street_matched": "CAROLINE", "confidence": "block_face" }, "geometry": { "type": "Point", "coordinates": [ -76.597053408385861, 39.289792823439846 ] } },
{ "type": "Feature", "properties": { "surname": "Price", "given": "Romeo", "occupation": "waiter", "street_raw": "Hamilton st", "cross_street": "Charles", "bearing": "e", "side": "", "street_matched": "HAMILTON", "confidence": "block_face" }, "geometry": { "type": "Point", "coordinates": [ -76.615318425491921, 39.295658913133224 ] } },
{ "type": "Feature", "properties": { "surname": "Price", "given": "Jacob", "occupation": "labourer", "street_raw": "Welcome alley", "cross_street": "Hanover st", "bearing": "w", "side": "", "street_matched": "WELCOME", "confidence": "block_face" }, "geometry": { "type": "Point", "coordinates": [ -76.61657283459931, 39.282618246245327 ] } },
{ "type": "Feature", "properties": { "surname": "Prout", "given": "Edward", "occupation": "blacksmith", "street_raw": "Apple alley", "cross_street": "Lancaster st", "bearing": "n", "side": "", "street_matched": "BETHEL", "confidence": "block_face" }, "geometry": { "type": "Point", "coordinates": [ -76.594270432454081, 39.282909812259213 ] } },
{ "type": "Feature", "properties": { "surname": "Prout", "given": "Julia", "occupation": "", "street_raw": "Strawberry alley", "cross_street": "Bank st", "bearing": "s", "side": "w", "street_matched": "DALLAS", "confidence": "block_face" }, "geometry": { "type": "Point", "coordinates": [ -76.596159380080351, 39.286072595320142 ] } },
{ "type": "Feature", "properties": { "surname": "Prout", "given": "Israel", "occupation": "labourer", "street_raw": "Dover st", "cross_street": "Eutaw", "bearing": "e", "side": "", "street_matched": "DOVER", "confidence": "block_face" }, "geometry": { "type": "Point", "coordinates": [ -76.620113871860028, 39.285917190057418 ] } },
{ "type": "Feature", "properties": { "surname": "Purviance", "given": "Samuel^ carter", "occupation": "", "street_raw": "Harford avenue", "cross_street": "Ensor st", "bearing": "n", "side": "", "street_matched": "HARFORD", "confidence": "block_face" }, "geometry": { "type": "Point", "coordinates": [ -76.603236174540697, 39.302330480346598 ] } },
{ "type": "Feature", "properties": { "surname": "Queen", "given": "Sophia", "occupation": "washer", "street_raw": "Eutaw st", "cross_street": "Barre", "bearing": "s", "side": "", "street_matched": "EUTAW", "confidence": "block_face" }, "geometry": { "type": "Point", "coordinates": [ -76.620482299393586, 39.28256756589753 ] } },
{ "type": "Feature", "properties": { "surname": "Queen", "given": "Stephen", "occupation": "Thoinsonian practitioner", "street_raw": "Hill st", "cross_street": "Charles", "bearing": "e", "side": "", "street_matched": "HILL", "confidence": "block_face" }, "geometry": { "type": "Point", "coordinates": [ -76.614021720927767, 39.281029587153093 ] } },
{ "type": "Feature", "properties": { "surname": "Quinton", "given": "Solomon", "occupation": "labourer, York st e of Sharp .KaINER Thomas, labourer", "street_raw": "Eutaw st", "cross_street": "Barre", "bearing": "s", "side": "", "street_matched": "EUTAW", "confidence": "block_face" }, "geometry": { "type": "Point", "coordinates": [ -76.620482299393586, 39.28256756589753 ] } },
{ "type": "Feature", "properties": { "surname": "Ramsey", "given": "Charles", "occupation": "labourer", "street_raw": "Spring st", "cross_street": "Baltimore", "bearing": "s", "side": "w", "street_matched": "SPRING", "confidence": "block_face" }, "geometry": { "type": "Point", "coordinates": [ -76.597990531302599, 39.291229194812168 ] } },
{ "type": "Feature", "properties": { "surname": "Reason", "given": "George", "occupation": "", "street_raw": "Forest st", "cross_street": "Madison", "bearing": "n", "side": "", "street_matched": "FORREST", "confidence": "block_face" }, "geometry": { "type": "Point", "coordinates": [ -76.60750842942879, 39.299260329344797 ] } },
{ "type": "Feature", "properties": { "surname": "Reed", "given": "Joseph", "occupation": "wagoner", "street_raw": "Dover st", "cross_street": "Howard", "bearing": "e", "side": "", "street_matched": "DOVER", "confidence": "block_face" }, "geometry": { "type": "Point", "coordinates": [ -76.618610935893585, 39.285972407956223 ] } },
{ "type": "Feature", "properties": { "surname": "Reed", "given": "Jacob", "occupation": "labourer", "street_raw": "Spring st", "cross_street": "Baltimore", "bearing": "n", "side": "", "street_matched": "SPRING", "confidence": "block_face" }, "geometry": { "type": "Point", "coordinates": [ -76.597951397258498, 39.29189526436479 ] } },
{ "type": "Feature", "properties": { "surname": "Reed", "given": "James", "occupation": "labourer", "street_raw": "L Montgomery st", "cross_street": "Sharp", "bearing": "e", "side": "", "street_matched": "MONTGOMERY", "confidence": "block_face" }, "geometry": { "type": "Point", "coordinates": [ -76.617602440682433, 39.280378933695467 ] } },
{ "type": "Feature", "properties": { "surname": "Rezin", "given": "George", "occupation": "whitewasher", "street_raw": "Centre st", "cross_street": "St Paul", "bearing": "w", "side": "", "street_matched": "CENTRE", "confidence": "block_face" }, "geometry": { "type": "Point", "coordinates": [ -76.61395121954024, 39.296371280060839 ] } },
{ "type": "Feature", "properties": { "surname": "Richardson", "given": "Hester", "occupation": "", "street_raw": "Strawberry alley", "cross_street": "Alice Anna st", "bearing": "n", "side": "w", "street_matched": "DALLAS", "confidence": "block_face" }, "geometry": { "type": "Point", "coordinates": [ -76.596023147970072, 39.283819770170517 ] } },
{ "type": "Feature", "properties": { "surname": "Richardson", "given": "Wm. labourer", "occupation": "", "street_raw": "Rock st", "cross_street": "Lexington", "bearing": "n", "side": "", "street_matched": "ROCK", "confidence": "block_face" }, "geometry": { "type": "Point", "coordinates": [ -76.631553855531962, 39.291238307882786 ] } },
{ "type": "Feature", "properties": { "surname": "Richardson", "given": "Abram", "occupation": "sawyer", "street_raw": "Pearl st", "cross_street": "Saratoga", "bearing": "s", "side": "", "street_matched": "PEARL", "confidence": "block_face" }, "geometry": { "type": "Point", "coordinates": [ -76.62466753638094, 39.292295307949672 ] } },
{ "type": "Feature", "properties": { "surname": "Richardson", "given": "David", "occupation": "labourer", "street_raw": "Wayne st", "cross_street": "Howard", "bearing": "w", "side": "", "street_matched": "WAYNE", "confidence": "block_face" }, "geometry": { "type": "Point", "coordinates": [ -76.619094967776775, 39.2834769999683 ] } },
{ "type": "Feature", "properties": { "surname": "Rideout", "given": "Emeline", "occupation": "", "street_raw": "Strawberry alley", "cross_street": "Alice Anna st", "bearing": "s", "side": "w", "street_matched": "DALLAS", "confidence": "block_face" }, "geometry": { "type": "Point", "coordinates": [ -76.595974885856648, 39.283021682325625 ] } },
{ "type": "Feature", "properties": { "surname": "Ridult", "given": "Harriet", "occupation": "washer", "street_raw": "Spring st", "cross_street": "Baltimore", "bearing": "n", "side": "", "street_matched": "SPRING", "confidence": "block_face" }, "geometry": { "type": "Point", "coordinates": [ -76.597951397258498, 39.29189526436479 ] } },
{ "type": "Feature", "properties": { "surname": "Ringg.)ld Isaac", "given": "labourer", "occupation": "", "street_raw": "Perry st", "cross_street": "Howard", "bearing": "w", "side": "", "street_matched": "PERRY", "confidence": "block_face" }, "geometry": { "type": "Point", "coordinates": [ -76.61917436079456, 39.284761792719223 ] } },
{ "type": "Feature", "properties": { "surname": "Roberts", "given": "Stephen", "occupation": "drayman", "street_raw": "Welcome alley", "cross_street": "Howard st", "bearing": "e", "side": "", "street_matched": "WELCOME", "confidence": "block_face" }, "geometry": { "type": "Point", "coordinates": [ -76.618897515852396, 39.282535043458978 ] } },
{ "type": "Feature", "properties": { "surname": "Robinson", "given": "M. A. washer", "occupation": "", "street_raw": "Lewis st", "cross_street": "Orleans", "bearing": "n", "side": "", "street_matched": "LEWIS", "confidence": "block_face" }, "geometry": { "type": "Point", "coordinates": [ -76.600298609758511, 39.295367213667667 ] } },
{ "type": "Feature", "properties": { "surname": "Robinson", "given": "John", "occupation": "labourer", "street_raw": "Hanover st", "cross_street": "Montgomery", "bearing": "n", "side": "", "street_matched": "HANOVER", "confidence": "block_face" }, "geometry": { "type": "Point", "coordinates": [ -76.615763770291736, 39.280042564327943 ] } },
{ "type": "Feature", "properties": { "surname": "Robinson", "given": "James", "occupation": "labourer", "street_raw": "Strawberry alley", "cross_street": "Bank st", "bearing": "s", "side": "", "street_matched": "DALLAS", "confidence": "block_face" }, "geometry": { "type": "Point", "coordinates": [ -76.596078333031812, 39.2860755551323 ] } },
{ "type": "Feature", "properties": { "surname": "Robinson", "given": "Anthony", "occupation": "labourer", "street_raw": "Strawberry alley", "cross_street": "Bank st", "bearing": "s", "side": "", "street_matched": "DALLAS", "confidence": "block_face" }, "geometry": { "type": "Point", "coordinates": [ -76.596078333031812, 39.2860755551323 ] } },
{ "type": "Feature", "properties": { "surname": "Robinson", "given": "Charles", "occupation": "hackman", "street_raw": "Strawberry alley", "cross_street": "Bank st", "bearing": "s", "side": "", "street_matched": "DALLAS", "confidence": "block_face" }, "geometry": { "type": "Point", "coordinates": [ -76.596078333031812, 39.2860755551323 ] } },
{ "type": "Feature", "properties": { "surname": "Robinson", "given": "George", "occupation": "labourer", "street_raw": "Spring st", "cross_street": "Gough", "bearing": "s", "side": "w", "street_matched": "SPRING", "confidence": "block_face" }, "geometry": { "type": "Point", "coordinates": [ -76.597718878802866, 39.286932068847818 ] } },
{ "type": "Feature", "properties": { "surname": "Robinson", "given": "Louisa", "occupation": "washer", "street_raw": "alley   Charles st", "cross_street": "Camden", "bearing": "s", "side": "e", "street_matched": "CHARLES", "confidence": "block_face" }, "geometry": { "type": "Point", "coordinates": [ -76.614696911573319, 39.28524957176792 ] } },
{ "type": "Feature", "properties": { "surname": "Rock", "given": "Catherine", "occupation": "", "street_raw": "Front st", "cross_street": "Pitt", "bearing": "n", "side": "e", "street_matched": "FRONT", "confidence": "block_face" }, "geometry": { "type": "Point", "coordinates": [ -76.605843659576493, 39.291350251931163 ] } },
{ "type": "Feature", "properties": { "surname": "Rogers", "given": "Darius^^ labourer", "occupation": "", "street_raw": "Lombard st", "cross_street": "Market", "bearing": "w", "side": "", "street_matched": "LOMBARD", "confidence": "block_face" }, "geometry": { "type": "Point", "coordinates": [ -76.607150830397742, 39.287888415957568 ] } },
{ "type": "Feature", "properties": { "surname": "Ross", "given": "Robert", "occupation": "huck.^ter", "street_raw": "President st", "cross_street": "Stiles", "bearing": "s", "side": "", "street_matched": "PRESIDENT", "confidence": "block_face" }, "geometry": { "type": "Point", "coordinates": [ -76.603401970020172, 39.286173353679786 ] } },
{ "type": "Feature", "properties": { "surname": "Ross", "given": "Lloyd", "occupation": "drayman, Pratt st w of Eutaw ■Ross Daniel, grain measurer", "street_raw": "L Montgomery st", "cross_street": "Hanover", "bearing": "w", "side": "", "street_matched": "MONTGOMERY", "confidence": "block_face" }, "geometry": { "type": "Point", "coordinates": [ -76.616019576256264, 39.27990953097499 ] } },
{ "type": "Feature", "properties": { "surname": "Rozier", "given": "John", "occupation": "labourer", "street_raw": "Light st", "cross_street": "Cross", "bearing": "n", "side": "w", "street_matched": "LIGHT", "confidence": "block_face" }, "geometry": { "type": "Point", "coordinates": [ -76.61246553764849, 39.277296396611852 ] } },
{ "type": "Feature", "properties": { "surname": "Sales", "given": "Aaron", "occupation": "drayman", "street_raw": "Monument st", "cross_street": "Eden", "bearing": "w", "side": "", "street_matched": "MONUMENT", "confidence": "block_face" }, "geometry": { "type": "Point", "coordinates": [ -76.599489326624294, 39.298154286790698 ] } },
{ "type": "Feature", "properties": { "surname": "Sanders", "given": "John", "occupation": "labourer", "street_raw": "Conway st", "cross_street": "Charles", "bearing": "w", "side": "", "street_matched": "CONWAY", "confidence": "block_face" }, "geometry": { "type": "Point", "coordinates": [ -76.615009048252602, 39.284170578770421 ] } },
{ "type": "Feature", "properties": { "surname": "Sanders", "given": "Lemuel", "occupation": "labourer", "street_raw": "Conway st", "cross_street": "Charles", "bearing": "w", "side": "", "street_matched": "CONWAY", "confidence": "block_face" }, "geometry": { "type": "Point", "coordinates": [ -76.615009048252602, 39.284170578770421 ] } },
{ "type": "Feature", "properties": { "surname": "Sanger", "given": "Isaac", "occupation": "", "street_raw": "Jasper st", "cross_street": "Ross", "bearing": "s", "side": "", "street_matched": "JASPER", "confidence": "block_face" }, "geometry": { "type": "Point", "coordinates": [ -76.622069211418818, 39.296541668883869 ] } },
{ "type": "Feature", "properties": { "surname": "Schriver", "given": "John", "occupation": "", "street_raw": "Franklin st", "cross_street": "Pearl", "bearing": "w", "side": "", "street_matched": "FRANKLIN", "confidence": "block_face" }, "geometry": { "type": "Point", "coordinates": [ -76.62543856449679, 39.294689766336475 ] } },
{ "type": "Feature", "properties": { "surname": "Scott", "given": "Isaac", "occupation": "barber", "street_raw": "Camden st", "cross_street": "Eutaw", "bearing": "w", "side": "", "street_matched": "CAMDEN", "confidence": "block_face" }, "geometry": { "type": "Point", "coordinates": [ -76.621200708507274, 39.285190590810309 ] } },
{ "type": "Feature", "properties": { "surname": "Scott", "given": "John", "occupation": "furniture carman", "street_raw": "Pierce st", "cross_street": "Pine", "bearing": "e", "side": "", "street_matched": "PIERCE", "confidence": "block_face" }, "geometry": { "type": "Point", "coordinates": [ -76.626572646622122, 39.294128867812553 ] } },
{ "type": "Feature", "properties": { "surname": "Scott", "given": "JSIargaret", "occupation": "", "street_raw": "Welcome alley", "cross_street": "Howard st", "bearing": "e", "side": "", "street_matched": "WELCOME", "confidence": "block_face" }, "geometry": { "type": "Point", "coordinates": [ -76.618897515852396, 39.282535043458978 ] } },
{ "type": "Feature", "properties": { "surname": "Scott", "given": "George", "occupation": "rope maker", "street_raw": "Cross st", "cross_street": "William", "bearing": "w", "side": "", "street_matched": "CROSS", "confidence": "block_face" }, "geometry": { "type": "Point", "coordinates": [ -76.611000828601945, 39.277185782352689 ] } },
{ "type": "Feature", "properties": { "surname": "Scott", "given": "Lewis", "occupation": "plaisterer", "street_raw": "Jasper st", "cross_street": "Ross", "bearing": "s", "side": "", "street_matched": "JASPER", "confidence": "block_face" }, "geometry": { "type": "Point", "coordinates": [ -76.622069211418818, 39.296541668883869 ] } },
{ "type": "Feature", "properties": { "surname": "Scott", "given": "George", "occupation": "", "street_raw": "Happy alley", "cross_street": "Fleet st", "bearing": "s", "side": "e", "street_matched": "DURHAM", "confidence": "block_face" }, "geometry": { "type": "Point", "coordinates": [ -76.590525480114806, 39.284277681095851 ] } },
{ "type": "Feature", "properties": { "surname": "Scott", "given": "James", "occupation": "labourer", "street_raw": "Forest st", "cross_street": "Madison", "bearing": "s", "side": "", "street_matched": "FORREST", "confidence": "block_face" }, "geometry": { "type": "Point", "coordinates": [ -76.607346977925047, 39.298652964390051 ] } },
{ "type": "Feature", "properties": { "surname": "Sedgwick", "given": "Mary", "occupation": "", "street_raw": "Perry st", "cross_street": "Howard", "bearing": "w", "side": "", "street_matched": "PERRY", "confidence": "block_face" }, "geometry": { "type": "Point", "coordinates": [ -76.61917436079456, 39.284761792719223 ] } },
{ "type": "Feature", "properties": { "surname": "Seeney", "given": "James", "occupation": "ship carpenter", "street_raw": "Happy alley", "cross_street": "Fleet st", "bearing": "n", "side": "e", "street_matched": "DURHAM", "confidence": "block_face" }, "geometry": { "type": "Point", "coordinates": [ -76.590581627792545, 39.285090826310338 ] } },
{ "type": "Feature", "properties": { "surname": "Selman", "given": "Peter", "occupation": "rigger", "street_raw": "Park st", "cross_street": "Pleasant", "bearing": "n", "side": "", "street_matched": "PARK", "confidence": "block_face" }, "geometry": { "type": "Point", "coordinates": [ -76.618183912863643, 39.29381217301458 ] } },
{ "type": "Feature", "properties": { "surname": "Sewell", "given": "Wm. porter", "occupation": "", "street_raw": "Elbow lane", "cross_street": "Paca st", "bearing": "w", "side": "", "street_matched": "CAMDEN", "confidence": "block_face" }, "geometry": { "type": "Point", "coordinates": [ -76.622029188527677, 39.285157295661868 ] } },
{ "type": "Feature", "properties": { "surname": "Siddons", "given": "Daniel", "occupation": "porter", "street_raw": "Pierce st", "cross_street": "Pearl", "bearing": "w", "side": "", "street_matched": "PIERCE", "confidence": "block_face" }, "geometry": { "type": "Point", "coordinates": [ -76.625409827928863, 39.294171768533751 ] } },
{ "type": "Feature", "properties": { "surname": "Simpson", "given": "Henry", "occupation": "drayman", "street_raw": "Wolfe st", "cross_street": "Bank", "bearing": "n", "side": "", "street_matched": "WOLFE", "confidence": "block_face" }, "geometry": { "type": "Point", "coordinates": [ -76.590171270041054, 39.287159071850532 ] } },
{ "type": "Feature", "properties": { "surname": "Simpson", "given": "Jas. labourer", "occupation": "", "street_raw": "Sharp st", "cross_street": "Hill", "bearing": "s", "side": "", "street_matched": "SHARP", "confidence": "block_face" }, "geometry": { "type": "Point", "coordinates": [ -76.617608628149327, 39.280722584101476 ] } },
{ "type": "Feature", "properties": { "surname": "Simpson", "given": "Susan", "occupation": "", "street_raw": "Caroline st", "cross_street": "Pratt", "bearing": "s", "side": "w", "street_matched": "CAROLINE", "confidence": "block_face" }, "geometry": { "type": "Point", "coordinates": [ -76.597079782844204, 39.288986471711809 ] } },
{ "type": "Feature", "properties": { "surname": "Simpson", "given": "Agnes", "occupation": "fruiterer", "street_raw": "Camden st", "cross_street": "Howard", "bearing": "w", "side": "", "street_matched": "CAMDEN", "confidence": "block_face" }, "geometry": { "type": "Point", "coordinates": [ -76.619782864247341, 39.285247567157541 ] } },
{ "type": "Feature", "properties": { "surname": "Skinner", "given": "Jas. caulker", "occupation": "", "street_raw": "Ensor st", "cross_street": "Madison", "bearing": "n", "side": "", "street_matched": "ENSOR", "confidence": "block_face" }, "geometry": { "type": "Point", "coordinates": [ -76.603753274285339, 39.299153169074046 ] } },
{ "type": "Feature", "properties": { "surname": "Slater", "given": "Robt. caulker", "occupation": "", "street_raw": "L Montgomery st", "cross_street": "Hanover", "bearing": "w", "side": "", "street_matched": "MONTGOMERY", "confidence": "block_face" }, "geometry": { "type": "Point", "coordinates": [ -76.616019576256264, 39.27990953097499 ] } },
{ "type": "Feature", "properties": { "surname": "Smallwood", "given": "Casmer", "occupation": "", "street_raw": "Happy alley", "cross_street": "Fleet st", "bearing": "s", "side": "e", "street_matched": "DURHAM", "confidence": "block_face" }, "geometry": { "type": "Point", "coordinates": [ -76.590525480114806, 39.284277681095851 ] } },
{ "type": "Feature", "properties": { "surname": "Smith", "given": "Thos. labourer", "occupation": "L Hughes st e of Charles • Smith Aug. coachman", "street_raw": "Clay st", "cross_street": "Howard", "bearing": "e", "side": "", "street_matched": "CLAY", "confidence": "block_face" }, "geometry": { "type": "Point", "coordinates": [ -76.619016859233199, 39.29224043396129 ] } },
{ "type": "Feature", "properties": { "surname": "Smith", "given": "Jas. farmer", "occupation": "", "street_raw": "Welcome alley", "cross_street": "Howard st", "bearing": "e", "side": "", "street_matched": "WELCOME", "confidence": "block_face" }, "geometry": { "type": "Point", "coordinates": [ -76.618897515852396, 39.282535043458978 ] } },
{ "type": "Feature", "properties": { "surname": "Smith", "given": "Moses", "occupation": "porter", "street_raw": "Kimmel alley", "cross_street": "Lexington st", "bearing": "n", "side": "", "street_matched": "KIMMEL", "confidence": "block_face" }, "geometry": { "type": "Point", "coordinates": [ -76.620333318822219, 39.291772724490357 ] } },
{ "type": "Feature", "properties": { "surname": "Smith", "given": "Saml. labourer", "occupation": "", "street_raw": "Hanover st", "cross_street": "Montgomery", "bearing": "n", "side": "", "street_matched": "HANOVER", "confidence": "block_face" }, "geometry": { "type": "Point", "coordinates": [ -76.615763770291736, 39.280042564327943 ] } },
{ "type": "Feature", "properties": { "surname": "Smith", "given": "Jas. labourer", "occupation": "", "street_raw": "Alice Anna st", "cross_street": "Wolfe", "bearing": "w", "side": "", "street_matched": "ALICEANNA", "confidence": "block_face" }, "geometry": { "type": "Point", "coordinates": [ -76.590198169889874, 39.283684274749454 ] } },
{ "type": "Feature", "properties": { "surname": "Smith", "given": "Nathan", "occupation": "carter", "street_raw": "Baltimore st", "cross_street": "Bond", "bearing": "w", "side": "s", "street_matched": "BALTIMORE", "confidence": "block_face" }, "geometry": { "type": "Point", "coordinates": [ -76.595998472871401, 39.291405476283863 ] } },
{ "type": "Feature", "properties": { "surname": "Smith", "given": "Jas. sawyer", "occupation": "", "street_raw": "Happy alley", "cross_street": "Fleet st", "bearing": "n", "side": "e", "street_matched": "DURHAM", "confidence": "block_face" }, "geometry": { "type": "Point", "coordinates": [ -76.590581627792545, 39.285090826310338 ] } },
{ "type": "Feature", "properties": { "surname": "Smith", "given": "Peter", "occupation": "", "street_raw": "Happy alley", "cross_street": "Bank st", "bearing": "s", "side": "w", "street_matched": "DURHAM", "confidence": "block_face" }, "geometry": { "type": "Point", "coordinates": [ -76.590835268579426, 39.28631011998722 ] } },
{ "type": "Feature", "properties": { "surname": "Smith", "given": "Joshua", "occupation": "whitewasher", "street_raw": "Pierce st", "cross_street": "Pearl", "bearing": "w", "side": "", "street_matched": "PIERCE", "confidence": "block_face" }, "geometry": { "type": "Point", "coordinates": [ -76.625409827928863, 39.294171768533751 ] } },
{ "type": "Feature", "properties": { "surname": "Smith", "given": "Rebecca", "occupation": "huckster", "street_raw": "Rock st", "cross_street": "Lexington", "bearing": "n", "side": "", "street_matched": "ROCK", "confidence": "block_face" }, "geometry": { "type": "Point", "coordinates": [ -76.631553855531962, 39.291238307882786 ] } },
{ "type": "Feature", "properties": { "surname": "Smith", "given": "Saml. cedar cooper", "occupation": "", "street_raw": "Park st", "cross_street": "Lexington", "bearing": "n", "side": "", "street_matched": "PARK", "confidence": "block_face" }, "geometry": { "type": "Point", "coordinates": [ -76.618063853589348, 39.291856808854014 ] } },
{ "type": "Feature", "properties": { "surname": "Smith", "given": "Nancy", "occupation": "", "street_raw": "Jasper st", "cross_street": "Ross", "bearing": "s", "side": "", "street_matched": "JASPER", "confidence": "block_face" }, "geometry": { "type": "Point", "coordinates": [ -76.622069211418818, 39.296541668883869 ] } },
{ "type": "Feature", "properties": { "surname": "Smith", "given": "Shadrach", "occupation": "labourer", "street_raw": "Spring st", "cross_street": "Pratt", "bearing": "s", "side": "w", "street_matched": "SPRING", "confidence": "block_face" }, "geometry": { "type": "Point", "coordinates": [ -76.597846697734028, 39.288953958855529 ] } },
{ "type": "Feature", "properties": { "surname": "Smith", "given": "Joicy", "occupation": "laundress", "street_raw": "Strawberry alley", "cross_street": "Fleet st", "bearing": "s", "side": "", "street_matched": "DALLAS", "confidence": "block_face" }, "geometry": { "type": "Point", "coordinates": [ -76.595954468252131, 39.284027206016596 ] } },
{ "type": "Feature", "properties": { "surname": "Smith", "given": "John", "occupation": "carter", "street_raw": "Eutaw st", "cross_street": "Camden", "bearing": "s", "side": "", "street_matched": "EUTAW", "confidence": "block_face" }, "geometry": { "type": "Point", "coordinates": [ -76.620617342540228, 39.284717957738707 ] } },
{ "type": "Feature", "properties": { "surname": "Smothers", "given": "Jesse", "occupation": "labourer", "street_raw": "Stump alley", "cross_street": "Conway st", "bearing": "s", "side": "", "street_matched": "STUMP", "confidence": "block_face" }, "geometry": { "type": "Point", "coordinates": [ -76.615476856470082, 39.283957649130464 ] } },
{ "type": "Feature", "properties": { "surname": "Snethen", "given": "Wm. labourer", "occupation": "", "street_raw": "Eutaw st", "cross_street": "Lee", "bearing": "n", "side": "", "street_matched": "EUTAW", "confidence": "block_face" }, "geometry": { "type": "Point", "coordinates": [ -76.620468372267709, 39.282345794097694 ] } },
{ "type": "Feature", "properties": { "surname": "Snethen", "given": "Arthur", "occupation": "drayman", "street_raw": "Eutaw st", "cross_street": "Lee", "bearing": "n", "side": "", "street_matched": "EUTAW", "confidence": "block_face" }, "geometry": { "type": "Point", "coordinates": [ -76.620468372267709, 39.282345794097694 ] } },
{ "type": "Feature", "properties": { "surname": "Snow", "given": "Frances", "occupation": "washer", "street_raw": "Perry st", "cross_street": "Howard", "bearing": "w", "side": "", "street_matched": "PERRY", "confidence": "block_face" }, "geometry": { "type": "Point", "coordinates": [ -76.61917436079456, 39.284761792719223 ] } },
{ "type": "Feature", "properties": { "surname": "Snow", "given": "Milly", "occupation": "washer", "street_raw": "Perry st", "cross_street": "Howard", "bearing": "w", "side": "", "street_matched": "PERRY", "confidence": "block_face" }, "geometry": { "type": "Point", "coordinates": [ -76.61917436079456, 39.284761792719223 ] } },
{ "type": "Feature", "properties": { "surname": "Snowden", "given": "John", "occupation": "drayman", "street_raw": "Jasper st", "cross_street": "Ross", "bearing": "s", "side": "", "street_matched": "JASPER", "confidence": "block_face" }, "geometry": { "type": "Point", "coordinates": [ -76.622069211418818, 39.296541668883869 ] } },
{ "type": "Feature", "properties": { "surname": "Snowden", "given": "Ephraim", "occupation": "labourer", "street_raw": "Boyd st", "cross_street": "Schroeder", "bearing": "w", "side": "", "street_matched": "BOYD", "confidence": "block_face" }, "geometry": { "type": "Point", "coordinates": [ -76.633987349507294, 39.287199302801902 ] } },
{ "type": "Feature", "properties": { "surname": "Sollers", "given": "Henry", "occupation": "labourer", "street_raw": "Pierce st", "cross_street": "Pearl", "bearing": "w", "side": "", "street_matched": "PIERCE", "confidence": "block_face" }, "geometry": { "type": "Point", "coordinates": [ -76.625409827928863, 39.294171768533751 ] } },
{ "type": "Feature", "properties": { "surname": "Sordan", "given": "Priscilla", "occupation": "washer", "street_raw": "Inloes alley", "cross_street": "Park st", "bearing": "w", "side": "", "street_matched": "INLOES", "confidence": "block_face" }, "geometry": { "type": "Point", "coordinates": [ -76.618353246919355, 39.294301897731224 ] } },
{ "type": "Feature", "properties": { "surname": "Sparrow", "given": "Chas. labourer", "occupation": "", "street_raw": "Eden st", "cross_street": "Baltimore", "bearing": "s", "side": "e", "street_matched": "EDEN", "confidence": "block_face" }, "geometry": { "type": "Point", "coordinates": [ -76.598564838942252, 39.290913738816144 ] } },
{ "type": "Feature", "properties": { "surname": "Spicer", "given": "John", "occupation": "seaman", "street_raw": "Light st", "cross_street": "Cross", "bearing": "n", "side": "w", "street_matched": "LIGHT", "confidence": "block_face" }, "geometry": { "type": "Point", "coordinates": [ -76.61246553764849, 39.277296396611852 ] } },
{ "type": "Feature", "properties": { "surname": "Sprjgg", "given": "Eliza", "occupation": "", "street_raw": "Baltimore st", "cross_street": "Pearl", "bearing": "w", "side": "", "street_matched": "BALTIMORE", "confidence": "block_face" }, "geometry": { "type": "Point", "coordinates": [ -76.624753014316823, 39.289138669657362 ] } },
{ "type": "Feature", "properties": { "surname": "Spriggs", "given": "Green bury", "occupation": "ostler", "street_raw": "Saratoga st", "cross_street": "Schroeder", "bearing": "e", "side": "", "street_matched": "SARATOGA", "confidence": "block_face" }, "geometry": { "type": "Point", "coordinates": [ -76.633712174096672, 39.292468727099902 ] } },
{ "type": "Feature", "properties": { "surname": "Spriggs", "given": "Richard", "occupation": "drayman", "street_raw": "Strawberry alley", "cross_street": "Baltimore st", "bearing": "s", "side": "", "street_matched": "DALLAS", "confidence": "block_face" }, "geometry": { "type": "Point", "coordinates": [ -76.596390358748735, 39.291235456908353 ] } },
{ "type": "Feature", "properties": { "surname": "Stanley", "given": "Washington", "occupation": "", "street_raw": "Happy alley", "cross_street": "Alice Anna st", "bearing": "s", "side": "w", "street_matched": "DURHAM", "confidence": "block_face" }, "geometry": { "type": "Point", "coordinates": [ -76.590626962697428, 39.283272088376513 ] } },
{ "type": "Feature", "properties": { "surname": "Sterrett", "given": "Elias", "occupation": "hackman", "street_raw": "Spring st", "cross_street": "Gough", "bearing": "n", "side": "e", "street_matched": "SPRING", "confidence": "block_face" }, "geometry": { "type": "Point", "coordinates": [ -76.597619359702122, 39.28792789097858 ] } },
{ "type": "Feature", "properties": { "surname": "Stevenson", "given": "Ellen", "occupation": "", "street_raw": "Jasper st", "cross_street": "Ross", "bearing": "s", "side": "", "street_matched": "JASPER", "confidence": "block_face" }, "geometry": { "type": "Point", "coordinates": [ -76.622069211418818, 39.296541668883869 ] } },
{ "type": "Feature", "properties": { "surname": "Stevenson", "given": "John", "occupation": "huckster", "street_raw": "L Montgomery st", "cross_street": "Hanover", "bearing": "w", "side": "", "street_matched": "MONTGOMERY", "confidence": "block_face" }, "geometry": { "type": "Point", "coordinates": [ -76.616019576256264, 39.27990953097499 ] } },
{ "type": "Feature", "properties": { "surname": "Stewart", "given": "Aaron", "occupation": "carter", "street_raw": "Mullikin st", "cross_street": "Caroline", "bearing": "e", "side": "", "street_matched": "MULLIKIN", "confidence": "block_face" }, "geometry": { "type": "Point", "coordinates": [ -76.597047371530849, 39.294507824158615 ] } },
{ "type": "Feature", "properties": { "surname": "Stewart", "given": "John", "occupation": "carter, Hill ste of Howard Stewart Geo. drayman", "street_raw": "Hill st", "cross_street": "Charles", "bearing": "e", "side": "", "street_matched": "HILL", "confidence": "block_face" }, "geometry": { "type": "Point", "coordinates": [ -76.614021720927767, 39.281029587153093 ] } },
{ "type": "Feature", "properties": { "surname": "Stewart", "given": "Rezin", "occupation": "sawyer", "street_raw": "Sharp st", "cross_street": "Hill", "bearing": "s", "side": "", "street_matched": "SHARP", "confidence": "block_face" }, "geometry": { "type": "Point", "coordinates": [ -76.617608628149327, 39.280722584101476 ] } },
{ "type": "Feature", "properties": { "surname": "Stewart", "given": "Geo. carter", "occupation": "", "street_raw": "Sharp st", "cross_street": "Hill", "bearing": "s", "side": "", "street_matched": "SHARP", "confidence": "block_face" }, "geometry": { "type": "Point", "coordinates": [ -76.617608628149327, 39.280722584101476 ] } },
{ "type": "Feature", "properties": { "surname": "Sye", "given": "Henry", "occupation": "sailor, Welcome alley vv of Sharp st Sylvester Jas. gardener, Black alley w of Union st s of Ross J. AILOR Jas. labourer", "street_raw": "Granby st", "cross_street": "Exeter", "bearing": "e", "side": "", "street_matched": "GRANBY", "confidence": "block_face" }, "geometry": { "type": "Point", "coordinates": [ -76.601639966508912, 39.28870426257221 ] } },
{ "type": "Feature", "properties": { "surname": "Talbot", "given": "Perry", "occupation": "mariner", "street_raw": "Spring st", "cross_street": "Pratt", "bearing": "s", "side": "w", "street_matched": "SPRING", "confidence": "block_face" }, "geometry": { "type": "Point", "coordinates": [ -76.597846697734028, 39.288953958855529 ] } },
{ "type": "Feature", "properties": { "surname": "Tasker", "given": "Harriet", "occupation": "washer", "street_raw": "Lewis st", "cross_street": "Orleans", "bearing": "n", "side": "", "street_matched": "LEWIS", "confidence": "block_face" }, "geometry": { "type": "Point", "coordinates": [ -76.600298609758511, 39.295367213667667 ] } },
{ "type": "Feature", "properties": { "surname": "Taylor", "given": "James", "occupation": "caulker", "street_raw": "Spring st", "cross_street": "Gough", "bearing": "s", "side": "w", "street_matched": "SPRING", "confidence": "block_face" }, "geometry": { "type": "Point", "coordinates": [ -76.597718878802866, 39.286932068847818 ] } },
{ "type": "Feature", "properties": { "surname": "Taylor", "given": "John", "occupation": "steward", "street_raw": "Spring st", "cross_street": "Pratt", "bearing": "s", "side": "w", "street_matched": "SPRING", "confidence": "block_face" }, "geometry": { "type": "Point", "coordinates": [ -76.597846697734028, 39.288953958855529 ] } },
{ "type": "Feature", "properties": { "surname": "Taylor", "given": "Margaret", "occupation": "laundress", "street_raw": "Salisbury st", "cross_street": "Exeter", "bearing": "w", "side": "", "street_matched": "SALISBURY", "confidence": "block_face" }, "geometry": { "type": "Point", "coordinates": [ -76.602718474524693, 39.289534462187653 ] } },
{ "type": "Feature", "properties": { "surname": "Teackle", "given": "Matthias", "occupation": "carter", "street_raw": "Perry st", "cross_street": "Howard", "bearing": "e", "side": "", "street_matched": "PERRY", "confidence": "block_face" }, "geometry": { "type": "Point", "coordinates": [ -76.618537742538678, 39.284787682362754 ] } },
{ "type": "Feature", "properties": { "surname": "Tender", "given": "James", "occupation": "brickmaker", "street_raw": "Strawberry al", "cross_street": "Lombard st", "bearing": "s", "side": "e", "street_matched": "DALLAS", "confidence": "block_face" }, "geometry": { "type": "Point", "coordinates": [ -76.596223644979915, 39.289821838119614 ] } },
{ "type": "Feature", "properties": { "surname": "Thomas", "given": "John", "occupation": "scowman", "street_raw": "Eden st", "cross_street": "Baltimore st", "bearing": "s", "side": "e", "street_matched": "EDEN", "confidence": "block_face" }, "geometry": { "type": "Point", "coordinates": [ -76.598564838942252, 39.290913738816144 ] } },
{ "type": "Feature", "properties": { "surname": "Thomas", "given": "Perry", "occupation": "waiter", "street_raw": "Inloes al", "cross_street": "Park st", "bearing": "w", "side": "", "street_matched": "INLOES", "confidence": "block_face" }, "geometry": { "type": "Point", "coordinates": [ -76.618353246919355, 39.294301897731224 ] } },
{ "type": "Feature", "properties": { "surname": "Thomas", "given": "Wm. drayman", "occupation": "", "street_raw": "Lerew's al", "cross_street": "Madison st", "bearing": "n", "side": "", "street_matched": "TYSON", "confidence": "block_face" }, "geometry": { "type": "Point", "coordinates": [ -76.619274491210177, 39.298943858151617 ] } },
{ "type": "Feature", "properties": { "surname": "Thomas", "given": "J. W. labourer", "occupation": "", "street_raw": "Charles st", "cross_street": "West", "bearing": "s", "side": "", "street_matched": "CHARLES", "confidence": "block_face" }, "geometry": { "type": "Point", "coordinates": [ -76.614300691568232, 39.275605269085709 ] } },
{ "type": "Feature", "properties": { "surname": "Thomas", "given": "Garrison", "occupation": "", "street_raw": "Howard st", "cross_street": "Wayne", "bearing": "n", "side": "", "street_matched": "HOWARD", "confidence": "block_face" }, "geometry": { "type": "Point", "coordinates": [ -76.619107372654256, 39.283677738667812 ] } },
{ "type": "Feature", "properties": { "surname": "Thomas", "given": "Mary", "occupation": "", "street_raw": "Apple al", "cross_street": "Alice Anna st", "bearing": "n", "side": "e", "street_matched": "BETHEL", "confidence": "block_face" }, "geometry": { "type": "Point", "coordinates": [ -76.594263629356206, 39.283902111492814 ] } },
{ "type": "Feature", "properties": { "surname": "Thomas", "given": "Ephraim", "occupation": "labourer", "street_raw": "Strawberry al", "cross_street": "Lombard st", "bearing": "s", "side": "e", "street_matched": "DALLAS", "confidence": "block_face" }, "geometry": { "type": "Point", "coordinates": [ -76.596223644979915, 39.289821838119614 ] } },
{ "type": "Feature", "properties": { "surname": "Thomas", "given": "Seth", "occupation": "labourer", "street_raw": "Strawberry al", "cross_street": "Lombard st", "bearing": "s", "side": "e", "street_matched": "DALLAS", "confidence": "block_face" }, "geometry": { "type": "Point", "coordinates": [ -76.596223644979915, 39.289821838119614 ] } },
{ "type": "Feature", "properties": { "surname": "Thompson", "given": "Mary", "occupation": "washer", "street_raw": "Eutaw st", "cross_street": "Barre", "bearing": "s", "side": "", "street_matched": "EUTAW", "confidence": "block_face" }, "geometry": { "type": "Point", "coordinates": [ -76.620482299393586, 39.28256756589753 ] } },
{ "type": "Feature", "properties": { "surname": "Thompson", "given": "Robert", "occupation": "labourer", "street_raw": "Conway st", "cross_street": "Hanover", "bearing": "e", "side": "", "street_matched": "CONWAY", "confidence": "block_face" }, "geometry": { "type": "Point", "coordinates": [ -76.615816363673176, 39.284132987618264 ] } },
{ "type": "Feature", "properties": { "surname": "Thompson", "given": "Edward", "occupation": "hackman", "street_raw": "Caroline st", "cross_street": "Pratt", "bearing": "n", "side": "w", "street_matched": "CAROLINE", "confidence": "block_face" }, "geometry": { "type": "Point", "coordinates": [ -76.597118754730104, 39.289559090332212 ] } },
{ "type": "Feature", "properties": { "surname": "Thompson", "given": "Chioe", "occupation": "", "street_raw": "Wolfe st", "cross_street": "Alice Anna", "bearing": "n", "side": "", "street_matched": "WOLFE", "confidence": "block_face" }, "geometry": { "type": "Point", "coordinates": [ -76.589974114851529, 39.284097657727031 ] } },
{ "type": "Feature", "properties": { "surname": "Thompson", "given": "Alexander", "occupation": "labourer", "street_raw": "Strawberry al", "cross_street": "Pratt st", "bearing": "s", "side": "", "street_matched": "DALLAS", "confidence": "block_face" }, "geometry": { "type": "Point", "coordinates": [ -76.596249963807907, 39.288913785004979 ] } },
{ "type": "Feature", "properties": { "surname": "Tilghman", "given": "James", "occupation": "labourer", "street_raw": "Pearl st", "cross_street": "Saratoga", "bearing": "n", "side": "", "street_matched": "PEARL", "confidence": "block_face" }, "geometry": { "type": "Point", "coordinates": [ -76.624705440227984, 39.292978343360275 ] } },
{ "type": "Feature", "properties": { "surname": "Tilghman", "given": "Elizabeth", "occupation": "washer", "street_raw": "Forest st", "cross_street": "Madison", "bearing": "n", "side": "", "street_matched": "FORREST", "confidence": "block_face" }, "geometry": { "type": "Point", "coordinates": [ -76.60750842942879, 39.299260329344797 ] } },
{ "type": "Feature", "properties": { "surname": "Tillison", "given": "Mary", "occupation": "washer", "street_raw": "Pierce st", "cross_street": "Pearl", "bearing": "w", "side": "", "street_matched": "PIERCE", "confidence": "block_face" }, "geometry": { "type": "Point", "coordinates": [ -76.625409827928863, 39.294171768533751 ] } },
{ "type": "Feature", "properties": { "surname": "Todd", "given": "Jack", "occupation": "sawyer", "street_raw": "Hill st", "cross_street": "Charles", "bearing": "e", "side": "", "street_matched": "HILL", "confidence": "block_face" }, "geometry": { "type": "Point", "coordinates": [ -76.614021720927767, 39.281029587153093 ] } },
{ "type": "Feature", "properties": { "surname": "Toogood", "given": "Harriet", "occupation": "", "street_raw": "Baltimore st", "cross_street": "Pearl", "bearing": "w", "side": "", "street_matched": "BALTIMORE", "confidence": "block_face" }, "geometry": { "type": "Point", "coordinates": [ -76.624753014316823, 39.289138669657362 ] } },
{ "type": "Feature", "properties": { "surname": "Toogood", "given": "Julia Ann", "occupation": "", "street_raw": "Dover st", "cross_street": "Paca", "bearing": "e", "side": "", "street_matched": "DOVER", "confidence": "block_face" }, "geometry": { "type": "Point", "coordinates": [ -76.621528177950211, 39.285865227523288 ] } },
{ "type": "Feature", "properties": { "surname": "Travers", "given": "Hester", "occupation": "washer", "street_raw": "Charles st", "cross_street": "Hill", "bearing": "n", "side": "", "street_matched": "CHARLES", "confidence": "block_face" }, "geometry": { "type": "Point", "coordinates": [ -76.61466770079754, 39.281146010424777 ] } },
{ "type": "Feature", "properties": { "surname": "Travers", "given": "Mary", "occupation": "", "street_raw": "Charles st", "cross_street": "Montgomery", "bearing": "n", "side": "", "street_matched": "CHARLES", "confidence": "block_face" }, "geometry": { "type": "Point", "coordinates": [ -76.614597751770916, 39.280089982790855 ] } },
{ "type": "Feature", "properties": { "surname": "Travis", "given": "Samuel", "occupation": "mariner", "street_raw": "Spring st", "cross_street": "Gough", "bearing": "n", "side": "", "street_matched": "SPRING", "confidence": "block_face" }, "geometry": { "type": "Point", "coordinates": [ -76.597700400585552, 39.287924797263237 ] } },
{ "type": "Feature", "properties": { "surname": "Truly", "given": "Levi", "occupation": "", "street_raw": "Baltimore st", "cross_street": "Pine", "bearing": "w", "side": "", "street_matched": "BALTIMORE", "confidence": "block_face" }, "geometry": { "type": "Point", "coordinates": [ -76.627433937016306, 39.289021610637917 ] } },
{ "type": "Feature", "properties": { "surname": "Trusty", "given": "Samuel", "occupation": "carter", "street_raw": "Ensor st", "cross_street": "Madison", "bearing": "n", "side": "", "street_matched": "ENSOR", "confidence": "block_face" }, "geometry": { "type": "Point", "coordinates": [ -76.603753274285339, 39.299153169074046 ] } },
{ "type": "Feature", "properties": { "surname": "Tucker", "given": "Mrs. washer", "occupation": "", "street_raw": "Wayne st", "cross_street": "Howard", "bearing": "w", "side": "", "street_matched": "WAYNE", "confidence": "block_face" }, "geometry": { "type": "Point", "coordinates": [ -76.619094967776775, 39.2834769999683 ] } },
{ "type": "Feature", "properties": { "surname": "Tue", "given": "Perry", "occupation": "steamboat hand", "street_raw": "Cross st", "cross_street": "William", "bearing": "w", "side": "", "street_matched": "CROSS", "confidence": "block_face" }, "geometry": { "type": "Point", "coordinates": [ -76.611000828601945, 39.277185782352689 ] } },
{ "type": "Feature", "properties": { "surname": "Tull", "given": "Yiolet", "occupation": "laundress", "street_raw": "Strawberry al", "cross_street": "Gough st", "bearing": "n", "side": "w", "street_matched": "DALLAS", "confidence": "block_face" }, "geometry": { "type": "Point", "coordinates": [ -76.596271665191836, 39.28792939729621 ] } },
{ "type": "Feature", "properties": { "surname": "Turner", "given": "Henry", "occupation": "labourer", "street_raw": "Hill st", "cross_street": "Sharp", "bearing": "e", "side": "", "street_matched": "HILL", "confidence": "block_face" }, "geometry": { "type": "Point", "coordinates": [ -76.617012007218165, 39.280937829472229 ] } },
{ "type": "Feature", "properties": { "surname": "Turner", "given": "Wm. sawyer", "occupation": "", "street_raw": "Lewis st", "cross_street": "Orleans", "bearing": "n", "side": "", "street_matched": "LEWIS", "confidence": "block_face" }, "geometry": { "type": "Point", "coordinates": [ -76.600298609758511, 39.295367213667667 ] } },
{ "type": "Feature", "properties": { "surname": "Turner", "given": "Susan", "occupation": "", "street_raw": "Strawberry al", "cross_street": "Pratt st", "bearing": "n", "side": "w", "street_matched": "DALLAS", "confidence": "block_face" }, "geometry": { "type": "Point", "coordinates": [ -76.59637192033594, 39.289587264401931 ] } },
{ "type": "Feature", "properties": { "surname": "Uncles", "given": "Isaac", "occupation": "blacksmith", "street_raw": "Howard st", "cross_street": "Perry", "bearing": "n", "side": "e", "street_matched": "HOWARD", "confidence": "block_face" }, "geometry": { "type": "Point", "coordinates": [ -76.619105899506351, 39.284968400046246 ] } },
{ "type": "Feature", "properties": { "surname": "Varlow", "given": "Robert", "occupation": "seaman", "street_raw": "Eutaw st", "cross_street": "Barre", "bearing": "n", "side": "", "street_matched": "EUTAW", "confidence": "block_face" }, "geometry": { "type": "Point", "coordinates": [ -76.620520122158126, 39.283169849744112 ] } },
{ "type": "Feature", "properties": { "surname": "Wallace", "given": "Nathan", "occupation": "labourer", "street_raw": "Howard st", "cross_street": "Conway", "bearing": "s", "side": "", "street_matched": "HOWARD", "confidence": "block_face" }, "geometry": { "type": "Point", "coordinates": [ -76.619113576064052, 39.283778123300564 ] } },
{ "type": "Feature", "properties": { "surname": "Wallace", "given": "James", "occupation": "labourer", "street_raw": "Rock st", "cross_street": "Saratoga", "bearing": "s", "side": "", "street_matched": "ROCK", "confidence": "block_face" }, "geometry": { "type": "Point", "coordinates": [ -76.631606645641213, 39.292220571379602 ] } },
{ "type": "Feature", "properties": { "surname": "Wallace", "given": "Nicholas", "occupation": "", "street_raw": "Happy al", "cross_street": "Gough", "bearing": "n", "side": "w", "street_matched": "DURHAM", "confidence": "block_face" }, "geometry": { "type": "Point", "coordinates": [ -76.590958046128378, 39.288230747695302 ] } },
{ "type": "Feature", "properties": { "surname": "Wallace", "given": "Js^mes", "occupation": "", "street_raw": "Strawberry al", "cross_street": "Alice Anna st", "bearing": "s", "side": "w", "street_matched": "DALLAS", "confidence": "block_face" }, "geometry": { "type": "Point", "coordinates": [ -76.595974885856648, 39.283021682325625 ] } },
{ "type": "Feature", "properties": { "surname": "Wallace", "given": "Emily", "occupation": "laundress", "street_raw": "Strawberry al", "cross_street": "Gough st", "bearing": "n", "side": "w", "street_matched": "DALLAS", "confidence": "block_face" }, "geometry": { "type": "Point", "coordinates": [ -76.596271665191836, 39.28792939729621 ] } },
{ "type": "Feature", "properties": { "surname": "Wallace", "given": "Garrison", "occupation": "labourer", "street_raw": "Green st", "cross_street": "Baltimore", "bearing": "s", "side": "", "street_matched": "EXETER", "confidence": "block_face" }, "geometry": { "type": "Point", "coordinates": [ -76.603006600402239, 39.290230176053065 ] } },
{ "type": "Feature", "properties": { "surname": "Waller", "given": "Robert", "occupation": "", "street_raw": "Dover st", "cross_street": "Eutaw", "bearing": "w", "side": "", "street_matched": "DOVER", "confidence": "block_face" }, "geometry": { "type": "Point", "coordinates": [ -76.621249207210411, 39.285875477149787 ] } },
{ "type": "Feature", "properties": { "surname": "Walters", "given": "Jane", "occupation": "washer", "street_raw": "Hill st", "cross_street": "Charles", "bearing": "e", "side": "", "street_matched": "HILL", "confidence": "block_face" }, "geometry": { "type": "Point", "coordinates": [ -76.614021720927767, 39.281029587153093 ] } },
{ "type": "Feature", "properties": { "surname": "Ward", "given": "George", "occupation": "labourer", "street_raw": "Strawberry al", "cross_street": "Lombard st", "bearing": "n", "side": "w", "street_matched": "DALLAS", "confidence": "block_face" }, "geometry": { "type": "Point", "coordinates": [ -76.596428735553673, 39.290526800744381 ] } },
{ "type": "Feature", "properties": { "surname": "Warner", "given": "Leander A. huckster", "occupation": "", "street_raw": "Strawberry al", "cross_street": "Gough st", "bearing": "n", "side": "w", "street_matched": "DALLAS", "confidence": "block_face" }, "geometry": { "type": "Point", "coordinates": [ -76.596271665191836, 39.28792939729621 ] } },
{ "type": "Feature", "properties": { "surname": "Warner", "given": "Sarah", "occupation": "cook", "street_raw": "Lewis st", "cross_street": "Mullikin", "bearing": "n", "side": "", "street_matched": "LEWIS", "confidence": "block_face" }, "geometry": { "type": "Point", "coordinates": [ -76.600249615337276, 39.294602874263127 ] } },
{ "type": "Feature", "properties": { "surname": "Washington", "given": "Frederick", "occupation": "", "street_raw": "Jasper st", "cross_street": "Franklin", "bearing": "n", "side": "", "street_matched": "JASPER", "confidence": "block_face" }, "geometry": { "type": "Point", "coordinates": [ -76.621990682957929, 39.295322481416335 ] } },
{ "type": "Feature", "properties": { "surname": "Waters", "given": "George", "occupation": "", "street_raw": "Davis st", "cross_street": "Franklin", "bearing": "s", "side": "", "street_matched": "DAVIS", "confidence": "block_face" }, "geometry": { "type": "Point", "coordinates": [ -76.612159776550712, 39.294720035712494 ] } },
{ "type": "Feature", "properties": { "surname": "Waters", "given": "Samuel", "occupation": "caulker", "street_raw": "Hill st", "cross_street": "Hanover", "bearing": "w", "side": "", "street_matched": "HILL", "confidence": "block_face" }, "geometry": { "type": "Point", "coordinates": [ -76.615997834499822, 39.280966605687638 ] } },
{ "type": "Feature", "properties": { "surname": "Waters", "given": "James", "occupation": "labourer", "street_raw": "L Montgomery st", "cross_street": "Hanover", "bearing": "w", "side": "", "street_matched": "MONTGOMERY", "confidence": "block_face" }, "geometry": { "type": "Point", "coordinates": [ -76.616019576256264, 39.27990953097499 ] } },
{ "type": "Feature", "properties": { "surname": "Watts", "given": "Alexander", "occupation": "brickmaker", "street_raw": "Hill st", "cross_street": "Sharp", "bearing": "e", "side": "", "street_matched": "HILL", "confidence": "block_face" }, "geometry": { "type": "Point", "coordinates": [ -76.617012007218165, 39.280937829472229 ] } },
{ "type": "Feature", "properties": { "surname": "Watts", "given": "John", "occupation": "cook, e side Apple al s of Fleet st Wavel Wm. labourer", "street_raw": "Painter's court", "cross_street": "Pitt", "bearing": "s", "side": "w", "street_matched": "PAINTERS", "confidence": "block_face" }, "geometry": { "type": "Point", "coordinates": [ -76.603239227677818, 39.291427735378171 ] } },
{ "type": "Feature", "properties": { "surname": "Webster", "given": "Joseph", "occupation": "labourer", "street_raw": "Hill st", "cross_street": "Hanover", "bearing": "w", "side": "", "street_matched": "HILL", "confidence": "block_face" }, "geometry": { "type": "Point", "coordinates": [ -76.615997834499822, 39.280966605687638 ] } },
{ "type": "Feature", "properties": { "surname": "Webster", "given": "Isaac", "occupation": "porter", "street_raw": "Hamilton st", "cross_street": "St Paul", "bearing": "w", "side": "", "street_matched": "HAMILTON", "confidence": "block_face" }, "geometry": { "type": "Point", "coordinates": [ -76.613950526031914, 39.295719207512455 ] } },
{ "type": "Feature", "properties": { "surname": "Wheatley", "given": "Lydia", "occupation": "laundress", "street_raw": "Strawberry alley", "cross_street": "Gough st", "bearing": "n", "side": "", "street_matched": "DALLAS", "confidence": "block_face" }, "geometry": { "type": "Point", "coordinates": [ -76.596190616011341, 39.287932356931343 ] } },
{ "type": "Feature", "properties": { "surname": "Wheatley", "given": "Jacob", "occupation": "", "street_raw": "Happy alley", "cross_street": "Alice Anna st", "bearing": "s", "side": "e", "street_matched": "DURHAM", "confidence": "block_face" }, "geometry": { "type": "Point", "coordinates": [ -76.590464882796681, 39.283278135639087 ] } },
{ "type": "Feature", "properties": { "surname": "Wheeler", "given": "A. waiter", "occupation": "", "street_raw": "Marion st", "cross_street": "Park", "bearing": "w", "side": "", "street_matched": "MARION", "confidence": "block_face" }, "geometry": { "type": "Point", "coordinates": [ -76.618630357909524, 39.290994432432989 ] } },
{ "type": "Feature", "properties": { "surname": "White", "given": "Thos. labourer", "occupation": "", "street_raw": "Strawberry alley", "cross_street": "Fleet st", "bearing": "n", "side": "w", "street_matched": "DALLAS", "confidence": "block_face" }, "geometry": { "type": "Point", "coordinates": [ -76.596085028303122, 39.28484306426806 ] } },
{ "type": "Feature", "properties": { "surname": "White", "given": "Adam", "occupation": "carter", "street_raw": "Strawberry alley", "cross_street": "Pratt st", "bearing": "n", "side": "", "street_matched": "DALLAS", "confidence": "block_face" }, "geometry": { "type": "Point", "coordinates": [ -76.596290869263271, 39.289590224068313 ] } },
{ "type": "Feature", "properties": { "surname": "Whittington", "given": "G. W. seaman", "occupation": "", "street_raw": "Hill st", "cross_street": "Light", "bearing": "w", "side": "", "street_matched": "HILL", "confidence": "block_face" }, "geometry": { "type": "Point", "coordinates": [ -76.613436239859112, 39.281048469684848 ] } },
{ "type": "Feature", "properties": { "surname": "Williams", "given": "Henry", "occupation": "waiter", "street_raw": "Bank", "cross_street": "Caroline st", "bearing": "e", "side": "", "street_matched": "BANK", "confidence": "block_face" }, "geometry": { "type": "Point", "coordinates": [ -76.596536927380413, 39.286466068036951 ] } },
{ "type": "Feature", "properties": { "surname": "Williams", "given": "John", "occupation": "labourer", "street_raw": "Charles st", "cross_street": "West", "bearing": "n", "side": "", "street_matched": "CHARLES", "confidence": "block_face" }, "geometry": { "type": "Point", "coordinates": [ -76.61433110397661, 39.276064406782552 ] } },
{ "type": "Feature", "properties": { "surname": "Williams", "given": "Catharine", "occupation": "seamstress", "street_raw": "Light st", "cross_street": "West", "bearing": "s", "side": "", "street_matched": "LIGHT", "confidence": "block_face" }, "geometry": { "type": "Point", "coordinates": [ -76.612150138776315, 39.275508591940032 ] } },
{ "type": "Feature", "properties": { "surname": "Williams", "given": "Ann", "occupation": "", "street_raw": "Howard st", "cross_street": "Camden", "bearing": "s", "side": "w", "street_matched": "HOWARD", "confidence": "block_face" }, "geometry": { "type": "Point", "coordinates": [ -76.619274273402851, 39.285064139668016 ] } },
{ "type": "Feature", "properties": { "surname": "Williams", "given": "John", "occupation": "", "street_raw": "Happy alley", "cross_street": "Fleet st", "bearing": "n", "side": "w", "street_matched": "DURHAM", "confidence": "block_face" }, "geometry": { "type": "Point", "coordinates": [ -76.590743589785433, 39.285083051081962 ] } },
{ "type": "Feature", "properties": { "surname": "Williams", "given": "Milly", "occupation": "washer", "street_raw": "Chatsworth st", "cross_street": "Franklin", "bearing": "s", "side": "", "street_matched": "MYRTLE", "confidence": "block_face" }, "geometry": { "type": "Point", "coordinates": [ -76.628213715015136, 39.294375149227932 ] } },
{ "type": "Feature", "properties": { "surname": "Williams", "given": "Jeffi-y", "occupation": "whip sawyer", "street_raw": "Spring st", "cross_street": "Gough", "bearing": "n", "side": "w", "street_matched": "SPRING", "confidence": "block_face" }, "geometry": { "type": "Point", "coordinates": [ -76.597781441461947, 39.287921703491996 ] } },
{ "type": "Feature", "properties": { "surname": "Williams", "given": "Saml. labourer", "occupation": "", "street_raw": "Inloes alley", "cross_street": "Park st", "bearing": "w", "side": "", "street_matched": "INLOES", "confidence": "block_face" }, "geometry": { "type": "Point", "coordinates": [ -76.618353246919355, 39.294301897731224 ] } },
{ "type": "Feature", "properties": { "surname": "Williams", "given": "Saml. labourer", "occupation": "", "street_raw": "Pierce st", "cross_street": "Pearl", "bearing": "w", "side": "", "street_matched": "PIERCE", "confidence": "block_face" }, "geometry": { "type": "Point", "coordinates": [ -76.625409827928863, 39.294171768533751 ] } },
{ "type": "Feature", "properties": { "surname": "Williams", "given": "Mary", "occupation": "washer", "street_raw": "Harford avenue", "cross_street": "Aisquith st", "bearing": "n", "side": "", "street_matched": "HARFORD", "confidence": "block_face" }, "geometry": { "type": "Point", "coordinates": [ -76.602127260300847, 39.304044081568556 ] } },
{ "type": "Feature", "properties": { "surname": "Williams", "given": "Walter", "occupation": "sawyer", "street_raw": "Lewis st", "cross_street": "Orleans", "bearing": "n", "side": "", "street_matched": "LEWIS", "confidence": "block_face" }, "geometry": { "type": "Point", "coordinates": [ -76.600298609758511, 39.295367213667667 ] } },
{ "type": "Feature", "properties": { "surname": "Williams", "given": "Prudence", "occupation": "", "street_raw": "Jasper st", "cross_street": "Ross", "bearing": "s", "side": "", "street_matched": "JASPER", "confidence": "block_face" }, "geometry": { "type": "Point", "coordinates": [ -76.622069211418818, 39.296541668883869 ] } },
{ "type": "Feature", "properties": { "surname": "Williams", "given": "Henry", "occupation": "drayman, L Montgomery st w of Hanover Williams Wm. carter", "street_raw": "Sharp st", "cross_street": "Hill", "bearing": "s", "side": "", "street_matched": "SHARP", "confidence": "block_face" }, "geometry": { "type": "Point", "coordinates": [ -76.617608628149327, 39.280722584101476 ] } },
{ "type": "Feature", "properties": { "surname": "Williams", "given": "Henry", "occupation": "labourer", "street_raw": "Caroline st", "cross_street": "Gough", "bearing": "s", "side": "e", "street_matched": "CAROLINE", "confidence": "block_face" }, "geometry": { "type": "Point", "coordinates": [ -76.596786391668019, 39.287063339247815 ] } },
{ "type": "Feature", "properties": { "surname": "Williams", "given": "Robert", "occupation": "porter", "street_raw": "Dover st", "cross_street": "Eutaw", "bearing": "w", "side": "", "street_matched": "DOVER", "confidence": "block_face" }, "geometry": { "type": "Point", "coordinates": [ -76.621249207210411, 39.285875477149787 ] } },
{ "type": "Feature", "properties": { "surname": "Williams", "given": "Absalom", "occupation": "ship carpenter", "street_raw": "Caroline st", "cross_street": "Pratt", "bearing": "n", "side": "", "street_matched": "CAROLINE", "confidence": "block_face" }, "geometry": { "type": "Point", "coordinates": [ -76.59703772749036, 39.289562420356241 ] } },
{ "type": "Feature", "properties": { "surname": "Williams", "given": "Ephraim", "occupation": "labourer", "street_raw": "Strawberry alley", "cross_street": "Pratt st", "bearing": "n", "side": "", "street_matched": "DALLAS", "confidence": "block_face" }, "geometry": { "type": "Point", "coordinates": [ -76.596290869263271, 39.289590224068313 ] } },
{ "type": "Feature", "properties": { "surname": "Wilson", "given": "John", "occupation": "", "street_raw": "St Paul st", "cross_street": "Centre", "bearing": "s", "side": "", "street_matched": "PAUL", "confidence": "block_face" }, "geometry": { "type": "Point", "coordinates": [ -76.613793786186946, 39.296117039273156 ] } },
{ "type": "Feature", "properties": { "surname": "Wilson", "given": "Wm. labourer", "occupation": "", "street_raw": "Light st", "cross_street": "Cross", "bearing": "n", "side": "w", "street_matched": "LIGHT", "confidence": "block_face" }, "geometry": { "type": "Point", "coordinates": [ -76.61246553764849, 39.277296396611852 ] } },
{ "type": "Feature", "properties": { "surname": "Wilson", "given": "Abram", "occupation": "blacksmith", "street_raw": "Spring st", "cross_street": "Gough", "bearing": "n", "side": "", "street_matched": "SPRING", "confidence": "block_face" }, "geometry": { "type": "Point", "coordinates": [ -76.597700400585552, 39.287924797263237 ] } },
{ "type": "Feature", "properties": { "surname": "Wilson", "given": "Carver", "occupation": "labourer", "street_raw": "Ensor st", "cross_street": "Madison", "bearing": "n", "side": "", "street_matched": "ENSOR", "confidence": "block_face" }, "geometry": { "type": "Point", "coordinates": [ -76.603753274285339, 39.299153169074046 ] } },
{ "type": "Feature", "properties": { "surname": "Wilson", "given": "Elijah", "occupation": "cobbler", "street_raw": "Conway st", "cross_street": "Howard", "bearing": "w", "side": "", "street_matched": "CONWAY", "confidence": "block_face" }, "geometry": { "type": "Point", "coordinates": [ -76.61912598230596, 39.283978882355328 ] } },
{ "type": "Feature", "properties": { "surname": "Wilson", "given": "Sophia", "occupation": "washer", "street_raw": "Hill st", "cross_street": "Hanover", "bearing": "w", "side": "", "street_matched": "HILL", "confidence": "block_face" }, "geometry": { "type": "Point", "coordinates": [ -76.615997834499822, 39.280966605687638 ] } },
{ "type": "Feature", "properties": { "surname": "Wilson", "given": "Andrew", "occupation": "labourer", "street_raw": "Cross st", "cross_street": "William", "bearing": "e", "side": "", "street_matched": "CROSS", "confidence": "block_face" }, "geometry": { "type": "Point", "coordinates": [ -76.610523529614611, 39.277236304543095 ] } },
{ "type": "Feature", "properties": { "surname": "Wilson", "given": "Daniel", "occupation": "huckster", "street_raw": "Happy alley", "cross_street": "Bank st", "bearing": "s", "side": "e", "street_matched": "DURHAM", "confidence": "block_face" }, "geometry": { "type": "Point", "coordinates": [ -76.590673234194782, 39.286316963776009 ] } },
{ "type": "Feature", "properties": { "surname": "Wilson", "given": "Charles", "occupation": "drayman", "street_raw": "Apple alley", "cross_street": "Baltimore st", "bearing": "s", "side": "e", "street_matched": "BETHEL", "confidence": "block_face" }, "geometry": { "type": "Point", "coordinates": [ -76.594797437462319, 39.291333498919933 ] } },
{ "type": "Feature", "properties": { "surname": "Wilson", "given": "Wm. carter", "occupation": "", "street_raw": "Strawberry alley", "cross_street": "Bank st", "bearing": "s", "side": "w", "street_matched": "DALLAS", "confidence": "block_face" }, "geometry": { "type": "Point", "coordinates": [ -76.596159380080351, 39.286072595320142 ] } },
{ "type": "Feature", "properties": { "surname": "Wilson", "given": "James", "occupation": "labourer", "street_raw": "Strawberry alley", "cross_street": "Pratt st", "bearing": "n", "side": "", "street_matched": "DALLAS", "confidence": "block_face" }, "geometry": { "type": "Point", "coordinates": [ -76.596290869263271, 39.289590224068313 ] } },
{ "type": "Feature", "properties": { "surname": "Wisher", "given": "Daniel", "occupation": "carter", "street_raw": "Charles st", "cross_street": "West", "bearing": "n", "side": "", "street_matched": "CHARLES", "confidence": "block_face" }, "geometry": { "type": "Point", "coordinates": [ -76.61433110397661, 39.276064406782552 ] } },
{ "type": "Feature", "properties": { "surname": "Wisher", "given": "Rachel", "occupation": "washer", "street_raw": "Charles st", "cross_street": "West", "bearing": "s", "side": "", "street_matched": "CHARLES", "confidence": "block_face" }, "geometry": { "type": "Point", "coordinates": [ -76.614300691568232, 39.275605269085709 ] } },
{ "type": "Feature", "properties": { "surname": "Wisher", "given": "Harriet", "occupation": "washer", "street_raw": "Charles st", "cross_street": "West", "bearing": "s", "side": "", "street_matched": "CHARLES", "confidence": "block_face" }, "geometry": { "type": "Point", "coordinates": [ -76.614300691568232, 39.275605269085709 ] } },
{ "type": "Feature", "properties": { "surname": "Wisher", "given": "Henry", "occupation": "labourer", "street_raw": "Charles st", "cross_street": "West", "bearing": "s", "side": "", "street_matched": "CHARLES", "confidence": "block_face" }, "geometry": { "type": "Point", "coordinates": [ -76.614300691568232, 39.275605269085709 ] } },
{ "type": "Feature", "properties": { "surname": "Woodyear", "given": "Caleb", "occupation": "drayman, Sarah Ann st e of Penn. avenue Woodyear Wm. sawyer", "street_raw": "Hill st", "cross_street": "Howard", "bearing": "e", "side": "", "street_matched": "HILL", "confidence": "block_face" }, "geometry": { "type": "Point", "coordinates": [ -76.618795429099336, 39.280882889909641 ] } },
{ "type": "Feature", "properties": { "surname": "Worthington", "given": "Brice", "occupation": "porter", "street_raw": "State st", "cross_street": "Franklin", "bearing": "n", "side": "", "street_matched": "STATE", "confidence": "block_face" }, "geometry": { "type": "Point", "coordinates": [ -76.620393803221546, 39.294889720130499 ] } },
{ "type": "Feature", "properties": { "surname": "Wright", "given": "James", "occupation": "Raborg st e of Schroeder W^right Robert, labourer", "street_raw": "Slemmer alley", "cross_street": "Pratt st", "bearing": "s", "side": "", "street_matched": "SLEMMERS", "confidence": "block_face" }, "geometry": { "type": "Point", "coordinates": [ -76.603337013829744, 39.286953285030258 ] } },
{ "type": "Feature", "properties": { "surname": "Wright", "given": "Milly", "occupation": "", "street_raw": "Saratoga st", "cross_street": "Schroeder", "bearing": "w", "side": "", "street_matched": "SARATOGA", "confidence": "block_face" }, "geometry": { "type": "Point", "coordinates": [ -76.634605092094546, 39.29243574398317 ] } },
{ "type": "Feature", "properties": { "surname": "Wright", "given": "Rachel", "occupation": "washer", "street_raw": "Saratoga st", "cross_street": "Pearl", "bearing": "e", "side": "", "street_matched": "SARATOGA", "confidence": "block_face" }, "geometry": { "type": "Point", "coordinates": [ -76.624370916102976, 39.292800670561952 ] } },
{ "type": "Feature", "properties": { "surname": "Wright", "given": "Charles", "occupation": "labourer", "street_raw": "Apple alley", "cross_street": "Fleet st", "bearing": "n", "side": "w", "street_matched": "BETHEL", "confidence": "block_face" }, "geometry": { "type": "Point", "coordinates": [ -76.594497454013208, 39.284918523017112 ] } },
{ "type": "Feature", "properties": { "surname": "Wright", "given": "John", "occupation": "porter", "street_raw": "Conway st", "cross_street": "Howard", "bearing": "w", "side": "", "street_matched": "CONWAY", "confidence": "block_face" }, "geometry": { "type": "Point", "coordinates": [ -76.61912598230596, 39.283978882355328 ] } },
{ "type": "Feature", "properties": { "surname": "Wyatt", "given": "Wm. brickmaker", "occupation": "", "street_raw": "Spring st", "cross_street": "Gough", "bearing": "n", "side": "", "street_matched": "SPRING", "confidence": "block_face" }, "geometry": { "type": "Point", "coordinates": [ -76.597700400585552, 39.287924797263237 ] } },
{ "type": "Feature", "properties": { "surname": "Wye", "given": "John", "occupation": "", "street_raw": "Jasper st", "cross_street": "Ross", "bearing": "s", "side": "", "street_matched": "JASPER", "confidence": "block_face" }, "geometry": { "type": "Point", "coordinates": [ -76.622069211418818, 39.296541668883869 ] } }
]
}
