{
"type": "FeatureCollection",
"name": "people_1845_geocoded",
"crs": { "type": "name", "properties": { "name": "urn:ogc:def:crs:OGC:1.3:CRS84" } },
"features": [
{ "type": "Feature", "properties": { "surname": "ACKWOOD", "given": "VVm", "occupation": "sawyer", "house_no": 13, "street_raw": "Lerew's alley", "street_matched": "TYSON", "side": "", "confidence": "street_proportional", "anchors_on_street": 0 }, "geometry": { "type": "Point", "coordinates": [ -76.619372002435526, 39.300452787757187 ] } },
{ "type": "Feature", "properties": { "surname": "Adams", "given": "Maria", "occupation": "washer, 184 Apple alley. > Adam, laborer", "house_no": 12, "street_raw": "Short st", "street_matched": "SHORT", "side": "", "confidence": "street_proportional", "anchors_on_street": 0 }, "geometry": { "type": "Point", "coordinates": [ -76.597838689726913, 39.295878822992286 ] } },
{ "type": "Feature", "properties": { "surname": "John", "given": "laborer", "occupation": "", "house_no": 22, "street_raw": "Marion st", "street_matched": "MARION", "side": "", "confidence": "street_proportional", "anchors_on_street": 0 }, "geometry": { "type": "Point", "coordinates": [ -76.620841517718915, 39.290914912039653 ] } },
{ "type": "Feature", "properties": { "surname": "John", "given": "waiter", "occupation": "", "house_no": 130, "street_raw": "St. Paul st", "street_matched": "PAUL", "side": "", "confidence": "street_proportional", "anchors_on_street": 0 }, "geometry": { "type": "Point", "coordinates": [ -76.613804508205959, 39.29626756115784 ] } },
{ "type": "Feature", "properties": { "surname": "Allanny", "given": "Peter", "occupation": "laborer", "house_no": 117, "street_raw": "S. Sharp st", "street_matched": "SHARP, (S)", "side": "left", "confidence": "extrapolated", "anchors_on_street": 5 }, "geometry": { "type": "Point", "coordinates": [ -76.617515642871879, 39.280923535799914 ] } },
{ "type": "Feature", "properties": { "surname": "Allen", "given": "Nathan", "occupation": "seaman", "house_no": 23, "street_raw": "Perry st", "street_matched": "PERRY", "side": "", "confidence": "street_proportional", "anchors_on_street": 0 }, "geometry": { "type": "Point", "coordinates": [ -76.614201742299997, 39.284965735040366 ] } },
{ "type": "Feature", "properties": { "surname": "Sarah", "given": "washer", "occupation": "", "house_no": 21, "street_raw": "Jasper st", "street_matched": "JASPER", "side": "", "confidence": "street_proportional", "anchors_on_street": 0 }, "geometry": { "type": "Point", "coordinates": [ -76.622060146029696, 39.296400925720313 ] } },
{ "type": "Feature", "properties": { "surname": "Sarah", "given": "washer", "occupation": "", "house_no": 295, "street_raw": "Forrest st", "street_matched": "FORREST", "side": "", "confidence": "street_proportional", "anchors_on_street": 0 }, "geometry": { "type": "Point", "coordinates": [ -76.607277486714324, 39.298391546611207 ] } },
{ "type": "Feature", "properties": { "surname": "Nathaniel", "given": "waiter", "occupation": "", "house_no": 74, "street_raw": "Park st", "street_matched": "PARK", "side": "left", "confidence": "bracketed", "anchors_on_street": 9 }, "geometry": { "type": "Point", "coordinates": [ -76.618225245623734, 39.294485350157927 ] } },
{ "type": "Feature", "properties": { "surname": "Jeremiah", "given": "drayman", "occupation": "", "house_no": 19, "street_raw": "Marion st", "street_matched": "MARION", "side": "", "confidence": "street_proportional", "anchors_on_street": 0 }, "geometry": { "type": "Point", "coordinates": [ -76.620347559740424, 39.290930954276348 ] } },
{ "type": "Feature", "properties": { "surname": "Ambey", "given": "Benjamin", "occupation": "sawyer", "house_no": 171, "street_raw": "Apple alley", "street_matched": "BETHEL, (S)", "side": "left", "confidence": "bracketed", "anchors_on_street": 9 }, "geometry": { "type": "Point", "coordinates": [ -76.594420048242469, 39.284980911701197 ] } },
{ "type": "Feature", "properties": { "surname": "Emanuel", "given": "laborer", "occupation": "", "house_no": 239, "street_raw": "E. Baltimore st", "street_matched": "BALTIMORE, (W)", "side": "left", "confidence": "bracketed", "anchors_on_street": 19 }, "geometry": { "type": "Point", "coordinates": [ -76.64251748745491, 39.288362991348734 ] } },
{ "type": "Feature", "properties": { "surname": "John", "given": "carter", "occupation": "136 Low st. — — Adam, carter", "house_no": 142, "street_raw": "Low st", "street_matched": "LOW", "side": "", "confidence": "street_proportional", "anchors_on_street": 0 }, "geometry": { "type": "Point", "coordinates": [ -76.607009507825751, 39.292639831537734 ] } },
{ "type": "Feature", "properties": { "surname": "John", "given": "laborer", "occupation": "", "house_no": 114, "street_raw": "E. Madison st", "street_matched": "MADISON (E)", "side": "left", "confidence": "bracketed", "anchors_on_street": 16 }, "geometry": { "type": "Point", "coordinates": [ -76.605418476973682, 39.298982145179131 ] } },
{ "type": "Feature", "properties": { "surname": "Henry", "given": "cooper", "occupation": "", "house_no": 3, "street_raw": "Peach alley", "street_matched": "PEACH", "side": "", "confidence": "street_proportional", "anchors_on_street": 0 }, "geometry": { "type": "Point", "coordinates": [ -76.619520738598823, 39.275015698678963 ] } },
{ "type": "Feature", "properties": { "surname": "Henry", "given": "blacksmith", "occupation": "", "house_no": 15, "street_raw": "Jefferson st", "street_matched": "JEFFERSON", "side": "", "confidence": "street_proportional", "anchors_on_street": 0 }, "geometry": { "type": "Point", "coordinates": [ -76.601802893330941, 39.295922314829127 ] } },
{ "type": "Feature", "properties": { "surname": "Annison", "given": "Samuel", "occupation": "seaman", "house_no": 26, "street_raw": "Apple alley", "street_matched": "BETHEL, (S)", "side": "left", "confidence": "bracketed", "anchors_on_street": 9 }, "geometry": { "type": "Point", "coordinates": [ -76.594825693396103, 39.290612928021893 ] } },
{ "type": "Feature", "properties": { "surname": "Anthony", "given": "Samuel", "occupation": "sawyer", "house_no": 83, "street_raw": "Pearl st", "street_matched": "PEARL", "side": "", "confidence": "street_proportional", "anchors_on_street": 0 }, "geometry": { "type": "Point", "coordinates": [ -76.624649860818636, 39.291976792109814 ] } },
{ "type": "Feature", "properties": { "surname": "Daniel", "given": "wagoner", "occupation": "", "house_no": 81, "street_raw": "S. Eden st", "street_matched": "EDEN (S)", "side": "left", "confidence": "single_anchor", "anchors_on_street": 3 }, "geometry": { "type": "Point", "coordinates": [ -76.598675762548382, 39.291379042428993 ] } },
{ "type": "Feature", "properties": { "surname": "James", "given": "laborer", "occupation": "", "house_no": 21, "street_raw": "Ensor st", "street_matched": "ENSOR", "side": "", "confidence": "street_proportional", "anchors_on_street": 0 }, "geometry": { "type": "Point", "coordinates": [ -76.606107036509712, 39.29464447632617 ] } },
{ "type": "Feature", "properties": { "surname": "Arcany", "given": "Ann", "occupation": "washer", "house_no": 14, "street_raw": "Marion st", "street_matched": "MARION", "side": "", "confidence": "street_proportional", "anchors_on_street": 0 }, "geometry": { "type": "Point", "coordinates": [ -76.619524312521293, 39.29095795990375 ] } },
{ "type": "Feature", "properties": { "surname": "Armstrong", "given": "Kennel", "occupation": "laborer", "house_no": 53, "street_raw": "Lancaster st", "street_matched": "LANCASTER", "side": "", "confidence": "street_proportional", "anchors_on_street": 0 }, "geometry": { "type": "Point", "coordinates": [ -76.602577124338396, 39.282206225188936 ] } },
{ "type": "Feature", "properties": { "surname": "Askins", "given": "Thomas", "occupation": "laborer", "house_no": 179, "street_raw": "Apple alley", "street_matched": "BETHEL, (S)", "side": "left", "confidence": "bracketed", "anchors_on_street": 9 }, "geometry": { "type": "Point", "coordinates": [ -76.594399266980432, 39.284641620321167 ] } },
{ "type": "Feature", "properties": { "surname": "Aston", "given": "Blane", "occupation": "stevedore", "house_no": 174, "street_raw": "S. Spring st", "street_matched": "SPRING (S.)", "side": "right", "confidence": "bracketed", "anchors_on_street": 8 }, "geometry": { "type": "Point", "coordinates": [ -76.597503248783653, 39.284806133286168 ] } },
{ "type": "Feature", "properties": { "surname": "Atkinson", "given": "Mary", "occupation": "washer", "house_no": 7, "street_raw": "Jasper st", "street_matched": "JASPER", "side": "", "confidence": "street_proportional", "anchors_on_street": 0 }, "geometry": { "type": "Point", "coordinates": [ -76.622101081773948, 39.297036462198683 ] } },
{ "type": "Feature", "properties": { "surname": "Augusta", "given": "John", "occupation": "barber, 44 East st. . Mary P.", "house_no": 3, "street_raw": "Low st", "street_matched": "LOW", "side": "", "confidence": "street_proportional", "anchors_on_street": 0 }, "geometry": { "type": "Point", "coordinates": [ -76.601836531831282, 39.296645111290353 ] } },
{ "type": "Feature", "properties": { "surname": "Bacon", "given": "Wm", "occupation": "waiter", "house_no": 46, "street_raw": "Dover st", "street_matched": "DOVER", "side": "", "confidence": "street_proportional", "anchors_on_street": 0 }, "geometry": { "type": "Point", "coordinates": [ -76.620061844014231, 39.28591910161866 ] } },
{ "type": "Feature", "properties": { "surname": "Nancy", "given": "washerwoman", "occupation": "", "house_no": 41, "street_raw": "N. Sharp st", "street_matched": "SHARP, (S)", "side": "left", "confidence": "extrapolated", "anchors_on_street": 5 }, "geometry": { "type": "Point", "coordinates": [ -76.617515642871879, 39.280923535799914 ] } },
{ "type": "Feature", "properties": { "surname": "Elijah", "given": "porter", "occupation": "", "house_no": 28, "street_raw": "Wayne st", "street_matched": "WAYNE", "side": "", "confidence": "street_proportional", "anchors_on_street": 0 }, "geometry": { "type": "Point", "coordinates": [ -76.618927129991093, 39.283485067714388 ] } },
{ "type": "Feature", "properties": { "surname": "Benjamin", "given": "laborer", "occupation": "", "house_no": 23, "street_raw": "Biddle alley", "street_matched": "BIDDLE, (W)", "side": "right", "confidence": "bracketed", "anchors_on_street": 11 }, "geometry": { "type": "Point", "coordinates": [ -76.619082031993315, 39.302705455953102 ] } },
{ "type": "Feature", "properties": { "surname": "Bailey", "given": "John B", "occupation": "tavern keeper", "house_no": 11, "street_raw": "Saratoga st", "street_matched": "SARATOGA", "side": "left", "confidence": "extrapolated", "anchors_on_street": 16 }, "geometry": { "type": "Point", "coordinates": [ -76.62388484106431, 39.29281628110099 ] } },
{ "type": "Feature", "properties": { "surname": "Isaac", "given": "carpenter", "occupation": "", "house_no": 60, "street_raw": "Dover st", "street_matched": "DOVER", "side": "", "confidence": "street_proportional", "anchors_on_street": 0 }, "geometry": { "type": "Point", "coordinates": [ -76.621498310220616, 39.285866324921336 ] } },
{ "type": "Feature", "properties": { "surname": "Anthony", "given": "laborer", "occupation": "", "house_no": 48, "street_raw": "Long st", "street_matched": "BALTIMORE, (W)", "side": "left", "confidence": "bracketed", "anchors_on_street": 19 }, "geometry": { "type": "Point", "coordinates": [ -76.64217717998234, 39.288377850134715 ] } },
{ "type": "Feature", "properties": { "surname": "Samuel", "given": "caulker", "occupation": "", "house_no": 30, "street_raw": "Argyle alley", "street_matched": "ARGYLE", "side": "", "confidence": "street_proportional", "anchors_on_street": 0 }, "geometry": { "type": "Point", "coordinates": [ -76.63396654584075, 39.30150982963282 ] } },
{ "type": "Feature", "properties": { "surname": "Willey", "given": "sawyer", "occupation": "170 Happy alley. ■ Frank, sawyer", "house_no": 40, "street_raw": "Guilford alley", "street_matched": "GUILFORD", "side": "", "confidence": "street_proportional", "anchors_on_street": 0 }, "geometry": { "type": "Point", "coordinates": [ -76.611265380409264, 39.294113021374116 ] } },
{ "type": "Feature", "properties": { "surname": "Evan", "given": "laborer", "occupation": "", "house_no": 16, "street_raw": "Biddle alley", "street_matched": "BIDDLE, (W)", "side": "left", "confidence": "extrapolated", "anchors_on_street": 11 }, "geometry": { "type": "Point", "coordinates": [ -76.618871828451617, 39.302881465300267 ] } },
{ "type": "Feature", "properties": { "surname": "Wm.", "given": "laborer", "occupation": "", "house_no": 7, "street_raw": "Chapel alley", "street_matched": "CHAPEL", "side": "", "confidence": "street_proportional", "anchors_on_street": 0 }, "geometry": { "type": "Point", "coordinates": [ -76.59018146531912, 39.297539203218591 ] } },
{ "type": "Feature", "properties": { "surname": "Lucy", "given": "washerwoman", "occupation": "", "house_no": 117, "street_raw": "Tyson st", "street_matched": "TYSON", "side": "", "confidence": "street_proportional", "anchors_on_street": 0 }, "geometry": { "type": "Point", "coordinates": [ -76.619223070492254, 39.298148123944976 ] } },
{ "type": "Feature", "properties": { "surname": "Baker", "given": "Perry", "occupation": "gardener", "house_no": 9, "street_raw": "Sarah Ann st", "street_matched": "SARAH ANN", "side": "", "confidence": "street_proportional", "anchors_on_street": 0 }, "geometry": { "type": "Point", "coordinates": [ -76.624721097892134, 39.293260496551163 ] } },
{ "type": "Feature", "properties": { "surname": "Elizabeth", "given": "washerwoman", "occupation": "", "house_no": 68, "street_raw": "N. Canal st", "street_matched": "CANAL", "side": "", "confidence": "street_proportional", "anchors_on_street": 0 }, "geometry": { "type": "Point", "coordinates": [ -76.595893817593634, 39.296936137136029 ] } },
{ "type": "Feature", "properties": { "surname": "Isaac", "given": "laborer", "occupation": "", "house_no": 43, "street_raw": "Biddle alley", "street_matched": "BIDDLE, (W)", "side": "right", "confidence": "bracketed", "anchors_on_street": 11 }, "geometry": { "type": "Point", "coordinates": [ -76.6195967297012, 39.302274488183187 ] } },
{ "type": "Feature", "properties": { "surname": "Baldwin", "given": "John", "occupation": "porter", "house_no": 71, "street_raw": "Dover st", "street_matched": "DOVER", "side": "", "confidence": "street_proportional", "anchors_on_street": 0 }, "geometry": { "type": "Point", "coordinates": [ -76.622595972763207, 39.285744907505489 ] } },
{ "type": "Feature", "properties": { "surname": "Ballard", "given": "Benjamin", "occupation": "carter", "house_no": 138, "street_raw": "Low st", "street_matched": "LOW", "side": "", "confidence": "street_proportional", "anchors_on_street": 0 }, "geometry": { "type": "Point", "coordinates": [ -76.606860647659445, 39.292755090183164 ] } },
{ "type": "Feature", "properties": { "surname": "Robert", "given": "whip sawyer", "occupation": "", "house_no": 47, "street_raw": "N. Strawberry al", "street_matched": "DALLAS (N)", "side": "left", "confidence": "bracketed", "anchors_on_street": 4 }, "geometry": { "type": "Point", "coordinates": [ -76.596564504595065, 39.294115313986936 ] } },
{ "type": "Feature", "properties": { "surname": "Ballet", "given": "Robert", "occupation": "laborer", "house_no": 16, "street_raw": "W^illiamson alley", "street_matched": "WILLIAMSON", "side": "", "confidence": "street_proportional", "anchors_on_street": 0 }, "geometry": { "type": "Point", "coordinates": [ -76.612588816155295, 39.278544128138627 ] } },
{ "type": "Feature", "properties": { "surname": "James", "given": "brickmaker", "occupation": "", "house_no": 79, "street_raw": "Cross st", "street_matched": "CROSS", "side": "", "confidence": "street_proportional", "anchors_on_street": 0 }, "geometry": { "type": "Point", "coordinates": [ -76.630805330595692, 39.281620877814717 ] } },
{ "type": "Feature", "properties": { "surname": "Jerry", "given": "laborer", "occupation": "", "house_no": 27, "street_raw": "Argyle alley", "street_matched": "ARGYLE", "side": "", "confidence": "street_proportional", "anchors_on_street": 0 }, "geometry": { "type": "Point", "coordinates": [ -76.63458902660787, 39.302012945763515 ] } },
{ "type": "Feature", "properties": { "surname": "Henry", "given": "laborer", "occupation": "", "house_no": 388, "street_raw": "S. Charles st", "street_matched": "CHARLES (S.)", "side": "left", "confidence": "extrapolated", "anchors_on_street": 12 }, "geometry": { "type": "Point", "coordinates": [ -76.614310207870872, 39.275748935788791 ] } },
{ "type": "Feature", "properties": { "surname": "Barger", "given": "Peter", "occupation": "seaman", "house_no": 50, "street_raw": "Lewis st", "street_matched": "LEWIS", "side": "", "confidence": "street_proportional", "anchors_on_street": 0 }, "geometry": { "type": "Point", "coordinates": [ -76.600351855142065, 39.296197853787469 ] } },
{ "type": "Feature", "properties": { "surname": "Barker", "given": "Nathan", "occupation": "boot black", "house_no": 132, "street_raw": "Montgomery st", "street_matched": "MONTGOMERY", "side": "left", "confidence": "extrapolated", "anchors_on_street": 7 }, "geometry": { "type": "Point", "coordinates": [ -76.60985412508326, 39.280059233318184 ] } },
{ "type": "Feature", "properties": { "surname": "Samuel", "given": "laborer", "occupation": "", "house_no": 67, "street_raw": "Lewis st", "street_matched": "LEWIS", "side": "", "confidence": "street_proportional", "anchors_on_street": 0 }, "geometry": { "type": "Point", "coordinates": [ -76.600396180318469, 39.296889322905351 ] } },
{ "type": "Feature", "properties": { "surname": "Barnes", "given": "Lucy", "occupation": "washerwoman", "house_no": 13, "street_raw": "Peach alley", "street_matched": "PEACH", "side": "", "confidence": "street_proportional", "anchors_on_street": 0 }, "geometry": { "type": "Point", "coordinates": [ -76.617773301764714, 39.2787373470346 ] } },
{ "type": "Feature", "properties": { "surname": "James", "given": "laborer", "occupation": "", "house_no": 2, "street_raw": "Forrest St", "street_matched": "FORREST", "side": "", "confidence": "street_proportional", "anchors_on_street": 0 }, "geometry": { "type": "Point", "coordinates": [ -76.608050169641459, 39.301305117144189 ] } },
{ "type": "Feature", "properties": { "surname": "Lloyd", "given": "mariner", "occupation": "173 Happy alley, W^m., caulker", "house_no": 173, "street_raw": "Happy alley", "street_matched": "DURHAM (S)", "side": "left", "confidence": "bracketed", "anchors_on_street": 9 }, "geometry": { "type": "Point", "coordinates": [ -76.59079895177544, 39.28697662754653 ] } },
{ "type": "Feature", "properties": { "surname": "John", "given": "E", "occupation": "millwright", "house_no": 224, "street_raw": "Hanover st", "street_matched": "HANOVER", "side": "left", "confidence": "bracketed", "anchors_on_street": 12 }, "geometry": { "type": "Point", "coordinates": [ -76.61578731350302, 39.280397691809995 ] } },
{ "type": "Feature", "properties": { "surname": "Barnet", "given": "Frisby", "occupation": "laborer", "house_no": 159, "street_raw": "Ensor st", "street_matched": "ENSOR", "side": "", "confidence": "street_proportional", "anchors_on_street": 0 }, "geometry": { "type": "Point", "coordinates": [ -76.603615983854368, 39.304847509597217 ] } },
{ "type": "Feature", "properties": { "surname": "Philip", "given": "caulker", "occupation": "", "house_no": 244, "street_raw": "Happy alley", "street_matched": "DURHAM (S)", "side": "right", "confidence": "bracketed", "anchors_on_street": 9 }, "geometry": { "type": "Point", "coordinates": [ -76.590628797004001, 39.284646680425539 ] } },
{ "type": "Feature", "properties": { "surname": "John", "given": "stevedore", "occupation": "", "house_no": 99, "street_raw": "Salisbury st", "street_matched": "SALISBURY", "side": "", "confidence": "street_proportional", "anchors_on_street": 0 }, "geometry": { "type": "Point", "coordinates": [ -76.603075323569598, 39.289396770448349 ] } },
{ "type": "Feature", "properties": { "surname": "Mary", "given": "Ann", "occupation": "washerwoman", "house_no": 38, "street_raw": "Perry st", "street_matched": "PERRY", "side": "", "confidence": "street_proportional", "anchors_on_street": 0 }, "geometry": { "type": "Point", "coordinates": [ -76.61548767600118, 39.284911709131102 ] } },
{ "type": "Feature", "properties": { "surname": "Nancy", "given": "washerwoman", "occupation": "", "house_no": 101, "street_raw": "Hill st", "street_matched": "HILL", "side": "left", "confidence": "bracketed", "anchors_on_street": 5 }, "geometry": { "type": "Point", "coordinates": [ -76.616992458856501, 39.280938384221081 ] } },
{ "type": "Feature", "properties": { "surname": "Barney", "given": "James", "occupation": "brickmaker", "house_no": 1, "street_raw": "Johnson st", "street_matched": "JOHNSON", "side": "", "confidence": "street_proportional", "anchors_on_street": 0 }, "geometry": { "type": "Point", "coordinates": [ -76.609426234564992, 39.27174816508402 ] } },
{ "type": "Feature", "properties": { "surname": "Barret", "given": "James", "occupation": "laborer", "house_no": 63, "street_raw": "Salisbury st", "street_matched": "SALISBURY", "side": "", "confidence": "street_proportional", "anchors_on_street": 0 }, "geometry": { "type": "Point", "coordinates": [ -76.602422219096525, 39.289632271862928 ] } },
{ "type": "Feature", "properties": { "surname": "Elizabeth", "given": "washerwoman", "occupation": "", "house_no": 220, "street_raw": "German st", "street_matched": "PRATT, (W)", "side": "left", "confidence": "bracketed", "anchors_on_street": 22 }, "geometry": { "type": "Point", "coordinates": [ -76.617199230086811, 39.286397613823169 ] } },
{ "type": "Feature", "properties": { "surname": "Barrick", "given": "Amelia", "occupation": "washerwoman", "house_no": 70, "street_raw": "Lewis st", "street_matched": "LEWIS", "side": "", "confidence": "street_proportional", "anchors_on_street": 0 }, "geometry": { "type": "Point", "coordinates": [ -76.600404002498124, 39.297011346850667 ] } },
{ "type": "Feature", "properties": { "surname": "Batson", "given": "Wm", "occupation": "laborer", "house_no": 200, "street_raw": "Happy alley", "street_matched": "DURHAM (S)", "side": "left", "confidence": "bracketed", "anchors_on_street": 9 }, "geometry": { "type": "Point", "coordinates": [ -76.590735180086085, 39.286040854668727 ] } },
{ "type": "Feature", "properties": { "surname": "Battis", "given": "Jane", "occupation": "washerwoman", "house_no": 6, "street_raw": "Biddle alley", "street_matched": "BIDDLE, (W)", "side": "left", "confidence": "extrapolated", "anchors_on_street": 11 }, "geometry": { "type": "Point", "coordinates": [ -76.618552647551454, 39.30314872350317 ] } },
{ "type": "Feature", "properties": { "surname": "Bell", "given": "Hanson", "occupation": "waiter", "house_no": 43, "street_raw": "State st", "street_matched": "STATE", "side": "", "confidence": "street_proportional", "anchors_on_street": 0 }, "geometry": { "type": "Point", "coordinates": [ -76.620275115505905, 39.292930957062545 ] } },
{ "type": "Feature", "properties": { "surname": "Julia", "given": "huckster", "occupation": "", "house_no": 45, "street_raw": "State st", "street_matched": "STATE", "side": "", "confidence": "street_proportional", "anchors_on_street": 0 }, "geometry": { "type": "Point", "coordinates": [ -76.620269463913914, 39.292837682597622 ] } },
{ "type": "Feature", "properties": { "surname": "Bell", "given": "James", "occupation": "laborer", "house_no": 38, "street_raw": "Forrest st", "street_matched": "FORREST", "side": "", "confidence": "street_proportional", "anchors_on_street": 0 }, "geometry": { "type": "Point", "coordinates": [ -76.607955841933077, 39.300947038290929 ] } },
{ "type": "Feature", "properties": { "surname": "John", "given": "laborer", "occupation": "", "house_no": 55, "street_raw": "N. Canal st", "street_matched": "CANAL", "side": "", "confidence": "street_proportional", "anchors_on_street": 0 }, "geometry": { "type": "Point", "coordinates": [ -76.595979060216536, 39.296933209295865 ] } },
{ "type": "Feature", "properties": { "surname": "Benjamin", "given": "Lewis", "occupation": "coachman", "house_no": 48, "street_raw": "Vine st", "street_matched": "VINE", "side": "", "confidence": "street_proportional", "anchors_on_street": 0 }, "geometry": { "type": "Point", "coordinates": [ -76.632214575610831, 39.290484887311337 ] } },
{ "type": "Feature", "properties": { "surname": "Douglass", "given": "baker", "occupation": "", "house_no": 23, "street_raw": "Perry st", "street_matched": "PERRY", "side": "", "confidence": "street_proportional", "anchors_on_street": 0 }, "geometry": { "type": "Point", "coordinates": [ -76.614201742299997, 39.284965735040366 ] } },
{ "type": "Feature", "properties": { "surname": "Robert", "given": "seaman", "occupation": "", "house_no": 122, "street_raw": "Ensor st", "street_matched": "ENSOR", "side": "", "confidence": "street_proportional", "anchors_on_street": 0 }, "geometry": { "type": "Point", "coordinates": [ -76.603446514078257, 39.302001369292263 ] } },
{ "type": "Feature", "properties": { "surname": "Benson", "given": "John", "occupation": "waiter", "house_no": 12, "street_raw": "Short alley", "street_matched": "SHORT", "side": "", "confidence": "street_proportional", "anchors_on_street": 0 }, "geometry": { "type": "Point", "coordinates": [ -76.597838689726913, 39.295878822992286 ] } },
{ "type": "Feature", "properties": { "surname": "Gilbert", "given": "laborer", "occupation": "", "house_no": 69, "street_raw": "Stirling st", "street_matched": "STIRLING", "side": "", "confidence": "street_proportional", "anchors_on_street": 0 }, "geometry": { "type": "Point", "coordinates": [ -76.602727873832649, 39.301573598396544 ] } },
{ "type": "Feature", "properties": { "surname": "Berry", "given": "Harriet", "occupation": "", "house_no": 103, "street_raw": "Pine st", "street_matched": "PINE, (N)", "side": "left", "confidence": "bracketed", "anchors_on_street": 10 }, "geometry": { "type": "Point", "coordinates": [ -76.627165624541917, 39.293567035986435 ] } },
{ "type": "Feature", "properties": { "surname": "Edward", "given": "carter", "occupation": "", "house_no": 12, "street_raw": "N. Gay st", "street_matched": "GAY, (N)", "side": "left", "confidence": "single_anchor", "anchors_on_street": 9 }, "geometry": { "type": "Point", "coordinates": [ -76.601308965441916, 39.298082117436834 ] } },
{ "type": "Feature", "properties": { "surname": "Eliza", "given": "washerwoman", "occupation": "", "house_no": 161, "street_raw": "S. Strawberry al", "street_matched": "DALLAS (S)", "side": "left", "confidence": "bracketed", "anchors_on_street": 9 }, "geometry": { "type": "Point", "coordinates": [ -76.596090360511269, 39.286274450960519 ] } },
{ "type": "Feature", "properties": { "surname": "Elizabeth", "given": "washerwoman", "occupation": "", "house_no": 9, "street_raw": "N. Sharp st", "street_matched": "SHARP, (S)", "side": "left", "confidence": "extrapolated", "anchors_on_street": 5 }, "geometry": { "type": "Point", "coordinates": [ -76.617515642871879, 39.280923535799914 ] } },
{ "type": "Feature", "properties": { "surname": "Bias", "given": "John", "occupation": "laborer", "house_no": 29, "street_raw": "Biddle alley", "street_matched": "BIDDLE, (W)", "side": "right", "confidence": "bracketed", "anchors_on_street": 11 }, "geometry": { "type": "Point", "coordinates": [ -76.619236441727253, 39.3025761656952 ] } },
{ "type": "Feature", "properties": { "surname": "John", "given": "H", "occupation": "steward", "house_no": 197, "street_raw": "Happy alley", "street_matched": "DURHAM (S)", "side": "left", "confidence": "bracketed", "anchors_on_street": 9 }, "geometry": { "type": "Point", "coordinates": [ -76.59074233171404, 39.286143111039912 ] } },
{ "type": "Feature", "properties": { "surname": "Blair", "given": "Henry", "occupation": "waiter", "house_no": 41, "street_raw": "State st", "street_matched": "STATE", "side": "", "confidence": "street_proportional", "anchors_on_street": 0 }, "geometry": { "type": "Point", "coordinates": [ -76.620280767112746, 39.293024231524598 ] } },
{ "type": "Feature", "properties": { "surname": "Blake", "given": "Emily", "occupation": "washerwoman", "house_no": 1, "street_raw": "Forrest st", "street_matched": "FORREST", "side": "", "confidence": "street_proportional", "anchors_on_street": 0 }, "geometry": { "type": "Point", "coordinates": [ -76.608052789869163, 39.301315063777345 ] } },
{ "type": "Feature", "properties": { "surname": "John", "given": "carter", "occupation": "", "house_no": 5, "street_raw": "S. Spring st", "street_matched": "SPRING (S.)", "side": "left", "confidence": "extrapolated", "anchors_on_street": 8 }, "geometry": { "type": "Point", "coordinates": [ -76.597876758885391, 39.290714569440347 ] } },
{ "type": "Feature", "properties": { "surname": "Levin", "given": "porter", "occupation": "", "house_no": 163, "street_raw": "S. Spring st", "street_matched": "SPRING (S.)", "side": "left", "confidence": "bracketed", "anchors_on_street": 8 }, "geometry": { "type": "Point", "coordinates": [ -76.597555741335086, 39.285636495759917 ] } },
{ "type": "Feature", "properties": { "surname": "George", "given": "laborer", "occupation": "49 S. Strawberry alley. ■ Jacob, laborer, 32 Short st. — — George, sawyer", "house_no": 6, "street_raw": "N. Strawberry alley", "street_matched": "DALLAS (N)", "side": "left", "confidence": "bracketed", "anchors_on_street": 4 }, "geometry": { "type": "Point", "coordinates": [ -76.596417789904734, 39.291689078373878 ] } },
{ "type": "Feature", "properties": { "surname": "Levin", "given": "laborer", "occupation": "", "house_no": 72, "street_raw": "N. Strawberry alley", "street_matched": "DALLAS (N)", "side": "right", "confidence": "bracketed", "anchors_on_street": 4 }, "geometry": { "type": "Point", "coordinates": [ -76.596587266268259, 39.294491717780723 ] } },
{ "type": "Feature", "properties": { "surname": "Emory", "given": "laborer", "occupation": "", "house_no": 142, "street_raw": "Ensor st", "street_matched": "ENSOR", "side": "", "confidence": "street_proportional", "anchors_on_street": 0 }, "geometry": { "type": "Point", "coordinates": [ -76.603538119194553, 39.303539823791048 ] } },
{ "type": "Feature", "properties": { "surname": "Blackston", "given": "Wm", "occupation": "laborer", "house_no": 42, "street_raw": "Douglass st", "street_matched": "LEXINGTON", "side": "left", "confidence": "extrapolated", "anchors_on_street": 21 }, "geometry": { "type": "Point", "coordinates": [ -76.615245353193259, 39.291065717826946 ] } },
{ "type": "Feature", "properties": { "surname": "Bohorn", "given": "Henry", "occupation": "laborer", "house_no": 266, "street_raw": "Light st", "street_matched": "LIGHT-ST. WHF", "side": "right", "confidence": "extrapolated", "anchors_on_street": 4 }, "geometry": { "type": "Point", "coordinates": [ -76.612657663534307, 39.27948595951122 ] } },
{ "type": "Feature", "properties": { "surname": "Bond", "given": "James", "occupation": "seaman", "house_no": 31, "street_raw": "Forrest st", "street_matched": "FORREST", "side": "", "confidence": "street_proportional", "anchors_on_street": 0 }, "geometry": { "type": "Point", "coordinates": [ -76.607974183357328, 39.301016664743564 ] } },
{ "type": "Feature", "properties": { "surname": "Margaret", "given": "washerwoman", "occupation": "", "house_no": 40, "street_raw": "N. Sharp st", "street_matched": "SHARP, (S)", "side": "left", "confidence": "extrapolated", "anchors_on_street": 5 }, "geometry": { "type": "Point", "coordinates": [ -76.617515642871879, 39.280923535799914 ] } },
{ "type": "Feature", "properties": { "surname": "Henrietta", "given": "washerwoman", "occupation": "", "house_no": 136, "street_raw": "Stirling st", "street_matched": "STIRLING", "side": "", "confidence": "street_proportional", "anchors_on_street": 0 }, "geometry": { "type": "Point", "coordinates": [ -76.602785106405108, 39.300476727806377 ] } },
{ "type": "Feature", "properties": { "surname": "Samuel", "given": "porter", "occupation": "", "house_no": 26, "street_raw": "Dover st", "street_matched": "DOVER", "side": "", "confidence": "street_proportional", "anchors_on_street": 0 }, "geometry": { "type": "Point", "coordinates": [ -76.618009747427877, 39.285994494399674 ] } },
{ "type": "Feature", "properties": { "surname": "Maria", "given": "whitewasher", "occupation": "", "house_no": 8, "street_raw": "Marion st", "street_matched": "MARION", "side": "", "confidence": "street_proportional", "anchors_on_street": 0 }, "geometry": { "type": "Point", "coordinates": [ -76.618536893379613, 39.290998245305211 ] } },
{ "type": "Feature", "properties": { "surname": "Boon", "given": "Thomas", "occupation": "laborer", "house_no": 142, "street_raw": "Hill st", "street_matched": "HILL", "side": "left", "confidence": "bracketed", "anchors_on_street": 5 }, "geometry": { "type": "Point", "coordinates": [ -76.61875705022122, 39.280884109058064 ] } },
{ "type": "Feature", "properties": { "surname": "Booth", "given": "Caroline", "occupation": "washerwoman", "house_no": 93, "street_raw": "Pearl st", "street_matched": "PEARL", "side": "", "confidence": "street_proportional", "anchors_on_street": 0 }, "geometry": { "type": "Point", "coordinates": [ -76.624747903249258, 39.293743522981011 ] } },
{ "type": "Feature", "properties": { "surname": "Rebecca", "given": "cook", "occupation": "", "house_no": 60, "street_raw": "Lewis st", "street_matched": "LEWIS", "side": "", "confidence": "street_proportional", "anchors_on_street": 0 }, "geometry": { "type": "Point", "coordinates": [ -76.600377928670582, 39.296604600346797 ] } },
{ "type": "Feature", "properties": { "surname": "Elisha", "given": "carter", "occupation": "", "house_no": 140, "street_raw": "Montgomery st", "street_matched": "MONTGOMERY", "side": "left", "confidence": "extrapolated", "anchors_on_street": 7 }, "geometry": { "type": "Point", "coordinates": [ -76.610014841889992, 39.280053015573607 ] } },
{ "type": "Feature", "properties": { "surname": "Henrietta", "given": "washer", "occupation": "", "house_no": 21, "street_raw": "Perry st", "street_matched": "PERRY", "side": "", "confidence": "street_proportional", "anchors_on_street": 0 }, "geometry": { "type": "Point", "coordinates": [ -76.614030305948944, 39.284973246650679 ] } },
{ "type": "Feature", "properties": { "surname": "Bordley", "given": "Stephen", "occupation": "drayman", "house_no": 1, "street_raw": "Peach alley", "street_matched": "PEACH", "side": "", "confidence": "street_proportional", "anchors_on_street": 0 }, "geometry": { "type": "Point", "coordinates": [ -76.619667052180262, 39.274247894382121 ] } },
{ "type": "Feature", "properties": { "surname": "Anthony", "given": "porter", "occupation": "", "house_no": 34, "street_raw": "Vine st", "street_matched": "VINE", "side": "", "confidence": "street_proportional", "anchors_on_street": 0 }, "geometry": { "type": "Point", "coordinates": [ -76.62976989105691, 39.290579999931623 ] } },
{ "type": "Feature", "properties": { "surname": "Perry", "given": "laborer", "occupation": "", "house_no": 141, "street_raw": "Mulberry st", "street_matched": "MULBERRY", "side": "", "confidence": "street_proportional", "anchors_on_street": 0 }, "geometry": { "type": "Point", "coordinates": [ -76.641269493711746, 39.293085569119583 ] } },
{ "type": "Feature", "properties": { "surname": "Bosley", "given": "Margaret", "occupation": "washerwoman", "house_no": 190, "street_raw": "E. Monument St", "street_matched": "MONUMENT (E)", "side": "left", "confidence": "bracketed", "anchors_on_street": 15 }, "geometry": { "type": "Point", "coordinates": [ -76.602710615394983, 39.298026527261406 ] } },
{ "type": "Feature", "properties": { "surname": "Boston", "given": "George", "occupation": "laborer, 28 Rock st. . Daniel, tavern, 172 S. Caroline st. . Robert, copper roller", "house_no": 108, "street_raw": "York st", "street_matched": "YORK", "side": "", "confidence": "street_proportional", "anchors_on_street": 0 }, "geometry": { "type": "Point", "coordinates": [ -76.611889167142081, 39.28145697666784 ] } },
{ "type": "Feature", "properties": { "surname": "Peter", "given": "laborer", "occupation": "", "house_no": 121, "street_raw": "York st", "street_matched": "YORK", "side": "", "confidence": "street_proportional", "anchors_on_street": 0 }, "geometry": { "type": "Point", "coordinates": [ -76.613285239999968, 39.281404234511697 ] } },
{ "type": "Feature", "properties": { "surname": "Daniel", "given": "porter", "occupation": "", "house_no": 209, "street_raw": "S. Charles st", "street_matched": "CHARLES (S.)", "side": "left", "confidence": "bracketed", "anchors_on_street": 12 }, "geometry": { "type": "Point", "coordinates": [ -76.614666189322875, 39.281123192036432 ] } },
{ "type": "Feature", "properties": { "surname": "Boston", "given": "John", "occupation": "porter", "house_no": 72, "street_raw": "S. Strawberry alley", "street_matched": "DALLAS (S)", "side": "left", "confidence": "bracketed", "anchors_on_street": 9 }, "geometry": { "type": "Point", "coordinates": [ -76.596275415319099, 39.289334664458863 ] } },
{ "type": "Feature", "properties": { "surname": "Bowen", "given": "Ephraim", "occupation": "drayman", "house_no": 74, "street_raw": "N. Canal st", "street_matched": "CANAL", "side": "", "confidence": "street_proportional", "anchors_on_street": 0 }, "geometry": { "type": "Point", "coordinates": [ -76.595854474842213, 39.296937488426003 ] } },
{ "type": "Feature", "properties": { "surname": "Isaac", "given": "laborer", "occupation": "", "house_no": 141, "street_raw": "Hillen st", "street_matched": "HILLEN", "side": "left", "confidence": "extrapolated", "anchors_on_street": 3 }, "geometry": { "type": "Point", "coordinates": [ -76.605230366392007, 39.297049545880746 ] } },
{ "type": "Feature", "properties": { "surname": "Bowers", "given": "James", "occupation": "sawyer", "house_no": 11, "street_raw": "Welcome alley", "street_matched": "WELCOME", "side": "", "confidence": "street_proportional", "anchors_on_street": 0 }, "geometry": { "type": "Point", "coordinates": [ -76.613889153267351, 39.282712880384999 ] } },
{ "type": "Feature", "properties": { "surname": "Nathan", "given": "sawyer", "occupation": "", "house_no": 17, "street_raw": "Perry st", "street_matched": "PERRY", "side": "", "confidence": "street_proportional", "anchors_on_street": 0 }, "geometry": { "type": "Point", "coordinates": [ -76.613687433137912, 39.284988269120596 ] } },
{ "type": "Feature", "properties": { "surname": "Charles", "given": "porter", "occupation": "", "house_no": 35, "street_raw": "State st", "street_matched": "STATE", "side": "", "confidence": "street_proportional", "anchors_on_street": 0 }, "geometry": { "type": "Point", "coordinates": [ -76.620297722022471, 39.293304054893525 ] } },
{ "type": "Feature", "properties": { "surname": "Bowie", "given": "Solomon", "occupation": "laborer", "house_no": 245, "street_raw": "S. Charles st", "street_matched": "CHARLES (S.)", "side": "left", "confidence": "bracketed", "anchors_on_street": 12 }, "geometry": { "type": "Point", "coordinates": [ -76.614584842322714, 39.27989508277404 ] } },
{ "type": "Feature", "properties": { "surname": "Bowly", "given": "Samuel", "occupation": "carter", "house_no": 83, "street_raw": "S. Eden st", "street_matched": "EDEN (S)", "side": "left", "confidence": "single_anchor", "anchors_on_street": 3 }, "geometry": { "type": "Point", "coordinates": [ -76.598675762548382, 39.291379042428993 ] } },
{ "type": "Feature", "properties": { "surname": "Gabriel", "given": "drayman", "occupation": "", "house_no": 131, "street_raw": "Montgomery st", "street_matched": "MONTGOMERY", "side": "left", "confidence": "extrapolated", "anchors_on_street": 7 }, "geometry": { "type": "Point", "coordinates": [ -76.60985412508326, 39.280059233318184 ] } },
{ "type": "Feature", "properties": { "surname": "Bowman", "given": "Jacob", "occupation": "laborer", "house_no": 47, "street_raw": "Biddle alley", "street_matched": "BIDDLE, (W)", "side": "right", "confidence": "bracketed", "anchors_on_street": 11 }, "geometry": { "type": "Point", "coordinates": [ -76.619699669113402, 39.302188294799791 ] } },
{ "type": "Feature", "properties": { "surname": "Samuel", "given": "whip sawyer", "occupation": "", "house_no": 171, "street_raw": "Happy alley", "street_matched": "DURHAM (S)", "side": "left", "confidence": "bracketed", "anchors_on_street": 9 }, "geometry": { "type": "Point", "coordinates": [ -76.59080355001953, 39.287049217200703 ] } },
{ "type": "Feature", "properties": { "surname": "Bowser", "given": "Lydia", "occupation": "cook", "house_no": 10, "street_raw": "Park st", "street_matched": "PARK", "side": "left", "confidence": "bracketed", "anchors_on_street": 9 }, "geometry": { "type": "Point", "coordinates": [ -76.61796613414532, 39.290265282588912 ] } },
{ "type": "Feature", "properties": { "surname": "Rachael", "given": "washerwoman", "occupation": "", "house_no": 174, "street_raw": "Apple alley", "street_matched": "BETHEL, (S)", "side": "left", "confidence": "bracketed", "anchors_on_street": 9 }, "geometry": { "type": "Point", "coordinates": [ -76.594412255245913, 39.284853677438122 ] } },
{ "type": "Feature", "properties": { "surname": "James", "given": "caulker", "occupation": "", "house_no": 183, "street_raw": "Happy alley", "street_matched": "DURHAM (S)", "side": "left", "confidence": "bracketed", "anchors_on_street": 9 }, "geometry": { "type": "Point", "coordinates": [ -76.590775706250426, 39.286620307391992 ] } },
{ "type": "Feature", "properties": { "surname": "Boyer", "given": "John", "occupation": "", "house_no": 44, "street_raw": "Perry st", "street_matched": "PERRY", "side": "", "confidence": "street_proportional", "anchors_on_street": 0 }, "geometry": { "type": "Point", "coordinates": [ -76.616002097511299, 39.284890789202969 ] } },
{ "type": "Feature", "properties": { "surname": "Braddock", "given": "Henry", "occupation": "porter", "house_no": 9, "street_raw": "Marion st", "street_matched": "MARION", "side": "", "confidence": "street_proportional", "anchors_on_street": 0 }, "geometry": { "type": "Point", "coordinates": [ -76.618701463314437, 39.290991531648011 ] } },
{ "type": "Feature", "properties": { "surname": "Bradford", "given": "Jacob", "occupation": "laborer", "house_no": 30, "street_raw": "Cross st", "street_matched": "CROSS", "side": "", "confidence": "street_proportional", "anchors_on_street": 0 }, "geometry": { "type": "Point", "coordinates": [ -76.612088109224814, 39.277070693281658 ] } },
{ "type": "Feature", "properties": { "surname": "Rebecca", "given": "milliner", "occupation": "", "house_no": 39, "street_raw": "Welcome alley", "street_matched": "WELCOME", "side": "", "confidence": "street_proportional", "anchors_on_street": 0 }, "geometry": { "type": "Point", "coordinates": [ -76.6173207150661, 39.282591478767038 ] } },
{ "type": "Feature", "properties": { "surname": "John", "given": "porter", "occupation": "", "house_no": 47, "street_raw": "Welcome alley", "street_matched": "WELCOME", "side": "", "confidence": "street_proportional", "anchors_on_street": 0 }, "geometry": { "type": "Point", "coordinates": [ -76.61830113688039, 39.282556389887098 ] } },
{ "type": "Feature", "properties": { "surname": "John", "given": "H", "occupation": "drayman", "house_no": 43, "street_raw": "S. Spring st", "street_matched": "SPRING (S.)", "side": "left", "confidence": "bracketed", "anchors_on_street": 8 }, "geometry": { "type": "Point", "coordinates": [ -76.597799269520877, 39.289488792338936 ] } },
{ "type": "Feature", "properties": { "surname": "Bray", "given": "wood Charles", "occupation": "laborer", "house_no": 175, "street_raw": "Apple alley", "street_matched": "BETHEL, (S)", "side": "left", "confidence": "bracketed", "anchors_on_street": 9 }, "geometry": { "type": "Point", "coordinates": [ -76.594409657586596, 39.284811266015929 ] } },
{ "type": "Feature", "properties": { "surname": "Brewer", "given": "Abraham", "occupation": "laborer", "house_no": 45, "street_raw": "Tyson st", "street_matched": "TYSON", "side": "", "confidence": "street_proportional", "anchors_on_street": 0 }, "geometry": { "type": "Point", "coordinates": [ -76.619326176146089, 39.29974366062261 ] } },
{ "type": "Feature", "properties": { "surname": "Wesley", "given": "laborer", "occupation": "", "house_no": 366, "street_raw": "S. Charles st", "street_matched": "CHARLES (S.)", "side": "left", "confidence": "extrapolated", "anchors_on_street": 12 }, "geometry": { "type": "Point", "coordinates": [ -76.614350575293926, 39.276358365021359 ] } },
{ "type": "Feature", "properties": { "surname": "Brice", "given": "Kinsey", "occupation": "carter", "house_no": 7, "street_raw": "Mott st", "street_matched": "MOTT", "side": "", "confidence": "street_proportional", "anchors_on_street": 0 }, "geometry": { "type": "Point", "coordinates": [ -76.604317767659182, 39.296997610708225 ] } },
{ "type": "Feature", "properties": { "surname": "Brickley", "given": "Levi", "occupation": "laborer", "house_no": 68, "street_raw": "N. Canal st", "street_matched": "CANAL", "side": "", "confidence": "street_proportional", "anchors_on_street": 0 }, "geometry": { "type": "Point", "coordinates": [ -76.595893817593634, 39.296936137136029 ] } },
{ "type": "Feature", "properties": { "surname": "Bright", "given": "Mager", "occupation": "sawyer", "house_no": 9, "street_raw": "Forrest st", "street_matched": "FORREST", "side": "", "confidence": "street_proportional", "anchors_on_street": 0 }, "geometry": { "type": "Point", "coordinates": [ -76.608031828068007, 39.301235490709445 ] } },
{ "type": "Feature", "properties": { "surname": "Cloudsby", "given": "carter", "occupation": "", "house_no": 51, "street_raw": "S. Strawberry alley", "street_matched": "DALLAS (S)", "side": "left", "confidence": "bracketed", "anchors_on_street": 9 }, "geometry": { "type": "Point", "coordinates": [ -76.596318117795775, 39.290040824517945 ] } },
{ "type": "Feature", "properties": { "surname": "Brightman", "given": "John", "occupation": "cabinet maker", "house_no": 78, "street_raw": "Park st", "street_matched": "PARK", "side": "left", "confidence": "bracketed", "anchors_on_street": 9 }, "geometry": { "type": "Point", "coordinates": [ -76.618245352736068, 39.294812828809661 ] } },
{ "type": "Feature", "properties": { "surname": "Abraham", "given": "laborer", "occupation": "", "house_no": 4, "street_raw": "State st", "street_matched": "STATE", "side": "", "confidence": "street_proportional", "anchors_on_street": 0 }, "geometry": { "type": "Point", "coordinates": [ -76.620385325182042, 39.294749808529559 ] } },
{ "type": "Feature", "properties": { "surname": "Brighton", "given": "Henry", "occupation": "drayman", "house_no": 36, "street_raw": "Vine st", "street_matched": "VINE", "side": "", "confidence": "street_proportional", "anchors_on_street": 0 }, "geometry": { "type": "Point", "coordinates": [ -76.630119132111716, 39.290566415574325 ] } },
{ "type": "Feature", "properties": { "surname": "Briscoe", "given": "Gabriel", "occupation": "barber", "house_no": 134, "street_raw": "N. Howard st", "street_matched": "HOWARD (N)", "side": "left", "confidence": "single_anchor", "anchors_on_street": 2 }, "geometry": { "type": "Point", "coordinates": [ -76.619458177682532, 39.289354713598044 ] } },
{ "type": "Feature", "properties": { "surname": "Lewis", "given": "barber", "occupation": "", "house_no": 401, "street_raw": "W. Baltimore st", "street_matched": "BALTIMORE, (W)", "side": "left", "confidence": "bracketed", "anchors_on_street": 19 }, "geometry": { "type": "Point", "coordinates": [ -76.642806125128629, 39.288350388304309 ] } },
{ "type": "Feature", "properties": { "surname": "Susan", "given": "washerwoman", "occupation": "", "house_no": 69, "street_raw": "Pearl st", "street_matched": "PEARL", "side": "", "confidence": "street_proportional", "anchors_on_street": 0 }, "geometry": { "type": "Point", "coordinates": [ -76.624512602173809, 39.289503367435302 ] } },
{ "type": "Feature", "properties": { "surname": "Brittain", "given": "Mary", "occupation": "whitewasher", "house_no": 103, "street_raw": "S. Strawberry", "street_matched": "DALLAS (S)", "side": "left", "confidence": "bracketed", "anchors_on_street": 9 }, "geometry": { "type": "Point", "coordinates": [ -76.596219055932565, 39.288402675303089 ] } },
{ "type": "Feature", "properties": { "surname": "Brogden", "given": "Samuel", "occupation": "laborer", "house_no": 47, "street_raw": "Ross st", "street_matched": "ROSS", "side": "left", "confidence": "bracketed", "anchors_on_street": 8 }, "geometry": { "type": "Point", "coordinates": [ -76.622658442810149, 39.297355087451564 ] } },
{ "type": "Feature", "properties": { "surname": "John", "given": "laborer", "occupation": "", "house_no": 63, "street_raw": "S. Strawberry alley", "street_matched": "DALLAS (S)", "side": "left", "confidence": "bracketed", "anchors_on_street": 9 }, "geometry": { "type": "Point", "coordinates": [ -76.596293716276421, 39.289637304504303 ] } },
{ "type": "Feature", "properties": { "surname": "Brooks", "given": "Joiin", "occupation": "carpenter", "house_no": 103, "street_raw": "Hill st", "street_matched": "HILL", "side": "left", "confidence": "bracketed", "anchors_on_street": 5 }, "geometry": { "type": "Point", "coordinates": [ -76.617072948720974, 39.280936100036357 ] } },
{ "type": "Feature", "properties": { "surname": "James", "given": "drayman", "occupation": "", "house_no": 32, "street_raw": "Hill st", "street_matched": "HILL", "side": "left", "confidence": "bracketed", "anchors_on_street": 5 }, "geometry": { "type": "Point", "coordinates": [ -76.614067034244201, 39.281028125617155 ] } },
{ "type": "Feature", "properties": { "surname": "David", "given": "sawyer", "occupation": "", "house_no": 36, "street_raw": "Hill st", "street_matched": "HILL", "side": "left", "confidence": "bracketed", "anchors_on_street": 5 }, "geometry": { "type": "Point", "coordinates": [ -76.614236061111143, 39.281022673669 ] } },
{ "type": "Feature", "properties": { "surname": "Wm.", "given": "carter", "occupation": "", "house_no": 48, "street_raw": "Wayne st", "street_matched": "WAYNE", "side": "", "confidence": "street_proportional", "anchors_on_street": 0 }, "geometry": { "type": "Point", "coordinates": [ -76.618647400263455, 39.283498513424931 ] } },
{ "type": "Feature", "properties": { "surname": "Robert", "given": "caulker", "occupation": "", "house_no": 43, "street_raw": "S. Caroline st", "street_matched": "CAROLINE (S.)", "side": "left", "confidence": "bracketed", "anchors_on_street": 10 }, "geometry": { "type": "Point", "coordinates": [ -76.597056457320718, 39.289837621980539 ] } },
{ "type": "Feature", "properties": { "surname": "Edward", "given": "broom maker", "occupation": "", "house_no": 59, "street_raw": "S. Howard st", "street_matched": "HOWARD (N)", "side": "left", "confidence": "single_anchor", "anchors_on_street": 2 }, "geometry": { "type": "Point", "coordinates": [ -76.619458177682532, 39.289354713598044 ] } },
{ "type": "Feature", "properties": { "surname": "Daniel", "given": "paper carrier", "occupation": "", "house_no": 38, "street_raw": "Short st", "street_matched": "SHORT", "side": "", "confidence": "street_proportional", "anchors_on_street": 0 }, "geometry": { "type": "Point", "coordinates": [ -76.598879708839135, 39.295834868265736 ] } },
{ "type": "Feature", "properties": { "surname": "Brown", "given": "Leonard", "occupation": "laborer", "house_no": 82, "street_raw": "Hughes st", "street_matched": "HUGHES", "side": "", "confidence": "street_proportional", "anchors_on_street": 0 }, "geometry": { "type": "Point", "coordinates": [ -76.609708771151716, 39.280716969459988 ] } },
{ "type": "Feature", "properties": { "surname": "Perry", "given": "cook", "occupation": "", "house_no": 34, "street_raw": "Guilford alley", "street_matched": "GUILFORD", "side": "", "confidence": "street_proportional", "anchors_on_street": 0 }, "geometry": { "type": "Point", "coordinates": [ -76.611464122654027, 39.297057934170354 ] } },
{ "type": "Feature", "properties": { "surname": "Nathan", "given": "sawyer", "occupation": "", "house_no": 138, "street_raw": "Montgomery st", "street_matched": "MONTGOMERY", "side": "left", "confidence": "extrapolated", "anchors_on_street": 7 }, "geometry": { "type": "Point", "coordinates": [ -76.609881008412643, 39.280058193282578 ] } },
{ "type": "Feature", "properties": { "surname": "Anderson", "given": "hackman", "occupation": "", "house_no": 29, "street_raw": "Biddle alley", "street_matched": "BIDDLE, (W)", "side": "right", "confidence": "bracketed", "anchors_on_street": 11 }, "geometry": { "type": "Point", "coordinates": [ -76.619236441727253, 39.3025761656952 ] } },
{ "type": "Feature", "properties": { "surname": "Wm. Randolph", "given": "seaman", "occupation": "", "house_no": 69, "street_raw": "Salisbury st", "street_matched": "SALISBURY", "side": "", "confidence": "street_proportional", "anchors_on_street": 0 }, "geometry": { "type": "Point", "coordinates": [ -76.602534772439952, 39.289599661602089 ] } },
{ "type": "Feature", "properties": { "surname": "Rachel", "given": "w^asherwoman", "occupation": "", "house_no": 50, "street_raw": "Perry st", "street_matched": "PERRY", "side": "", "confidence": "street_proportional", "anchors_on_street": 0 }, "geometry": { "type": "Point", "coordinates": [ -76.616516519101623, 39.284869872718879 ] } },
{ "type": "Feature", "properties": { "surname": "Charity", "given": "washerwoman", "occupation": "", "house_no": 12, "street_raw": "Comb al", "street_matched": "COMB", "side": "", "confidence": "street_proportional", "anchors_on_street": 0 }, "geometry": { "type": "Point", "coordinates": [ -76.616284456750137, 39.281379586903689 ] } },
{ "type": "Feature", "properties": { "surname": "Major", "given": "carter", "occupation": "", "house_no": 19, "street_raw": "Perry st", "street_matched": "PERRY", "side": "", "confidence": "street_proportional", "anchors_on_street": 0 }, "geometry": { "type": "Point", "coordinates": [ -76.613858869561582, 39.284980758010761 ] } },
{ "type": "Feature", "properties": { "surname": "Brown", "given": "Isaac", "occupation": "laborer", "house_no": 9, "street_raw": "Tyson st", "street_matched": "TYSON", "side": "", "confidence": "street_proportional", "anchors_on_street": 0 }, "geometry": { "type": "Point", "coordinates": [ -76.619377730786155, 39.300541428637089 ] } },
{ "type": "Feature", "properties": { "surname": "Jacob", "given": "laborer", "occupation": "82 Salisbury st. ' Benjamin, laborer, 115 Jasper st. • Jacob", "house_no": 36, "street_raw": "Lee st", "street_matched": "LEE", "side": "left", "confidence": "bracketed", "anchors_on_street": 7 }, "geometry": { "type": "Point", "coordinates": [ -76.614271259588747, 39.28216936827954 ] } },
{ "type": "Feature", "properties": { "surname": "Andrew", "given": "barber", "occupation": "", "house_no": 84, "street_raw": "S. Charles st", "street_matched": "CHARLES (S.)", "side": "left", "confidence": "bracketed", "anchors_on_street": 12 }, "geometry": { "type": "Point", "coordinates": [ -76.614856485417448, 39.286180400640184 ] } },
{ "type": "Feature", "properties": { "surname": "Isaac", "given": "laborer", "occupation": "", "house_no": 13, "street_raw": "Peach al", "street_matched": "PEACH", "side": "", "confidence": "street_proportional", "anchors_on_street": 0 }, "geometry": { "type": "Point", "coordinates": [ -76.617773301764714, 39.2787373470346 ] } },
{ "type": "Feature", "properties": { "surname": "Wm.", "given": "laborer", "occupation": "", "house_no": 61, "street_raw": "S. Howard st", "street_matched": "HOWARD (N)", "side": "left", "confidence": "single_anchor", "anchors_on_street": 2 }, "geometry": { "type": "Point", "coordinates": [ -76.619458177682532, 39.289354713598044 ] } },
{ "type": "Feature", "properties": { "surname": "Peter", "given": "white washer", "occupation": "59 N. Canal st. — — Jacob, seaman, 214 Fleet st. • > Thomas, laborer", "house_no": 131, "street_raw": "S. Strawberry al", "street_matched": "DALLAS (S)", "side": "left", "confidence": "bracketed", "anchors_on_street": 9 }, "geometry": { "type": "Point", "coordinates": [ -76.596169600773919, 39.287584818432556 ] } },
{ "type": "Feature", "properties": { "surname": "Wm.", "given": "laborer", "occupation": "", "house_no": 71, "street_raw": "S. Spring s(", "street_matched": "SPRING (S.)", "side": "left", "confidence": "bracketed", "anchors_on_street": 8 }, "geometry": { "type": "Point", "coordinates": [ -76.597750552468668, 39.288718133023316 ] } },
{ "type": "Feature", "properties": { "surname": "Baptist", "given": "laborer", "occupation": "", "house_no": 151, "street_raw": "Apple al", "street_matched": "BETHEL, (S)", "side": "left", "confidence": "bracketed", "anchors_on_street": 9 }, "geometry": { "type": "Point", "coordinates": [ -76.594478313160565, 39.285787814561672 ] } },
{ "type": "Feature", "properties": { "surname": "Robert", "given": "caulker", "occupation": "31 Argyle al. — — Thomas, laborer", "house_no": 49, "street_raw": "Argyle al", "street_matched": "ARGYLE", "side": "", "confidence": "street_proportional", "anchors_on_street": 0 }, "geometry": { "type": "Point", "coordinates": [ -76.630024207587525, 39.298323472452523 ] } },
{ "type": "Feature", "properties": { "surname": "John", "given": "caulker", "occupation": "", "house_no": 33, "street_raw": "Argyle al", "street_matched": "ARGYLE", "side": "", "confidence": "street_proportional", "anchors_on_street": 0 }, "geometry": { "type": "Point", "coordinates": [ -76.633344064740356, 39.301006716972445 ] } },
{ "type": "Feature", "properties": { "surname": "Sarah", "given": "washerwoman", "occupation": "\" 220 German st. > Abraham, laborer", "house_no": 91, "street_raw": "Stirling st", "street_matched": "STIRLING", "side": "", "confidence": "street_proportional", "anchors_on_street": 0 }, "geometry": { "type": "Point", "coordinates": [ -76.602808586556947, 39.301218188453404 ] } },
{ "type": "Feature", "properties": { "surname": "Robert", "given": "laborer", "occupation": "", "house_no": 97, "street_raw": "Stirling st", "street_matched": "STIRLING", "side": "", "confidence": "street_proportional", "anchors_on_street": 0 }, "geometry": { "type": "Point", "coordinates": [ -76.602805455911366, 39.301119327042315 ] } },
{ "type": "Feature", "properties": { "surname": "John", "given": "seaman", "occupation": "", "house_no": 36, "street_raw": "Short st", "street_matched": "SHORT", "side": "", "confidence": "street_proportional", "anchors_on_street": 0 }, "geometry": { "type": "Point", "coordinates": [ -76.598799630490007, 39.29583824970198 ] } },
{ "type": "Feature", "properties": { "surname": "James", "given": "waiter", "occupation": "116 E. Madison st. ■ ■ Edwai'd, laborer", "house_no": 29, "street_raw": "Douglass st", "street_matched": "LEXINGTON", "side": "left", "confidence": "extrapolated", "anchors_on_street": 21 }, "geometry": { "type": "Point", "coordinates": [ -76.615245353193259, 39.291065717826946 ] } },
{ "type": "Feature", "properties": { "surname": "Samuel", "given": "huckster", "occupation": "", "house_no": 31, "street_raw": "Douglass st", "street_matched": "LEXINGTON", "side": "left", "confidence": "extrapolated", "anchors_on_street": 21 }, "geometry": { "type": "Point", "coordinates": [ -76.615245353193259, 39.291065717826946 ] } },
{ "type": "Feature", "properties": { "surname": "John", "given": "seaman", "occupation": "", "house_no": 49, "street_raw": "Douglass st", "street_matched": "LEXINGTON", "side": "left", "confidence": "extrapolated", "anchors_on_street": 21 }, "geometry": { "type": "Point", "coordinates": [ -76.615245353193259, 39.291065717826946 ] } },
{ "type": "Feature", "properties": { "surname": "Jacob", "given": "laborer", "occupation": "", "house_no": 388, "street_raw": "S. Charles st", "street_matched": "CHARLES (S.)", "side": "left", "confidence": "extrapolated", "anchors_on_street": 12 }, "geometry": { "type": "Point", "coordinates": [ -76.614310207870872, 39.275748935788791 ] } },
{ "type": "Feature", "properties": { "surname": "Jacob", "given": "drayman", "occupation": "", "house_no": 391, "street_raw": "S. Charles st", "street_matched": "CHARLES (S.)", "side": "left", "confidence": "extrapolated", "anchors_on_street": 12 }, "geometry": { "type": "Point", "coordinates": [ -76.614304703174398, 39.275665831797049 ] } },
{ "type": "Feature", "properties": { "surname": "Edwin", "given": "carter", "occupation": "", "house_no": 13, "street_raw": "N. Amity st", "street_matched": "AMITY", "side": "", "confidence": "street_proportional", "anchors_on_street": 0 }, "geometry": { "type": "Point", "coordinates": [ -76.633072455173831, 39.288775403798368 ] } },
{ "type": "Feature", "properties": { "surname": "Henry", "given": "laborer", "occupation": "", "house_no": 9, "street_raw": "Salisbury al", "street_matched": "SALISBURY", "side": "", "confidence": "street_proportional", "anchors_on_street": 0 }, "geometry": { "type": "Point", "coordinates": [ -76.601409234348964, 39.289925759343497 ] } },
{ "type": "Feature", "properties": { "surname": "Richard", "given": "carter", "occupation": "", "house_no": 93, "street_raw": "Happy al", "street_matched": "DURHAM (S)", "side": "left", "confidence": "bracketed", "anchors_on_street": 9 }, "geometry": { "type": "Point", "coordinates": [ -76.5909171610801, 39.288901243333655 ] } },
{ "type": "Feature", "properties": { "surname": "Mary", "given": "washerwoman", "occupation": "", "house_no": 25, "street_raw": "Johnson st", "street_matched": "JOHNSON", "side": "", "confidence": "street_proportional", "anchors_on_street": 0 }, "geometry": { "type": "Point", "coordinates": [ -76.609254637092462, 39.269191908929827 ] } },
{ "type": "Feature", "properties": { "surname": "Jacob.H.", "given": "laborer", "occupation": "", "house_no": 47, "street_raw": "Cross st", "street_matched": "CROSS", "side": "", "confidence": "street_proportional", "anchors_on_street": 0 }, "geometry": { "type": "Point", "coordinates": [ -76.618967280639112, 39.277252106482102 ] } },
{ "type": "Feature", "properties": { "surname": "Wm.", "given": "drayman", "occupation": "", "house_no": 48, "street_raw": "Orchard st", "street_matched": "ORCHARD", "side": "", "confidence": "street_proportional", "anchors_on_street": 0 }, "geometry": { "type": "Point", "coordinates": [ -76.622530396140874, 39.298550679996971 ] } },
{ "type": "Feature", "properties": { "surname": "Wesley", "given": "grain measurer", "occupation": "", "house_no": 63, "street_raw": "Dover st", "street_matched": "DOVER", "side": "", "confidence": "street_proportional", "anchors_on_street": 0 }, "geometry": { "type": "Point", "coordinates": [ -76.621806124222786, 39.285855014874784 ] } },
{ "type": "Feature", "properties": { "surname": "Bryan", "given": "Frances", "occupation": "washerwoman", "house_no": 44, "street_raw": "S. Caroline", "street_matched": "CAROLINE (S.)", "side": "left", "confidence": "bracketed", "anchors_on_street": 10 }, "geometry": { "type": "Point", "coordinates": [ -76.597054279563608, 39.289805623814779 ] } },
{ "type": "Feature", "properties": { "surname": "Jerry", "given": "drayman", "occupation": "", "house_no": 136, "street_raw": "Tyson st", "street_matched": "TYSON", "side": "", "confidence": "street_proportional", "anchors_on_street": 0 }, "geometry": { "type": "Point", "coordinates": [ -76.619195861640463, 39.297727079447498 ] } },
{ "type": "Feature", "properties": { "surname": "Buchanan", "given": "Joshua", "occupation": "porter", "house_no": 40, "street_raw": "Long al", "street_matched": "BALTIMORE, (W)", "side": "left", "confidence": "extrapolated", "anchors_on_street": 19 }, "geometry": { "type": "Point", "coordinates": [ -76.642162926265158, 39.28837847249914 ] } },
{ "type": "Feature", "properties": { "surname": "Francis", "given": "carter", "occupation": "", "house_no": 239, "street_raw": "Happy al", "street_matched": "DURHAM (S)", "side": "right", "confidence": "bracketed", "anchors_on_street": 9 }, "geometry": { "type": "Point", "coordinates": [ -76.59064027284623, 39.284805946992307 ] } },
{ "type": "Feature", "properties": { "surname": "Buck", "given": "Benjamin", "occupation": "stevedore", "house_no": 186, "street_raw": "S. Caroline st", "street_matched": "CAROLINE (S.)", "side": "left", "confidence": "bracketed", "anchors_on_street": 10 }, "geometry": { "type": "Point", "coordinates": [ -76.596796512880658, 39.286018225385916 ] } },
{ "type": "Feature", "properties": { "surname": "Bundy", "given": "Aaron", "occupation": "laborer", "house_no": 50, "street_raw": "Orchard st", "street_matched": "ORCHARD", "side": "", "confidence": "street_proportional", "anchors_on_street": 0 }, "geometry": { "type": "Point", "coordinates": [ -76.622673499527025, 39.298432934605486 ] } },
{ "type": "Feature", "properties": { "surname": "Burchmore", "given": "Barney", "occupation": "laborer", "house_no": 8, "street_raw": "Stirling st", "street_matched": "STIRLING", "side": "", "confidence": "street_proportional", "anchors_on_street": 0 }, "geometry": { "type": "Point", "coordinates": [ -76.602082250550581, 39.302274022147756 ] } },
{ "type": "Feature", "properties": { "surname": "Perry", "given": "drayman", "occupation": "", "house_no": 6, "street_raw": "State st", "street_matched": "STATE", "side": "", "confidence": "street_proportional", "anchors_on_street": 0 }, "geometry": { "type": "Point", "coordinates": [ -76.620379673174313, 39.294656534125352 ] } },
{ "type": "Feature", "properties": { "surname": "Samuel", "given": "wagoner", "occupation": "", "house_no": 46, "street_raw": "S. Caroline st", "street_matched": "CAROLINE (S.)", "side": "left", "confidence": "bracketed", "anchors_on_street": 10 }, "geometry": { "type": "Point", "coordinates": [ -76.59704992405527, 39.289741627482243 ] } },
{ "type": "Feature", "properties": { "surname": "Thomas", "given": "caulker", "occupation": "", "house_no": 149, "street_raw": "Happy al", "street_matched": "DURHAM (S)", "side": "left", "confidence": "bracketed", "anchors_on_street": 9 }, "geometry": { "type": "Point", "coordinates": [ -76.590850776788528, 39.28779792563914 ] } },
{ "type": "Feature", "properties": { "surname": "David", "given": "laborer", "occupation": "", "house_no": 250, "street_raw": "Happy al", "street_matched": "DURHAM (S)", "side": "right", "confidence": "bracketed", "anchors_on_street": 9 }, "geometry": { "type": "Point", "coordinates": [ -76.590617472654742, 39.28445755480444 ] } },
{ "type": "Feature", "properties": { "surname": "Burke", "given": "James", "occupation": "laborer", "house_no": 214, "street_raw": "Happy al", "street_matched": "DURHAM (S)", "side": "left", "confidence": "bracketed", "anchors_on_street": 9 }, "geometry": { "type": "Point", "coordinates": [ -76.590697804455331, 39.285529704269308 ] } },
{ "type": "Feature", "properties": { "surname": "Thomas", "given": "laborer", "occupation": "", "house_no": 256, "street_raw": "Happy al", "street_matched": "DURHAM (S)", "side": "right", "confidence": "bracketed", "anchors_on_street": 9 }, "geometry": { "type": "Point", "coordinates": [ -76.590606148365879, 39.284268429171661 ] } },
{ "type": "Feature", "properties": { "surname": "Burns", "given": "James", "occupation": "seaman", "house_no": 134, "street_raw": "S. Bond st", "street_matched": "BOND,(S)", "side": "left", "confidence": "bracketed", "anchors_on_street": 9 }, "geometry": { "type": "Point", "coordinates": [ -76.595484479432841, 39.287697037809721 ] } },
{ "type": "Feature", "properties": { "surname": "Butler", "given": "Josiah", "occupation": "cooper, 455 W. Baltimore st., h. 142 German st. C, cake and beer shop", "house_no": 64, "street_raw": "S. Howard st", "street_matched": "HOWARD (N)", "side": "left", "confidence": "single_anchor", "anchors_on_street": 2 }, "geometry": { "type": "Point", "coordinates": [ -76.619458177682532, 39.289354713598044 ] } },
{ "type": "Feature", "properties": { "surname": "Robert", "given": "seaman", "occupation": "", "house_no": 201, "street_raw": "Happy al", "street_matched": "DURHAM (S)", "side": "left", "confidence": "bracketed", "anchors_on_street": 9 }, "geometry": { "type": "Point", "coordinates": [ -76.590732796214681, 39.286006769210871 ] } },
{ "type": "Feature", "properties": { "surname": "Elsey", "given": "washerwoman", "occupation": "", "house_no": 85, "street_raw": "Stirling st", "street_matched": "STIRLING", "side": "", "confidence": "street_proportional", "anchors_on_street": 0 }, "geometry": { "type": "Point", "coordinates": [ -76.602800886042132, 39.301316330538278 ] } },
{ "type": "Feature", "properties": { "surname": "Samuel", "given": "laborer", "occupation": "", "house_no": 257, "street_raw": "Happy al", "street_matched": "DURHAM (S)", "side": "right", "confidence": "bracketed", "anchors_on_street": 9 }, "geometry": { "type": "Point", "coordinates": [ -76.590604260990261, 39.284236908231712 ] } },
{ "type": "Feature", "properties": { "surname": "Charles", "given": "laborer", "occupation": "", "house_no": 43, "street_raw": "Tyson st", "street_matched": "TYSON", "side": "", "confidence": "street_proportional", "anchors_on_street": 0 }, "geometry": { "type": "Point", "coordinates": [ -76.619329040262329, 39.299787981073493 ] } },
{ "type": "Feature", "properties": { "surname": "James", "given": "laborer", "occupation": "", "house_no": 63, "street_raw": "N. Strawberry al", "street_matched": "DALLAS (N)", "side": "left", "confidence": "bracketed", "anchors_on_street": 4 }, "geometry": { "type": "Point", "coordinates": [ -76.596621154765202, 39.295052126188736 ] } },
{ "type": "Feature", "properties": { "surname": "John", "given": "drayman", "occupation": "", "house_no": 145, "street_raw": "Apple al", "street_matched": "BETHEL, (S)", "side": "left", "confidence": "bracketed", "anchors_on_street": 9 }, "geometry": { "type": "Point", "coordinates": [ -76.594497114089421, 39.286006973312738 ] } },
{ "type": "Feature", "properties": { "surname": "Cainey", "given": "Joseph", "occupation": "laborer", "house_no": 186, "street_raw": "Happy al", "street_matched": "DURHAM (S)", "side": "left", "confidence": "bracketed", "anchors_on_street": 9 }, "geometry": { "type": "Point", "coordinates": [ -76.590768554526264, 39.286518051037348 ] } },
{ "type": "Feature", "properties": { "surname": "Ennalls", "given": "steamboat hand", "occupation": "", "house_no": 49, "street_raw": "Bank st", "street_matched": "BANK", "side": "left", "confidence": "extrapolated", "anchors_on_street": 11 }, "geometry": { "type": "Point", "coordinates": [ -76.597180636260774, 39.286437372746605 ] } },
{ "type": "Feature", "properties": { "surname": "Calvert", "given": "Wm", "occupation": "white washer", "house_no": 34, "street_raw": "Biddle al", "street_matched": "BIDDLE, (W)", "side": "right", "confidence": "bracketed", "anchors_on_street": 11 }, "geometry": { "type": "Point", "coordinates": [ -76.6193651160755, 39.302468423654766 ] } },
{ "type": "Feature", "properties": { "surname": "Campbell", "given": "Louisa", "occupation": "washerwoman", "house_no": 37, "street_raw": "Tyson st", "street_matched": "TYSON", "side": "", "confidence": "street_proportional", "anchors_on_street": 0 }, "geometry": { "type": "Point", "coordinates": [ -76.619337632632551, 39.299920942422141 ] } },
{ "type": "Feature", "properties": { "surname": "Nathan", "given": "laborer", "occupation": "", "house_no": 33, "street_raw": "State st", "street_matched": "STATE", "side": "", "confidence": "street_proportional", "anchors_on_street": 0 }, "geometry": { "type": "Point", "coordinates": [ -76.620303373688785, 39.293397329344074 ] } },
{ "type": "Feature", "properties": { "surname": "Alexander", "given": "laborer", "occupation": "", "house_no": 47, "street_raw": "Guilford al", "street_matched": "GUILFORD", "side": "", "confidence": "street_proportional", "anchors_on_street": 0 }, "geometry": { "type": "Point", "coordinates": [ -76.611033514934874, 39.290677286901136 ] } },
{ "type": "Feature", "properties": { "surname": "Ann", "given": "washerwoman", "occupation": "", "house_no": 46, "street_raw": "S. Caroline st", "street_matched": "CAROLINE (S.)", "side": "left", "confidence": "bracketed", "anchors_on_street": 10 }, "geometry": { "type": "Point", "coordinates": [ -76.59704992405527, 39.289741627482243 ] } },
{ "type": "Feature", "properties": { "surname": "Charles", "given": "stevedore", "occupation": "", "house_no": 93, "street_raw": "Salisbury st", "street_matched": "SALISBURY", "side": "", "confidence": "street_proportional", "anchors_on_street": 0 }, "geometry": { "type": "Point", "coordinates": [ -76.602967735075637, 39.289438284102658 ] } },
{ "type": "Feature", "properties": { "surname": "Cannon", "given": "James", "occupation": "laborer", "house_no": 125, "street_raw": "Tyson st", "street_matched": "TYSON", "side": "", "confidence": "street_proportional", "anchors_on_street": 0 }, "geometry": { "type": "Point", "coordinates": [ -76.619211614484598, 39.297970842043334 ] } },
{ "type": "Feature", "properties": { "surname": "Canvers", "given": "Mary", "occupation": "", "house_no": 8, "street_raw": "Marion st", "street_matched": "MARION", "side": "", "confidence": "street_proportional", "anchors_on_street": 0 }, "geometry": { "type": "Point", "coordinates": [ -76.618536893379613, 39.290998245305211 ] } },
{ "type": "Feature", "properties": { "surname": "Careon", "given": "Lydia", "occupation": "washer", "house_no": 444, "street_raw": "Saratoga st", "street_matched": "SARATOGA", "side": "left", "confidence": "bracketed", "anchors_on_street": 16 }, "geometry": { "type": "Point", "coordinates": [ -76.632944440580019, 39.292497086182493 ] } },
{ "type": "Feature", "properties": { "surname": "Carey", "given": "John", "occupation": "laborer", "house_no": 10, "street_raw": "Forrest st", "street_matched": "FORREST", "side": "", "confidence": "street_proportional", "anchors_on_street": 0 }, "geometry": { "type": "Point", "coordinates": [ -76.608029207846172, 39.301225544075571 ] } },
{ "type": "Feature", "properties": { "surname": "George", "given": "sawyer", "occupation": "", "house_no": 153, "street_raw": "Low st", "street_matched": "LOW", "side": "", "confidence": "street_proportional", "anchors_on_street": 0 }, "geometry": { "type": "Point", "coordinates": [ -76.60741887413117, 39.292322871876237 ] } },
{ "type": "Feature", "properties": { "surname": "Carr", "given": "Wm", "occupation": "brickmaker", "house_no": 11, "street_raw": "Haw st", "street_matched": "HAW", "side": "", "confidence": "street_proportional", "anchors_on_street": 0 }, "geometry": { "type": "Point", "coordinates": [ -76.625072632010856, 39.28472158267634 ] } },
{ "type": "Feature", "properties": { "surname": "John", "given": "porter", "occupation": "", "house_no": 5, "street_raw": "Haw st", "street_matched": "HAW", "side": "", "confidence": "street_proportional", "anchors_on_street": 0 }, "geometry": { "type": "Point", "coordinates": [ -76.624643278827193, 39.284738660335229 ] } },
{ "type": "Feature", "properties": { "surname": "Purnell", "given": "sawyer", "occupation": "", "house_no": 53, "street_raw": "Argyle al", "street_matched": "ARGYLE", "side": "", "confidence": "street_proportional", "anchors_on_street": 0 }, "geometry": { "type": "Point", "coordinates": [ -76.629194255073784, 39.29765266684629 ] } },
{ "type": "Feature", "properties": { "surname": "James", "given": "laborer", "occupation": "", "house_no": 91, "street_raw": "Dover st", "street_matched": "DOVER", "side": "", "confidence": "street_proportional", "anchors_on_street": 0 }, "geometry": { "type": "Point", "coordinates": [ -76.624647812255219, 39.285665514621087 ] } },
{ "type": "Feature", "properties": { "surname": "Carroll", "given": "John", "occupation": "seaman, 57 S. Caroline st. . John, brickmaker", "house_no": 130, "street_raw": "York st", "street_matched": "YORK", "side": "", "confidence": "street_proportional", "anchors_on_street": 0 }, "geometry": { "type": "Point", "coordinates": [ -76.6142517514063, 39.281367721282251 ] } },
{ "type": "Feature", "properties": { "surname": "Wm.", "given": "barber", "occupation": "", "house_no": 316, "street_raw": "W. Pratt st", "street_matched": "PRATT, (W)", "side": "left", "confidence": "bracketed", "anchors_on_street": 22 }, "geometry": { "type": "Point", "coordinates": [ -76.621752197982929, 39.286242719239567 ] } },
{ "type": "Feature", "properties": { "surname": "John", "given": "seaman", "occupation": "", "house_no": 71, "street_raw": "Salisbury st", "street_matched": "SALISBURY", "side": "", "confidence": "street_proportional", "anchors_on_street": 0 }, "geometry": { "type": "Point", "coordinates": [ -76.602572290198111, 39.289588791491099 ] } },
{ "type": "Feature", "properties": { "surname": "Wm.", "given": "blacksmith", "occupation": "", "house_no": 9, "street_raw": "Hamilton st", "street_matched": "HAMILTON", "side": "", "confidence": "street_proportional", "anchors_on_street": 0 }, "geometry": { "type": "Point", "coordinates": [ -76.615353299341848, 39.295657375826025 ] } },
{ "type": "Feature", "properties": { "surname": "Grace", "given": "washerwoman", "occupation": "", "house_no": 115, "street_raw": "S. Strawberry al", "street_matched": "DALLAS (S)", "side": "left", "confidence": "bracketed", "anchors_on_street": 9 }, "geometry": { "type": "Point", "coordinates": [ -76.596197860724942, 39.288052165242654 ] } },
{ "type": "Feature", "properties": { "surname": "Matthew", "given": "seaman", "occupation": "", "house_no": 50, "street_raw": "Argyle al", "street_matched": "ARGYLE", "side": "", "confidence": "street_proportional", "anchors_on_street": 0 }, "geometry": { "type": "Point", "coordinates": [ -76.629816719204655, 39.298155770704057 ] } },
{ "type": "Feature", "properties": { "surname": "Harriet", "given": "washerwoman", "occupation": "78 S. Howard st. J. H., hackman", "house_no": 15, "street_raw": "New st", "street_matched": "BALDERSTON", "side": "", "confidence": "street_proportional", "anchors_on_street": 0 }, "geometry": { "type": "Point", "coordinates": [ -76.613892340185899, 39.287470469890522 ] } },
{ "type": "Feature", "properties": { "surname": "Cassell", "given": "Christopher", "occupation": "waiter", "house_no": 288, "street_raw": "Mulberry st", "street_matched": "MULBERRY", "side": "", "confidence": "street_proportional", "anchors_on_street": 0 }, "geometry": { "type": "Point", "coordinates": [ -76.624745327353878, 39.29369710232131 ] } },
{ "type": "Feature", "properties": { "surname": "Cator", "given": "Rebecca", "occupation": "washerwoman", "house_no": 208, "street_raw": "Fayette st", "street_matched": "FAYETTE (E)", "side": "left", "confidence": "bracketed", "anchors_on_street": 11 }, "geometry": { "type": "Point", "coordinates": [ -76.597272922561984, 39.293189943634701 ] } },
{ "type": "Feature", "properties": { "surname": "Chambers", "given": "Esther", "occupation": "washerwoman", "house_no": 50, "street_raw": "Centre st", "street_matched": "CENTRE, (W)", "side": "left", "confidence": "extrapolated", "anchors_on_street": 4 }, "geometry": { "type": "Point", "coordinates": [ -76.61561127001282, 39.296304955378602 ] } },
{ "type": "Feature", "properties": { "surname": "David", "given": "laborer", "occupation": "", "house_no": 55, "street_raw": "N. Sharp st", "street_matched": "SHARP, (S)", "side": "left", "confidence": "extrapolated", "anchors_on_street": 5 }, "geometry": { "type": "Point", "coordinates": [ -76.617515642871879, 39.280923535799914 ] } },
{ "type": "Feature", "properties": { "surname": "Edward", "given": "waiter", "occupation": "", "house_no": 117, "street_raw": "N. Gay st", "street_matched": "GAY, (N)", "side": "left", "confidence": "single_anchor", "anchors_on_street": 9 }, "geometry": { "type": "Point", "coordinates": [ -76.601308965441916, 39.298082117436834 ] } },
{ "type": "Feature", "properties": { "surname": "Chaplain", "given": "David", "occupation": "drayman", "house_no": 378, "street_raw": "S. Charles st", "street_matched": "CHARLES (S.)", "side": "left", "confidence": "extrapolated", "anchors_on_street": 12 }, "geometry": { "type": "Point", "coordinates": [ -76.614328556613572, 39.276025949091569 ] } },
{ "type": "Feature", "properties": { "surname": "John", "given": "cook", "occupation": "", "house_no": 17, "street_raw": "Forrest st", "street_matched": "FORREST", "side": "", "confidence": "street_proportional", "anchors_on_street": 0 }, "geometry": { "type": "Point", "coordinates": [ -76.608010866313876, 39.301155917635896 ] } },
{ "type": "Feature", "properties": { "surname": "Chapman", "given": "John", "occupation": "laborer", "house_no": 107, "street_raw": "Wayne st", "street_matched": "WAYNE", "side": "", "confidence": "street_proportional", "anchors_on_street": 0 }, "geometry": { "type": "Point", "coordinates": [ -76.61782219694922, 39.283538174389555 ] } },
{ "type": "Feature", "properties": { "surname": "Jeremiah", "given": "blacksmith", "occupation": "", "house_no": 86, "street_raw": "S. Spring st", "street_matched": "SPRING (S.)", "side": "left", "confidence": "bracketed", "anchors_on_street": 8 }, "geometry": { "type": "Point", "coordinates": [ -76.597728343655831, 39.288366818612978 ] } },
{ "type": "Feature", "properties": { "surname": "David", "given": "laborer", "occupation": "", "house_no": 135, "street_raw": "S. Strawberry al", "street_matched": "DALLAS (S)", "side": "left", "confidence": "bracketed", "anchors_on_street": 9 }, "geometry": { "type": "Point", "coordinates": [ -76.596161242791325, 39.287446601631615 ] } },
{ "type": "Feature", "properties": { "surname": "Chappell", "given": "Nathan", "occupation": "laborer", "house_no": 49, "street_raw": "Argyle al", "street_matched": "ARGYLE", "side": "", "confidence": "street_proportional", "anchors_on_street": 0 }, "geometry": { "type": "Point", "coordinates": [ -76.630024207587525, 39.298323472452523 ] } },
{ "type": "Feature", "properties": { "surname": "Samuel", "given": "carter", "occupation": "", "house_no": 191, "street_raw": "S. Strawberry al", "street_matched": "DALLAS (S)", "side": "left", "confidence": "bracketed", "anchors_on_street": 9 }, "geometry": { "type": "Point", "coordinates": [ -76.596036509789712, 39.285383925689018 ] } },
{ "type": "Feature", "properties": { "surname": "Chase", "given": "Samuel", "occupation": "laborer, 100 E.Madison st. — — David, laborer", "house_no": 84, "street_raw": "Long al", "street_matched": "BALTIMORE, (W)", "side": "left", "confidence": "bracketed", "anchors_on_street": 19 }, "geometry": { "type": "Point", "coordinates": [ -76.642241321709903, 39.288375049519388 ] } },
{ "type": "Feature", "properties": { "surname": "Emily", "given": "washerwoman", "occupation": "", "house_no": 79, "street_raw": "Stirling st", "street_matched": "STIRLING", "side": "", "confidence": "street_proportional", "anchors_on_street": 0 }, "geometry": { "type": "Point", "coordinates": [ -76.602776205462547, 39.301413344933891 ] } },
{ "type": "Feature", "properties": { "surname": "John", "given": "laborer", "occupation": "", "house_no": 34, "street_raw": "Forrest st", "street_matched": "FORREST", "side": "", "confidence": "street_proportional", "anchors_on_street": 0 }, "geometry": { "type": "Point", "coordinates": [ -76.607966322742527, 39.300986824835825 ] } },
{ "type": "Feature", "properties": { "surname": "Allen", "given": "laborer", "occupation": "", "house_no": 70, "street_raw": "S. Strawberry al", "street_matched": "DALLAS (S)", "side": "left", "confidence": "bracketed", "anchors_on_street": 9 }, "geometry": { "type": "Point", "coordinates": [ -76.596279482184997, 39.289401917804895 ] } },
{ "type": "Feature", "properties": { "surname": "Levi", "given": "baker", "occupation": "", "house_no": 3, "street_raw": "Friendship st", "street_matched": "FORREST", "side": "", "confidence": "street_proportional", "anchors_on_street": 0 }, "geometry": { "type": "Point", "coordinates": [ -76.608047549414465, 39.301295170510897 ] } },
{ "type": "Feature", "properties": { "surname": "Wm.", "given": "laborer", "occupation": "", "house_no": 97, "street_raw": "Apple al", "street_matched": "BETHEL, (S)", "side": "left", "confidence": "bracketed", "anchors_on_street": 9 }, "geometry": { "type": "Point", "coordinates": [ -76.5946449864595, 39.287875749799376 ] } },
{ "type": "Feature", "properties": { "surname": "Cook", "given": "Clinton", "occupation": "waiter", "house_no": 26, "street_raw": "State st", "street_matched": "STATE", "side": "", "confidence": "street_proportional", "anchors_on_street": 0 }, "geometry": { "type": "Point", "coordinates": [ -76.620323154637887, 39.293723789898358 ] } },
{ "type": "Feature", "properties": { "surname": "Wm. H.", "given": "waiter", "occupation": "", "house_no": 286, "street_raw": "Mulberry st", "street_matched": "MULBERRY", "side": "", "confidence": "street_proportional", "anchors_on_street": 0 }, "geometry": { "type": "Point", "coordinates": [ -76.624970060882887, 39.29368740692815 ] } },
{ "type": "Feature", "properties": { "surname": "Sarah", "given": "washerwoman", "occupation": "", "house_no": 17, "street_raw": "Short st", "street_matched": "SHORT", "side": "", "confidence": "street_proportional", "anchors_on_street": 0 }, "geometry": { "type": "Point", "coordinates": [ -76.598038885802154, 39.295870370761321 ] } },
{ "type": "Feature", "properties": { "surname": "Cooley", "given": "Susan", "occupation": "washerwoman", "house_no": 390, "street_raw": "Saratogas!", "street_matched": "SARATOGA", "side": "left", "confidence": "bracketed", "anchors_on_street": 16 }, "geometry": { "type": "Point", "coordinates": [ -76.631091569814899, 39.292565527401912 ] } },
{ "type": "Feature", "properties": { "surname": "Henry", "given": "drayman", "occupation": "", "house_no": 113, "street_raw": "Montgomery st", "street_matched": "MONTGOMERY", "side": "left", "confidence": "extrapolated", "anchors_on_street": 7 }, "geometry": { "type": "Point", "coordinates": [ -76.60985412508326, 39.280059233318184 ] } },
{ "type": "Feature", "properties": { "surname": "Thomas", "given": "waiter", "occupation": "", "house_no": 114, "street_raw": "Ross st", "street_matched": "ROSS", "side": "left", "confidence": "bracketed", "anchors_on_street": 8 }, "geometry": { "type": "Point", "coordinates": [ -76.624437423043744, 39.298660250491501 ] } },
{ "type": "Feature", "properties": { "surname": "Elsby", "given": "laborer", "occupation": "", "house_no": 85, "street_raw": "Happy al", "street_matched": "DURHAM (S)", "side": "left", "confidence": "bracketed", "anchors_on_street": 9 }, "geometry": { "type": "Point", "coordinates": [ -76.590926644718891, 39.289058860114494 ] } },
{ "type": "Feature", "properties": { "surname": "Chester", "given": "Stephen", "occupation": "wagoner, 145 S. Strawberry al. ] Joseph, caulker", "house_no": 146, "street_raw": "Happy al", "street_matched": "DURHAM (S)", "side": "left", "confidence": "bracketed", "anchors_on_street": 9 }, "geometry": { "type": "Point", "coordinates": [ -76.590854333037527, 39.287857031954331 ] } },
{ "type": "Feature", "properties": { "surname": "Stanley", "given": "sawyer", "occupation": "", "house_no": 142, "street_raw": "Happy al", "street_matched": "DURHAM (S)", "side": "left", "confidence": "bracketed", "anchors_on_street": 9 }, "geometry": { "type": "Point", "coordinates": [ -76.590859074712057, 39.287935840372818 ] } },
{ "type": "Feature", "properties": { "surname": "Charles", "given": "A", "occupation": "waiter", "house_no": 72, "street_raw": "S. Howard st", "street_matched": "HOWARD (N)", "side": "left", "confidence": "single_anchor", "anchors_on_street": 2 }, "geometry": { "type": "Point", "coordinates": [ -76.619458177682532, 39.289354713598044 ] } },
{ "type": "Feature", "properties": { "surname": "Richard", "given": "J", "occupation": "white washer", "house_no": 20, "street_raw": "N. Sharp st. \\", "street_matched": "SHARP, (S)", "side": "left", "confidence": "extrapolated", "anchors_on_street": 5 }, "geometry": { "type": "Point", "coordinates": [ -76.617515642871879, 39.280923535799914 ] } },
{ "type": "Feature", "properties": { "surname": "Chinn", "given": "Adison", "occupation": "brickmaker", "house_no": 180, "street_raw": "S. Howard st. ';", "street_matched": "HOWARD (N)", "side": "left", "confidence": "single_anchor", "anchors_on_street": 2 }, "geometry": { "type": "Point", "coordinates": [ -76.619458177682532, 39.289354713598044 ] } },
{ "type": "Feature", "properties": { "surname": "Christie", "given": "Priscilla", "occupation": "washerwoman, 80 Salisbury st. Cormick James, waiter", "house_no": 58, "street_raw": "N. Calvert st", "street_matched": "CALVERT (N.)", "side": "left", "confidence": "bracketed", "anchors_on_street": 8 }, "geometry": { "type": "Point", "coordinates": [ -76.612492964602993, 39.292199812987533 ] } },
{ "type": "Feature", "properties": { "surname": "Gabriel", "given": "laborer", "occupation": "Arch al. near Potter st. . Cornish Adam, drayman", "house_no": 178, "street_raw": "S. Howard st", "street_matched": "HOWARD (N)", "side": "left", "confidence": "single_anchor", "anchors_on_street": 2 }, "geometry": { "type": "Point", "coordinates": [ -76.619458177682532, 39.289354713598044 ] } },
{ "type": "Feature", "properties": { "surname": "Robert", "given": "hackman", "occupation": "", "house_no": 182, "street_raw": "Happy al", "street_matched": "DURHAM (S)", "side": "left", "confidence": "bracketed", "anchors_on_street": 9 }, "geometry": { "type": "Point", "coordinates": [ -76.59077809016307, 39.286654392842777 ] } },
{ "type": "Feature", "properties": { "surname": "Thomas", "given": "laborer", "occupation": "", "house_no": 237, "street_raw": "Happy al", "street_matched": "DURHAM (S)", "side": "right", "confidence": "bracketed", "anchors_on_street": 9 }, "geometry": { "type": "Point", "coordinates": [ -76.590645349117466, 39.284869807935905 ] } },
{ "type": "Feature", "properties": { "surname": "Philip", "given": "laborer", "occupation": "", "house_no": 32, "street_raw": "Douglass st", "street_matched": "LEXINGTON", "side": "left", "confidence": "extrapolated", "anchors_on_street": 21 }, "geometry": { "type": "Point", "coordinates": [ -76.615245353193259, 39.291065717826946 ] } },
{ "type": "Feature", "properties": { "surname": "Edward", "given": "drayman", "occupation": "", "house_no": 2, "street_raw": "Lloyd st", "street_matched": "LLOYD", "side": "", "confidence": "street_proportional", "anchors_on_street": 0 }, "geometry": { "type": "Point", "coordinates": [ -76.599928139380054, 39.286961269913547 ] } },
{ "type": "Feature", "properties": { "surname": "Perry", "given": "laborer", "occupation": "", "house_no": 63, "street_raw": "Star al", "street_matched": "CHAPEL", "side": "", "confidence": "street_proportional", "anchors_on_street": 0 }, "geometry": { "type": "Point", "coordinates": [ -76.59018146531912, 39.297539203218591 ] } },
{ "type": "Feature", "properties": { "surname": "James", "given": "caulker", "occupation": "", "house_no": 65, "street_raw": "Star al", "street_matched": "CHAPEL", "side": "", "confidence": "street_proportional", "anchors_on_street": 0 }, "geometry": { "type": "Point", "coordinates": [ -76.59018146531912, 39.297539203218591 ] } },
{ "type": "Feature", "properties": { "surname": "Vv'm.", "given": "caulker", "occupation": "", "house_no": 65, "street_raw": "Star al", "street_matched": "CHAPEL", "side": "", "confidence": "street_proportional", "anchors_on_street": 0 }, "geometry": { "type": "Point", "coordinates": [ -76.59018146531912, 39.297539203218591 ] } },
{ "type": "Feature", "properties": { "surname": "Copper", "given": "Abraham", "occupation": "laborer", "house_no": 53, "street_raw": "Perry st", "street_matched": "PERRY", "side": "", "confidence": "street_proportional", "anchors_on_street": 0 }, "geometry": { "type": "Point", "coordinates": [ -76.616773729819855, 39.284859414178946 ] } },
{ "type": "Feature", "properties": { "surname": "Chubb", "given": "Anthony", "occupation": "waiter", "house_no": 31, "street_raw": "State st", "street_matched": "STATE", "side": "", "confidence": "street_proportional", "anchors_on_street": 0 }, "geometry": { "type": "Point", "coordinates": [ -76.620309025369949, 39.293490603791739 ] } },
{ "type": "Feature", "properties": { "surname": "Churchman", "given": "Wm", "occupation": "laborer", "house_no": 22, "street_raw": "Nicholson st", "street_matched": "NICHOLSON", "side": "", "confidence": "street_proportional", "anchors_on_street": 0 }, "geometry": { "type": "Point", "coordinates": [ -76.590692802067423, 39.273907649263414 ] } },
{ "type": "Feature", "properties": { "surname": "Clark", "given": "Wm", "occupation": "laborer", "house_no": 4, "street_raw": "Salisbury al", "street_matched": "SALISBURY", "side": "", "confidence": "street_proportional", "anchors_on_street": 0 }, "geometry": { "type": "Point", "coordinates": [ -76.601315439040945, 39.289952933667095 ] } },
{ "type": "Feature", "properties": { "surname": "Eli", "given": "laborer", "occupation": "", "house_no": 886, "street_raw": "W. Baltimore st", "street_matched": "BALTIMORE, (W)", "side": "left", "confidence": "bracketed", "anchors_on_street": 19 }, "geometry": { "type": "Point", "coordinates": [ -76.643670256153797, 39.288312657307237 ] } },
{ "type": "Feature", "properties": { "surname": "Richard", "given": "laborer", "occupation": "", "house_no": 1, "street_raw": "Salisbury al", "street_matched": "SALISBURY", "side": "", "confidence": "street_proportional", "anchors_on_street": 0 }, "geometry": { "type": "Point", "coordinates": [ -76.601259161720577, 39.289969238014521 ] } },
{ "type": "Feature", "properties": { "surname": "Perry", "given": "laborer", "occupation": "", "house_no": 102, "street_raw": "Low st", "street_matched": "LOW", "side": "", "confidence": "street_proportional", "anchors_on_street": 0 }, "geometry": { "type": "Point", "coordinates": [ -76.605520896941314, 39.29379241911009 ] } },
{ "type": "Feature", "properties": { "surname": "Edward", "given": "laborer", "occupation": "", "house_no": 12, "street_raw": "Biddle al", "street_matched": "BIDDLE, (W)", "side": "left", "confidence": "extrapolated", "anchors_on_street": 11 }, "geometry": { "type": "Point", "coordinates": [ -76.618744156380203, 39.302988368688077 ] } },
{ "type": "Feature", "properties": { "surname": "Clayton", "given": "Levi", "occupation": "seaman", "house_no": 34, "street_raw": "Welcome al", "street_matched": "WELCOME", "side": "", "confidence": "street_proportional", "anchors_on_street": 0 }, "geometry": { "type": "Point", "coordinates": [ -76.61670795126328, 39.282613410622758 ] } },
{ "type": "Feature", "properties": { "surname": "Henry", "given": "caulker", "occupation": "", "house_no": 35, "street_raw": "Argyle al", "street_matched": "ARGYLE", "side": "", "confidence": "street_proportional", "anchors_on_street": 0 }, "geometry": { "type": "Point", "coordinates": [ -76.632929079857362, 39.300671308441835 ] } },
{ "type": "Feature", "properties": { "surname": "Clinton", "given": "David", "occupation": "oysterman", "house_no": 26, "street_raw": "Argyle al", "street_matched": "ARGYLE", "side": "", "confidence": "street_proportional", "anchors_on_street": 0 }, "geometry": { "type": "Point", "coordinates": [ -76.634796521436158, 39.302180650930744 ] } },
{ "type": "Feature", "properties": { "surname": "Joseph", "given": "iaborer", "occupation": "", "house_no": 159, "street_raw": "Happy al", "street_matched": "DURHAM (S)", "side": "left", "confidence": "bracketed", "anchors_on_street": 9 }, "geometry": { "type": "Point", "coordinates": [ -76.590831139681711, 39.287484755089118 ] } },
{ "type": "Feature", "properties": { "surname": "Coates", "given": "Clem", "occupation": "laborer", "house_no": 266, "street_raw": "Light st", "street_matched": "LIGHT-ST. WHF", "side": "right", "confidence": "extrapolated", "anchors_on_street": 4 }, "geometry": { "type": "Point", "coordinates": [ -76.612657663534307, 39.27948595951122 ] } },
{ "type": "Feature", "properties": { "surname": "Colbert", "given": "Mathias", "occupation": "porter", "house_no": 20, "street_raw": "Welcome al", "street_matched": "WELCOME", "side": "", "confidence": "street_proportional", "anchors_on_street": 0 }, "geometry": { "type": "Point", "coordinates": [ -76.614992211553755, 39.282674818907559 ] } },
{ "type": "Feature", "properties": { "surname": "Colburn", "given": "Francis", "occupation": "drayman", "house_no": 138, "street_raw": "N. Calvert st", "street_matched": "CALVERT (N.)", "side": "left", "confidence": "bracketed", "anchors_on_street": 8 }, "geometry": { "type": "Point", "coordinates": [ -76.612711081112764, 39.295194240015391 ] } },
{ "type": "Feature", "properties": { "surname": "Philip", "given": "laborer", "occupation": "", "house_no": 57, "street_raw": "Jasper st", "street_matched": "JASPER", "side": "", "confidence": "street_proportional", "anchors_on_street": 0 }, "geometry": { "type": "Point", "coordinates": [ -76.621954884120655, 39.294766688514663 ] } },
{ "type": "Feature", "properties": { "surname": "Matilda", "given": "washerwoman", "occupation": "", "house_no": 41, "street_raw": "N. Sharp st", "street_matched": "SHARP, (S)", "side": "left", "confidence": "extrapolated", "anchors_on_street": 5 }, "geometry": { "type": "Point", "coordinates": [ -76.617515642871879, 39.280923535799914 ] } },
{ "type": "Feature", "properties": { "surname": "Caroline", "given": "washerw'n", "occupation": "", "house_no": 198, "street_raw": "S. Strawberry al", "street_matched": "DALLAS (S)", "side": "left", "confidence": "bracketed", "anchors_on_street": 9 }, "geometry": { "type": "Point", "coordinates": [ -76.59602566727537, 39.285204623795977 ] } },
{ "type": "Feature", "properties": { "surname": "Isaac", "given": "porter", "occupation": "", "house_no": 12, "street_raw": "Salisbury al", "street_matched": "SALISBURY", "side": "", "confidence": "street_proportional", "anchors_on_street": 0 }, "geometry": { "type": "Point", "coordinates": [ -76.601465511499285, 39.289909454713303 ] } },
{ "type": "Feature", "properties": { "surname": "Coleman", "given": "Josiah", "occupation": "oysterman, 10 Tyson st. . Israel, laborer, 93 Happy al. . John, dyer, 8 Hulls lane. . James, laborer, 13 Peach al. . Mary, washerwoman", "house_no": 109, "street_raw": "E. Lombard st", "street_matched": "LOMBARD, (E)", "side": "left", "confidence": "single_anchor", "anchors_on_street": 1 }, "geometry": { "type": "Point", "coordinates": [ -76.605011226926834, 39.288170059443566 ] } },
{ "type": "Feature", "properties": { "surname": "Collins", "given": "Jane", "occupation": "washerwoman", "house_no": 6, "street_raw": "Lloyd st", "street_matched": "LLOYD", "side": "", "confidence": "street_proportional", "anchors_on_street": 0 }, "geometry": { "type": "Point", "coordinates": [ -76.601167717265312, 39.288887456213054 ] } },
{ "type": "Feature", "properties": { "surname": "James", "given": "laborer", "occupation": "", "house_no": 56, "street_raw": "Salisbury st", "street_matched": "SALISBURY", "side": "", "confidence": "street_proportional", "anchors_on_street": 0 }, "geometry": { "type": "Point", "coordinates": [ -76.602290906731724, 39.289670317030541 ] } },
{ "type": "Feature", "properties": { "surname": "Conaway", "given": "Samuel", "occupation": "seaman, 180 S. Caroline st. . Ephraim, carpenter", "house_no": 171, "street_raw": "S. Spring st", "street_matched": "SPRING (S.)", "side": "right", "confidence": "bracketed", "anchors_on_street": 8 }, "geometry": { "type": "Point", "coordinates": [ -76.597508097259592, 39.2848828288977 ] } },
{ "type": "Feature", "properties": { "surname": "Connor", "given": "Isaac", "occupation": "ropemaker, 85 Cross st. . Daniel, shoemaker", "house_no": 65, "street_raw": "S. Frederick st", "street_matched": "FREDERICK", "side": "", "confidence": "street_proportional", "anchors_on_street": 0 }, "geometry": { "type": "Point", "coordinates": [ -76.608084069802516, 39.289811417026854 ] } },
{ "type": "Feature", "properties": { "surname": "Daniel", "given": "victualler", "occupation": "", "house_no": 31, "street_raw": "Apple al", "street_matched": "BETHEL, (S)", "side": "left", "confidence": "bracketed", "anchors_on_street": 9 }, "geometry": { "type": "Point", "coordinates": [ -76.594813395753235, 39.290426656392292 ] } },
{ "type": "Feature", "properties": { "surname": "Constable", "given": "Benjamin", "occupation": "waiter", "house_no": 42, "street_raw": "Dover st", "street_matched": "DOVER", "side": "", "confidence": "street_proportional", "anchors_on_street": 0 }, "geometry": { "type": "Point", "coordinates": [ -76.619651424864784, 39.285934180065773 ] } },
{ "type": "Feature", "properties": { "surname": "Cook", "given": "Wm", "occupation": "laborer", "house_no": 216, "street_raw": "Saratoga st", "street_matched": "SARATOGA", "side": "right", "confidence": "bracketed", "anchors_on_street": 16 }, "geometry": { "type": "Point", "coordinates": [ -76.625209508283106, 39.292773734013039 ] } },
{ "type": "Feature", "properties": { "surname": "John", "given": "drayman", "occupation": "", "house_no": 222, "street_raw": "Saratoga st", "street_matched": "SARATOGA", "side": "left", "confidence": "bracketed", "anchors_on_street": 16 }, "geometry": { "type": "Point", "coordinates": [ -76.624908661983909, 39.292783398235343 ] } },
{ "type": "Feature", "properties": { "surname": "Thomas", "given": "&. John", "occupation": "coopers", "house_no": 25, "street_raw": "N. Sharp st", "street_matched": "SHARP, (S)", "side": "left", "confidence": "extrapolated", "anchors_on_street": 5 }, "geometry": { "type": "Point", "coordinates": [ -76.617515642871879, 39.280923535799914 ] } },
{ "type": "Feature", "properties": { "surname": "John", "given": "of firm", "occupation": "h. 4 Hamilton st. - Mary, washerwoman", "house_no": 3, "street_raw": "Marion st", "street_matched": "MARION", "side": "", "confidence": "street_proportional", "anchors_on_street": 0 }, "geometry": { "type": "Point", "coordinates": [ -76.617714043422282, 39.291031812857135 ] } },
{ "type": "Feature", "properties": { "surname": "John", "given": "laborer", "occupation": "", "house_no": 4, "street_raw": "State st", "street_matched": "STATE", "side": "", "confidence": "street_proportional", "anchors_on_street": 0 }, "geometry": { "type": "Point", "coordinates": [ -76.620385325182042, 39.294749808529559 ] } },
{ "type": "Feature", "properties": { "surname": "Edward", "given": "sawyer", "occupation": "163 S. Strawberry al. ; John, drayman, 293 Biddle st. ; James, laborer", "house_no": 79, "street_raw": "S. Strawberry al", "street_matched": "DALLAS (S)", "side": "left", "confidence": "bracketed", "anchors_on_street": 9 }, "geometry": { "type": "Point", "coordinates": [ -76.596261448377049, 39.289103695251562 ] } },
{ "type": "Feature", "properties": { "surname": "Edward", "given": "laborer", "occupation": "215 Happy al. \\ John, laborer, 31 Forrest st. \\ Corsey Sarah, 73 Hughes st. I Charlotte, 103 Stirling st. > Cox Tilghman, hackman, 72 Centre st. ! Coxan Priscilla, washerwoman, 85 Salisbury st. I Crawford Rachel, washerwoman, 70 Centre st. \\ Wm., waiter", "house_no": 49, "street_raw": "Ross st", "street_matched": "ROSS", "side": "left", "confidence": "bracketed", "anchors_on_street": 8 }, "geometry": { "type": "Point", "coordinates": [ -76.622732758214568, 39.297397570382891 ] } },
{ "type": "Feature", "properties": { "surname": "Joseph", "given": "seaman", "occupation": "", "house_no": 47, "street_raw": "Perry st", "street_matched": "PERRY", "side": "", "confidence": "street_proportional", "anchors_on_street": 0 }, "geometry": { "type": "Point", "coordinates": [ -76.616259308307548, 39.284880330695557 ] } },
{ "type": "Feature", "properties": { "surname": "Crew", "given": "Edward F", "occupation": "", "house_no": 141, "street_raw": "Hill st", "street_matched": "HILL", "side": "left", "confidence": "bracketed", "anchors_on_street": 5 }, "geometry": { "type": "Point", "coordinates": [ -76.618712714270302, 39.280885517423961 ] } },
{ "type": "Feature", "properties": { "surname": "Asbury", "given": "laborer", "occupation": "", "house_no": 67, "street_raw": "Jasper st", "street_matched": "JASPER", "side": "", "confidence": "street_proportional", "anchors_on_street": 0 }, "geometry": { "type": "Point", "coordinates": [ -76.621925643926787, 39.294312733640048 ] } },
{ "type": "Feature", "properties": { "surname": "Crick", "given": "Eliza", "occupation": "seamstress", "house_no": 100, "street_raw": "Low st", "street_matched": "LOW", "side": "", "confidence": "street_proportional", "anchors_on_street": 0 }, "geometry": { "type": "Point", "coordinates": [ -76.605446465938272, 39.293850048615589 ] } },
{ "type": "Feature", "properties": { "surname": "Crippen", "given": "Littleton", "occupation": "drayman", "house_no": 63, "street_raw": "S. Howard st", "street_matched": "HOWARD (N)", "side": "left", "confidence": "single_anchor", "anchors_on_street": 2 }, "geometry": { "type": "Point", "coordinates": [ -76.619458177682532, 39.289354713598044 ] } },
{ "type": "Feature", "properties": { "surname": "Cromwell", "given": "Garretson", "occupation": "laborer", "house_no": 16, "street_raw": "Wayne st", "street_matched": "WAYNE", "side": "", "confidence": "street_proportional", "anchors_on_street": 0 }, "geometry": { "type": "Point", "coordinates": [ -76.619094967776775, 39.2834769999683 ] } },
{ "type": "Feature", "properties": { "surname": "George", "given": "shoemaker", "occupation": "", "house_no": 75, "street_raw": "Conway st", "street_matched": "CONWAY", "side": "", "confidence": "street_proportional", "anchors_on_street": 0 }, "geometry": { "type": "Point", "coordinates": [ -76.614062439235568, 39.284218016598196 ] } },
{ "type": "Feature", "properties": { "surname": "Isaac", "given": "drayman", "occupation": "", "house_no": 9, "street_raw": "Cider al", "street_matched": "CIDER", "side": "", "confidence": "street_proportional", "anchors_on_street": 0 }, "geometry": { "type": "Point", "coordinates": [ -76.623003173811668, 39.287983298388411 ] } },
{ "type": "Feature", "properties": { "surname": "Wm.", "given": "seaman", "occupation": "", "house_no": 135, "street_raw": "Low st", "street_matched": "LOW", "side": "", "confidence": "street_proportional", "anchors_on_street": 0 }, "geometry": { "type": "Point", "coordinates": [ -76.606749002070032, 39.292841533926058 ] } },
{ "type": "Feature", "properties": { "surname": "Edward", "given": "shoemaker", "occupation": "", "house_no": 44, "street_raw": "Star al", "street_matched": "CHAPEL", "side": "", "confidence": "street_proportional", "anchors_on_street": 0 }, "geometry": { "type": "Point", "coordinates": [ -76.59018146531912, 39.297539203218591 ] } },
{ "type": "Feature", "properties": { "surname": "Crook", "given": "Philip", "occupation": "laborer", "house_no": 81, "street_raw": "Hughes st", "street_matched": "HUGHES", "side": "", "confidence": "street_proportional", "anchors_on_street": 0 }, "geometry": { "type": "Point", "coordinates": [ -76.609657379545212, 39.280718484727466 ] } },
{ "type": "Feature", "properties": { "surname": "Crump", "given": "Emeline", "occupation": "washerwoman", "house_no": 235, "street_raw": "Happy al", "street_matched": "DURHAM (S)", "side": "right", "confidence": "bracketed", "anchors_on_street": 9 }, "geometry": { "type": "Point", "coordinates": [ -76.59065042539784, 39.284933668878082 ] } },
{ "type": "Feature", "properties": { "surname": "Cummings", "given": "Enoch", "occupation": "drayman, 146 Apple al. ! Simon, coachman, 11 Fon-est st. > James, laborer, 155 Bank st. ! Hannah, washerwoman, 155 Bank st. \\ Samuel, waiter, 9 Nicholson st. I John, mariner", "house_no": 237, "street_raw": "Happy al", "street_matched": "DURHAM (S)", "side": "right", "confidence": "bracketed", "anchors_on_street": 9 }, "geometry": { "type": "Point", "coordinates": [ -76.590645349117466, 39.284869807935905 ] } },
{ "type": "Feature", "properties": { "surname": "Cunningham", "given": "Isaac", "occupation": "laborer, 31 Low st. \\ Rebecca, SI Hughes st. ; Curtis Fred., porter in Mayor's office, 72 East st. i — — Samuel, huckster", "house_no": 173, "street_raw": "S. Sharp st", "street_matched": "SHARP, (S)", "side": "left", "confidence": "extrapolated", "anchors_on_street": 5 }, "geometry": { "type": "Point", "coordinates": [ -76.617515642871879, 39.280923535799914 ] } },
{ "type": "Feature", "properties": { "surname": "Henry", "given": "nightman", "occupation": "", "house_no": 254, "street_raw": "S. Strawberry al", "street_matched": "DALLAS (S)", "side": "left", "confidence": "bracketed", "anchors_on_street": 9 }, "geometry": { "type": "Point", "coordinates": [ -76.595917371604827, 39.283413735044299 ] } },
{ "type": "Feature", "properties": { "surname": "Davis", "given": "Mary", "occupation": "washerwoman", "house_no": 37, "street_raw": "S. Caroline st", "street_matched": "CAROLINE (S.)", "side": "left", "confidence": "bracketed", "anchors_on_street": 10 }, "geometry": { "type": "Point", "coordinates": [ -76.597069523904693, 39.290029610967778 ] } },
{ "type": "Feature", "properties": { "surname": "Louisa", "given": "washerwoman", "occupation": "", "house_no": 42, "street_raw": "Perry st", "street_matched": "PERRY", "side": "", "confidence": "street_proportional", "anchors_on_street": 0 }, "geometry": { "type": "Point", "coordinates": [ -76.615830623708305, 39.284897762762668 ] } },
{ "type": "Feature", "properties": { "surname": "Frances", "given": "washerwoman", "occupation": "7 Carpenters ai. ■ Frances, washerwoman", "house_no": 78, "street_raw": "N. Front st", "street_matched": "FRONT (N)", "side": "left", "confidence": "single_anchor", "anchors_on_street": 1 }, "geometry": { "type": "Point", "coordinates": [ -76.609297052551, 39.294171046848568 ] } },
{ "type": "Feature", "properties": { "surname": "Francis", "given": "seaman", "occupation": "", "house_no": 124, "street_raw": "St. Paul st", "street_matched": "PAUL", "side": "", "confidence": "street_proportional", "anchors_on_street": 0 }, "geometry": { "type": "Point", "coordinates": [ -76.613792832909439, 39.296103656582652 ] } },
{ "type": "Feature", "properties": { "surname": "James", "given": "cabinet maker", "occupation": "", "house_no": 15, "street_raw": "Saratoga st", "street_matched": "SARATOGA", "side": "left", "confidence": "extrapolated", "anchors_on_street": 16 }, "geometry": { "type": "Point", "coordinates": [ -76.62388484106431, 39.29281628110099 ] } },
{ "type": "Feature", "properties": { "surname": "James", "given": "whitewasher", "occupation": "309 Saratoga st. J ane", "house_no": 59, "street_raw": "Jasper st", "street_matched": "JASPER", "side": "", "confidence": "street_proportional", "anchors_on_street": 0 }, "geometry": { "type": "Point", "coordinates": [ -76.621949036051944, 39.294675897545268 ] } },
{ "type": "Feature", "properties": { "surname": "Cato", "given": "caulker", "occupation": "", "house_no": 208, "street_raw": "Happy al", "street_matched": "DURHAM (S)", "side": "left", "confidence": "bracketed", "anchors_on_street": 9 }, "geometry": { "type": "Point", "coordinates": [ -76.590716109178999, 39.285768170994885 ] } },
{ "type": "Feature", "properties": { "surname": "Deal", "given": "James", "occupation": "waiter", "house_no": 386, "street_raw": "S. Charles st", "street_matched": "CHARLES (S.)", "side": "left", "confidence": "extrapolated", "anchors_on_street": 12 }, "geometry": { "type": "Point", "coordinates": [ -76.614313877607955, 39.275804338451387 ] } },
{ "type": "Feature", "properties": { "surname": "Deaver", "given": "Smith", "occupation": "porter", "house_no": 5, "street_raw": "Pitt st", "street_matched": "FAYETTE (E)", "side": "left", "confidence": "extrapolated", "anchors_on_street": 11 }, "geometry": { "type": "Point", "coordinates": [ -76.606363186366707, 39.290680427381062 ] } },
{ "type": "Feature", "properties": { "surname": "Charles", "given": "butcher", "occupation": "", "house_no": 16, "street_raw": "Short st", "street_matched": "SHORT", "side": "", "confidence": "street_proportional", "anchors_on_street": 0 }, "geometry": { "type": "Point", "coordinates": [ -76.597998846590926, 39.295872061234803 ] } },
{ "type": "Feature", "properties": { "surname": "James", "given": "rope maker", "occupation": "", "house_no": 140, "street_raw": "Low st", "street_matched": "LOW", "side": "", "confidence": "street_proportional", "anchors_on_street": 0 }, "geometry": { "type": "Point", "coordinates": [ -76.606935077901227, 39.292697460961065 ] } },
{ "type": "Feature", "properties": { "surname": "Delosher", "given": "Isaiah", "occupation": "gardener", "house_no": 204, "street_raw": "Fayette st", "street_matched": "FAYETTE (E)", "side": "left", "confidence": "bracketed", "anchors_on_street": 11 }, "geometry": { "type": "Point", "coordinates": [ -76.597502235934613, 39.293126638412055 ] } },
{ "type": "Feature", "properties": { "surname": "Lewis", "given": "drayman", "occupation": "", "house_no": 7, "street_raw": "Comb al", "street_matched": "COMB", "side": "", "confidence": "street_proportional", "anchors_on_street": 0 }, "geometry": { "type": "Point", "coordinates": [ -76.616330903715863, 39.28208012399061 ] } },
{ "type": "Feature", "properties": { "surname": "Dennis", "given": "Peter", "occupation": "", "house_no": 137, "street_raw": "S. Strawberry al", "street_matched": "DALLAS (S)", "side": "left", "confidence": "bracketed", "anchors_on_street": 9 }, "geometry": { "type": "Point", "coordinates": [ -76.596155124237967, 39.287345423096937 ] } },
{ "type": "Feature", "properties": { "surname": "Denton", "given": "Lewis", "occupation": "laborer", "house_no": 86, "street_raw": "Hughes st", "street_matched": "HUGHES", "side": "", "confidence": "street_proportional", "anchors_on_street": 0 }, "geometry": { "type": "Point", "coordinates": [ -76.609914337572306, 39.280710908503643 ] } },
{ "type": "Feature", "properties": { "surname": "Derret", "given": "Wm", "occupation": "cabinet maker", "house_no": 34, "street_raw": "N. Sharp st", "street_matched": "SHARP, (S)", "side": "left", "confidence": "extrapolated", "anchors_on_street": 5 }, "geometry": { "type": "Point", "coordinates": [ -76.617515642871879, 39.280923535799914 ] } },
{ "type": "Feature", "properties": { "surname": "Derry", "given": "Wm", "occupation": "grain measurer", "house_no": 28, "street_raw": "Short st", "street_matched": "SHORT", "side": "", "confidence": "street_proportional", "anchors_on_street": 0 }, "geometry": { "type": "Point", "coordinates": [ -76.598479317017166, 39.295851774901202 ] } },
{ "type": "Feature", "properties": { "surname": "Dessin", "given": "Henry", "occupation": "confectioner", "house_no": 16, "street_raw": "E. Pratt st", "street_matched": "PRATT, (E)", "side": "left", "confidence": "bracketed", "anchors_on_street": 8 }, "geometry": { "type": "Point", "coordinates": [ -76.603859810133912, 39.287060870560573 ] } },
{ "type": "Feature", "properties": { "surname": "Dickins", "given": "John", "occupation": "porter", "house_no": 124, "street_raw": "Jasper st", "street_matched": "JASPER", "side": "", "confidence": "street_proportional", "anchors_on_street": 0 }, "geometry": { "type": "Point", "coordinates": [ -76.621758979128714, 39.291725189648133 ] } },
{ "type": "Feature", "properties": { "surname": "Dickinson", "given": "Wm", "occupation": "stevedore", "house_no": 98, "street_raw": "S. Spring st", "street_matched": "SPRING (S.)", "side": "left", "confidence": "bracketed", "anchors_on_street": 8 }, "geometry": { "type": "Point", "coordinates": [ -76.597710576502308, 39.288085767065205 ] } },
{ "type": "Feature", "properties": { "surname": "Daniel", "given": "drayman", "occupation": "", "house_no": 121, "street_raw": "Wayne st", "street_matched": "WAYNE", "side": "", "confidence": "street_proportional", "anchors_on_street": 0 }, "geometry": { "type": "Point", "coordinates": [ -76.617626385790842, 39.283547583632256 ] } },
{ "type": "Feature", "properties": { "surname": "Richard", "given": "steamboat hand", "occupation": "", "house_no": 45, "street_raw": "Douglass st", "street_matched": "LEXINGTON", "side": "left", "confidence": "extrapolated", "anchors_on_street": 21 }, "geometry": { "type": "Point", "coordinates": [ -76.615245353193259, 39.291065717826946 ] } },
{ "type": "Feature", "properties": { "surname": "Diggs", "given": "George", "occupation": "white washer", "house_no": 254, "street_raw": "Fayette st", "street_matched": "FAYETTE (E)", "side": "left", "confidence": "bracketed", "anchors_on_street": 11 }, "geometry": { "type": "Point", "coordinates": [ -76.595428321102631, 39.293699176719123 ] } },
{ "type": "Feature", "properties": { "surname": "Dikes", "given": "Wm", "occupation": "laborer", "house_no": 5, "street_raw": "N. Spring st", "street_matched": "SPRING (N.)", "side": "left", "confidence": "extrapolated", "anchors_on_street": 3 }, "geometry": { "type": "Point", "coordinates": [ -76.598067823163603, 39.293882138334126 ] } },
{ "type": "Feature", "properties": { "surname": "Dillaway", "given": "James", "occupation": "laborer", "house_no": 53, "street_raw": "Welcome al", "street_matched": "WELCOME", "side": "", "confidence": "street_proportional", "anchors_on_street": 0 }, "geometry": { "type": "Point", "coordinates": [ -76.619036452731649, 39.282530069999638 ] } },
{ "type": "Feature", "properties": { "surname": "Peter", "given": "laborer", "occupation": "", "house_no": 49, "street_raw": "Guilford al", "street_matched": "GUILFORD", "side": "", "confidence": "street_proportional", "anchors_on_street": 0 }, "geometry": { "type": "Point", "coordinates": [ -76.610967268376328, 39.289695647887285 ] } },
{ "type": "Feature", "properties": { "surname": "Dilley", "given": "Sally", "occupation": "cook", "house_no": 184, "street_raw": "S. Caroline st", "street_matched": "CAROLINE (S.)", "side": "left", "confidence": "bracketed", "anchors_on_street": 10 }, "geometry": { "type": "Point", "coordinates": [ -76.596800158604267, 39.286071793241398 ] } },
{ "type": "Feature", "properties": { "surname": "Abraham", "given": "laborer", "occupation": "", "house_no": 23, "street_raw": "Forrest st", "street_matched": "FORREST", "side": "", "confidence": "street_proportional", "anchors_on_street": 0 }, "geometry": { "type": "Point", "coordinates": [ -76.60799514502915, 39.301096237827018 ] } },
{ "type": "Feature", "properties": { "surname": "Samuel", "given": "laborer", "occupation": "", "house_no": 6, "street_raw": "Short al", "street_matched": "SHORT", "side": "", "confidence": "street_proportional", "anchors_on_street": 0 }, "geometry": { "type": "Point", "coordinates": [ -76.597598454373639, 39.295888965219113 ] } },
{ "type": "Feature", "properties": { "surname": "Jeremiah", "given": "carter", "occupation": "", "house_no": 52, "street_raw": "Long al", "street_matched": "BALTIMORE, (W)", "side": "left", "confidence": "bracketed", "anchors_on_street": 19 }, "geometry": { "type": "Point", "coordinates": [ -76.642184306841202, 39.288377538956986 ] } },
{ "type": "Feature", "properties": { "surname": "Henrietta", "given": "washerwoman", "occupation": "", "house_no": 161, "street_raw": "Ensor st", "street_matched": "ENSOR", "side": "", "confidence": "street_proportional", "anchors_on_street": 0 }, "geometry": { "type": "Point", "coordinates": [ -76.603625144833174, 39.305001354940003 ] } },
{ "type": "Feature", "properties": { "surname": "Peter", "given": "laborer", "occupation": "", "house_no": 105, "street_raw": "York st", "street_matched": "YORK", "side": "", "confidence": "street_proportional", "anchors_on_street": 0 }, "geometry": { "type": "Point", "coordinates": [ -76.61156699626369, 39.281469146791558 ] } },
{ "type": "Feature", "properties": { "surname": "Isaac", "given": "cook", "occupation": "", "house_no": 13, "street_raw": "Burgundy al", "street_matched": "BURGUNDY", "side": "", "confidence": "street_proportional", "anchors_on_street": 0 }, "geometry": { "type": "Point", "coordinates": [ -76.625279199925231, 39.281734497790339 ] } },
{ "type": "Feature", "properties": { "surname": "Wm.", "given": "drayman", "occupation": "", "house_no": 13, "street_raw": "Burgundy al", "street_matched": "BURGUNDY", "side": "", "confidence": "street_proportional", "anchors_on_street": 0 }, "geometry": { "type": "Point", "coordinates": [ -76.625279199925231, 39.281734497790339 ] } },
{ "type": "Feature", "properties": { "surname": "Dobbs", "given": "Henry", "occupation": "drayman", "house_no": 35, "street_raw": "Tyson st", "street_matched": "TYSON", "side": "", "confidence": "street_proportional", "anchors_on_street": 0 }, "geometry": { "type": "Point", "coordinates": [ -76.619340496763101, 39.299965262870366 ] } },
{ "type": "Feature", "properties": { "surname": "Edward", "given": "drayman", "occupation": "", "house_no": 69, "street_raw": "Forrest st", "street_matched": "FORREST", "side": "", "confidence": "street_proportional", "anchors_on_street": 0 }, "geometry": { "type": "Point", "coordinates": [ -76.607874616058496, 39.300638692520074 ] } },
{ "type": "Feature", "properties": { "surname": "Isaac", "given": "blacksmith", "occupation": "", "house_no": 106, "street_raw": "Happy alley", "street_matched": "DURHAM (S)", "side": "left", "confidence": "bracketed", "anchors_on_street": 9 }, "geometry": { "type": "Point", "coordinates": [ -76.590901750256947, 39.288645116047363 ] } },
{ "type": "Feature", "properties": { "surname": "Henry", "given": "laborer", "occupation": "", "house_no": 144, "street_raw": "German st", "street_matched": "PRATT, (E)", "side": "left", "confidence": "bracketed", "anchors_on_street": 8 }, "geometry": { "type": "Point", "coordinates": [ -76.597552298668063, 39.289078715096331 ] } },
{ "type": "Feature", "properties": { "surname": "Abraham", "given": "porter", "occupation": "", "house_no": 30, "street_raw": "N. Sharp st", "street_matched": "SHARP, (S)", "side": "left", "confidence": "extrapolated", "anchors_on_street": 5 }, "geometry": { "type": "Point", "coordinates": [ -76.617515642871879, 39.280923535799914 ] } },
{ "type": "Feature", "properties": { "surname": "Alex.", "given": "sawyer", "occupation": "", "house_no": 42, "street_raw": "N. Sharp st", "street_matched": "SHARP, (S)", "side": "left", "confidence": "extrapolated", "anchors_on_street": 5 }, "geometry": { "type": "Point", "coordinates": [ -76.617515642871879, 39.280923535799914 ] } },
{ "type": "Feature", "properties": { "surname": "Henry", "given": "huckster", "occupation": "", "house_no": 458, "street_raw": "W. Baltimore st", "street_matched": "BALTIMORE, (W)", "side": "left", "confidence": "bracketed", "anchors_on_street": 19 }, "geometry": { "type": "Point", "coordinates": [ -76.642907682804264, 39.288345953731131 ] } },
{ "type": "Feature", "properties": { "surname": "Cain", "given": "29 Sugar alley. ■ Perry", "occupation": "grain measurer", "house_no": 24, "street_raw": "Cross st", "street_matched": "CROSS", "side": "", "confidence": "street_proportional", "anchors_on_street": 0 }, "geometry": { "type": "Point", "coordinates": [ -76.609615082138887, 39.277332464231399 ] } },
{ "type": "Feature", "properties": { "surname": "Henry", "given": "laborer", "occupation": "", "house_no": 97, "street_raw": "Jasper st", "street_matched": "JASPER", "side": "", "confidence": "street_proportional", "anchors_on_street": 0 }, "geometry": { "type": "Point", "coordinates": [ -76.621837925553564, 39.292950868603661 ] } },
{ "type": "Feature", "properties": { "surname": "Tamey", "given": "washerwoman", "occupation": "17 Peach alley, I Dorsey George, laborer, 1 Friendship st. ; Dosson J. Joseph, barber", "house_no": 21, "street_raw": "W. Lombard st", "street_matched": "LOMBARD, (W)", "side": "left", "confidence": "extrapolated", "anchors_on_street": 8 }, "geometry": { "type": "Point", "coordinates": [ -76.6278169831551, 39.287030180865059 ] } },
{ "type": "Feature", "properties": { "surname": "Dowden", "given": "Solomon", "occupation": "sawyer", "house_no": 6, "street_raw": "Forrest st", "street_matched": "FORREST", "side": "", "confidence": "street_proportional", "anchors_on_street": 0 }, "geometry": { "type": "Point", "coordinates": [ -76.608039688737932, 39.301265330610562 ] } },
{ "type": "Feature", "properties": { "surname": "Abraham", "given": "laborer", "occupation": "48 Mulberry st. S., sawyer", "house_no": 66, "street_raw": "S. Strawberry alley", "street_matched": "DALLAS (S)", "side": "left", "confidence": "bracketed", "anchors_on_street": 9 }, "geometry": { "type": "Point", "coordinates": [ -76.596287615939971, 39.28953642449251 ] } },
{ "type": "Feature", "properties": { "surname": "Adam", "given": "laborer", "occupation": "", "house_no": 118, "street_raw": "E. Madison st", "street_matched": "MADISON (E)", "side": "left", "confidence": "bracketed", "anchors_on_street": 16 }, "geometry": { "type": "Point", "coordinates": [ -76.605185416699655, 39.298991765745129 ] } },
{ "type": "Feature", "properties": { "surname": "Dowers", "given": "Isaac", "occupation": "drayman", "house_no": 73, "street_raw": "Stirling st", "street_matched": "STIRLING", "side": "", "confidence": "street_proportional", "anchors_on_street": 0 }, "geometry": { "type": "Point", "coordinates": [ -76.602751524815432, 39.301510359321476 ] } },
{ "type": "Feature", "properties": { "surname": "Downey", "given": "Wm", "occupation": "laborer", "house_no": 45, "street_raw": "Ross st", "street_matched": "ROSS", "side": "left", "confidence": "bracketed", "anchors_on_street": 8 }, "geometry": { "type": "Point", "coordinates": [ -76.62258412771601, 39.297312604239046 ] } },
{ "type": "Feature", "properties": { "surname": "Wm.", "given": "hackman", "occupation": "", "house_no": 239, "street_raw": "N. Gay st", "street_matched": "GAY, (N)", "side": "left", "confidence": "single_anchor", "anchors_on_street": 9 }, "geometry": { "type": "Point", "coordinates": [ -76.601308965441916, 39.298082117436834 ] } },
{ "type": "Feature", "properties": { "surname": "Isaac", "given": "laborer", "occupation": "", "house_no": 564, "street_raw": "Saratoga st", "street_matched": "SARATOGA", "side": "left", "confidence": "bracketed", "anchors_on_street": 16 }, "geometry": { "type": "Point", "coordinates": [ -76.63684610455897, 39.292352964594912 ] } },
{ "type": "Feature", "properties": { "surname": "Draper", "given": "Garrison", "occupation": "tobacconist", "house_no": 162, "street_raw": "Forrest st", "street_matched": "FORREST", "side": "", "confidence": "street_proportional", "anchors_on_street": 0 }, "geometry": { "type": "Point", "coordinates": [ -76.607629016027985, 39.299713962470832 ] } },
{ "type": "Feature", "properties": { "surname": "Drewit", "given": "Henry", "occupation": "laborer", "house_no": 63, "street_raw": "Jasper st", "street_matched": "JASPER", "side": "", "confidence": "street_proportional", "anchors_on_street": 0 }, "geometry": { "type": "Point", "coordinates": [ -76.621937339959416, 39.294494315598172 ] } },
{ "type": "Feature", "properties": { "surname": "Drummond", "given": "Edward", "occupation": "porter", "house_no": 56, "street_raw": "Mulberry st", "street_matched": "MULBERRY", "side": "", "confidence": "street_proportional", "anchors_on_street": 0 }, "geometry": { "type": "Point", "coordinates": [ -76.650826537479432, 39.292767938592021 ] } },
{ "type": "Feature", "properties": { "surname": "Dubois", "given": "Joseph", "occupation": "barber", "house_no": 38, "street_raw": "President st", "street_matched": "PRESIDENT", "side": "", "confidence": "street_proportional", "anchors_on_street": 0 }, "geometry": { "type": "Point", "coordinates": [ -76.602577124338396, 39.282206225188936 ] } },
{ "type": "Feature", "properties": { "surname": "Duckerry", "given": "James", "occupation": "brickmaker", "house_no": 26, "street_raw": "Wayne st", "street_matched": "WAYNE", "side": "", "confidence": "street_proportional", "anchors_on_street": 0 }, "geometry": { "type": "Point", "coordinates": [ -76.618955102958026, 39.283483723106677 ] } },
{ "type": "Feature", "properties": { "surname": "Ducket", "given": "Francis", "occupation": "waiter, 64 Centre st. I Duff George, shoemaker, 117 Yorkst. I Duffin Basil, laborer, 122 St. Paul st. ; Dulaney Charles, ostler, 26 N. Sharp st. ' Dunn Daniel, soap dealer", "house_no": 5, "street_raw": "Short st", "street_matched": "SHORT", "side": "", "confidence": "street_proportional", "anchors_on_street": 0 }, "geometry": { "type": "Point", "coordinates": [ -76.597558415141407, 39.2958906555425 ] } },
{ "type": "Feature", "properties": { "surname": "Charles", "given": "laborer", "occupation": "", "house_no": 99, "street_raw": "Low st", "street_matched": "LOW", "side": "", "confidence": "street_proportional", "anchors_on_street": 0 }, "geometry": { "type": "Point", "coordinates": [ -76.605409250573757, 39.293878863492523 ] } },
{ "type": "Feature", "properties": { "surname": "John", "given": "grain runner", "occupation": "", "house_no": 388, "street_raw": "S. Charles st", "street_matched": "CHARLES (S.)", "side": "left", "confidence": "extrapolated", "anchors_on_street": 12 }, "geometry": { "type": "Point", "coordinates": [ -76.614310207870872, 39.275748935788791 ] } },
{ "type": "Feature", "properties": { "surname": "Dutton", "given": "Overton", "occupation": "ostler", "house_no": 112, "street_raw": "N. Canal st", "street_matched": "CANAL", "side": "", "confidence": "street_proportional", "anchors_on_street": 0 }, "geometry": { "type": "Point", "coordinates": [ -76.595605304048462, 39.296946046289918 ] } },
{ "type": "Feature", "properties": { "surname": "EARL", "given": "Mary", "occupation": "", "house_no": 21, "street_raw": "Ross st", "street_matched": "ROSS", "side": "left", "confidence": "bracketed", "anchors_on_street": 8 }, "geometry": { "type": "Point", "coordinates": [ -76.621764515032083, 39.296844055098639 ] } },
{ "type": "Feature", "properties": { "surname": "Edmonson", "given": "Sarah", "occupation": "cook", "house_no": 187, "street_raw": "Apple alley", "street_matched": "BETHEL, (S)", "side": "left", "confidence": "bracketed", "anchors_on_street": 9 }, "geometry": { "type": "Point", "coordinates": [ -76.594374145247713, 39.28428827849325 ] } },
{ "type": "Feature", "properties": { "surname": "Edwards", "given": "Charlotte", "occupation": "washerwoman", "house_no": 14, "street_raw": "Wagon al", "street_matched": "WAGON", "side": "", "confidence": "street_proportional", "anchors_on_street": 0 }, "geometry": { "type": "Point", "coordinates": [ -76.636906144495981, 39.291555033965416 ] } },
{ "type": "Feature", "properties": { "surname": "Effort", "given": "Henry", "occupation": "brickmaker", "house_no": 28, "street_raw": "Dover st", "street_matched": "DOVER", "side": "", "confidence": "street_proportional", "anchors_on_street": 0 }, "geometry": { "type": "Point", "coordinates": [ -76.61821495722323, 39.285986955755924 ] } },
{ "type": "Feature", "properties": { "surname": "Ehien", "given": "Sally", "occupation": "washerwoman", "house_no": 34, "street_raw": "Argyle alley", "street_matched": "ARGYLE", "side": "", "confidence": "street_proportional", "anchors_on_street": 0 }, "geometry": { "type": "Point", "coordinates": [ -76.633136571808251, 39.300839012894613 ] } },
{ "type": "Feature", "properties": { "surname": "Elbert", "given": "Henry", "occupation": "carter", "house_no": 22, "street_raw": "Douglass st", "street_matched": "LEXINGTON", "side": "left", "confidence": "extrapolated", "anchors_on_street": 21 }, "geometry": { "type": "Point", "coordinates": [ -76.615245353193259, 39.291065717826946 ] } },
{ "type": "Feature", "properties": { "surname": "Henry", "given": "sawyer", "occupation": "", "house_no": 41, "street_raw": "Pleasant st", "street_matched": "PLEASANT", "side": "left", "confidence": "single_anchor", "anchors_on_street": 1 }, "geometry": { "type": "Point", "coordinates": [ -76.615412575632334, 39.293460026263617 ] } },
{ "type": "Feature", "properties": { "surname": "Elliott", "given": "Robert", "occupation": "waiter", "house_no": 43, "street_raw": "Lerew's alley", "street_matched": "TYSON", "side": "", "confidence": "street_proportional", "anchors_on_street": 0 }, "geometry": { "type": "Point", "coordinates": [ -76.619329040262329, 39.299787981073493 ] } },
{ "type": "Feature", "properties": { "surname": "Samuel", "given": "porter", "occupation": "", "house_no": 890, "street_raw": "W. Baltimore st", "street_matched": "BALTIMORE, (W)", "side": "left", "confidence": "bracketed", "anchors_on_street": 19 }, "geometry": { "type": "Point", "coordinates": [ -76.643677383005183, 39.288312346116612 ] } },
{ "type": "Feature", "properties": { "surname": "Ellis", "given": "Rev. Mingo", "occupation": "", "house_no": 99, "street_raw": "Hill st", "street_matched": "HILL", "side": "left", "confidence": "bracketed", "anchors_on_street": 5 }, "geometry": { "type": "Point", "coordinates": [ -76.616911968986855, 39.280940668350631 ] } },
{ "type": "Feature", "properties": { "surname": "James", "given": "porter", "occupation": "", "house_no": 84, "street_raw": "Park st", "street_matched": "PARK", "side": "left", "confidence": "bracketed", "anchors_on_street": 9 }, "geometry": { "type": "Point", "coordinates": [ -76.618275513901338, 39.295304046715003 ] } },
{ "type": "Feature", "properties": { "surname": "Owen", "given": "laborer", "occupation": "", "house_no": 188, "street_raw": "S. Howard st", "street_matched": "HOWARD (N)", "side": "left", "confidence": "single_anchor", "anchors_on_street": 2 }, "geometry": { "type": "Point", "coordinates": [ -76.619458177682532, 39.289354713598044 ] } },
{ "type": "Feature", "properties": { "surname": "Joshua", "given": "laborer", "occupation": "", "house_no": 68, "street_raw": "S. Strawberry alley", "street_matched": "DALLAS (S)", "side": "left", "confidence": "bracketed", "anchors_on_street": 9 }, "geometry": { "type": "Point", "coordinates": [ -76.596283549058626, 39.289469171149442 ] } },
{ "type": "Feature", "properties": { "surname": "Eulen", "given": "George", "occupation": "drayman", "house_no": 52, "street_raw": "Park st", "street_matched": "PARK", "side": "left", "confidence": "bracketed", "anchors_on_street": 9 }, "geometry": { "type": "Point", "coordinates": [ -76.618114655942975, 39.292684217081685 ] } },
{ "type": "Feature", "properties": { "surname": "Evans", "given": "Hooper", "occupation": "seaman", "house_no": 35, "street_raw": "Jefferson st", "street_matched": "JEFFERSON", "side": "", "confidence": "street_proportional", "anchors_on_street": 0 }, "geometry": { "type": "Point", "coordinates": [ -76.572587039485754, 39.29711108493396 ] } },
{ "type": "Feature", "properties": { "surname": "James", "given": "porter", "occupation": "", "house_no": 18, "street_raw": "Forrest st", "street_matched": "FORREST", "side": "", "confidence": "street_proportional", "anchors_on_street": 0 }, "geometry": { "type": "Point", "coordinates": [ -76.60800824609791, 39.30114597100129 ] } },
{ "type": "Feature", "properties": { "surname": "Evers", "given": "Thornton", "occupation": "caulker", "house_no": 140, "street_raw": "Hill st", "street_matched": "HILL", "side": "left", "confidence": "bracketed", "anchors_on_street": 5 }, "geometry": { "type": "Point", "coordinates": [ -76.618668378317608, 39.280886925773139 ] } },
{ "type": "Feature", "properties": { "surname": "FARRELL", "given": "Ann", "occupation": "washerwoman", "house_no": 98, "street_raw": "Low st", "street_matched": "LOW", "side": "", "confidence": "street_proportional", "anchors_on_street": 0 }, "geometry": { "type": "Point", "coordinates": [ -76.605372035179016, 39.293907678357371 ] } },
{ "type": "Feature", "properties": { "surname": "Ferguson", "given": "B. F", "occupation": "barber, 195 E. Baltimore st. — — Benjamin", "house_no": 71, "street_raw": "Hughes st", "street_matched": "HUGHES", "side": "", "confidence": "street_proportional", "anchors_on_street": 0 }, "geometry": { "type": "Point", "coordinates": [ -76.60914346335943, 39.280733636165579 ] } },
{ "type": "Feature", "properties": { "surname": "Benjamin", "given": "brickmaker", "occupation": "", "house_no": 11, "street_raw": "Comb alley", "street_matched": "COMB", "side": "", "confidence": "street_proportional", "anchors_on_street": 0 }, "geometry": { "type": "Point", "coordinates": [ -76.616293745928928, 39.281519694339778 ] } },
{ "type": "Feature", "properties": { "surname": "Fernandis", "given": "Jonathan", "occupation": "barber", "house_no": 345, "street_raw": "S. Bond st", "street_matched": "BOND,(S)", "side": "right", "confidence": "bracketed", "anchors_on_street": 9 }, "geometry": { "type": "Point", "coordinates": [ -76.595035904578367, 39.281105439238118 ] } },
{ "type": "Feature", "properties": { "surname": "Edward", "given": "porter", "occupation": "", "house_no": 48, "street_raw": "N. Sharp st", "street_matched": "SHARP, (S)", "side": "left", "confidence": "extrapolated", "anchors_on_street": 5 }, "geometry": { "type": "Point", "coordinates": [ -76.617515642871879, 39.280923535799914 ] } },
{ "type": "Feature", "properties": { "surname": "Fitzgerald", "given": "Maria", "occupation": "", "house_no": 7, "street_raw": "Jasper st", "street_matched": "JASPER", "side": "", "confidence": "street_proportional", "anchors_on_street": 0 }, "geometry": { "type": "Point", "coordinates": [ -76.622101081773948, 39.297036462198683 ] } },
{ "type": "Feature", "properties": { "surname": "Flanier", "given": "Nicholas", "occupation": "shoemaker, 99 Jasper st. ■ Sherry, laborer", "house_no": 368, "street_raw": "Light st", "street_matched": "LIGHT-ST. WHF", "side": "right", "confidence": "extrapolated", "anchors_on_street": 4 }, "geometry": { "type": "Point", "coordinates": [ -76.612201324521237, 39.275908736683547 ] } },
{ "type": "Feature", "properties": { "surname": "Samuel", "given": "laborer", "occupation": "", "house_no": 71, "street_raw": "Hughes st", "street_matched": "HUGHES", "side": "", "confidence": "street_proportional", "anchors_on_street": 0 }, "geometry": { "type": "Point", "coordinates": [ -76.60914346335943, 39.280733636165579 ] } },
{ "type": "Feature", "properties": { "surname": "Gale", "given": "Harriet", "occupation": "washerwoman", "house_no": 34, "street_raw": "Hill st", "street_matched": "HILL", "side": "left", "confidence": "bracketed", "anchors_on_street": 5 }, "geometry": { "type": "Point", "coordinates": [ -76.614151547680919, 39.281025399673489 ] } },
{ "type": "Feature", "properties": { "surname": "Garner", "given": "Michael", "occupation": "porter", "house_no": 7, "street_raw": "Welcome alley", "street_matched": "WELCOME", "side": "", "confidence": "street_proportional", "anchors_on_street": 0 }, "geometry": { "type": "Point", "coordinates": [ -76.613398895600398, 39.282729635088863 ] } },
{ "type": "Feature", "properties": { "surname": "Folkes", "given": "Thomas", "occupation": "boot maker, 58 Mulberry st. ■ Henry, shoemaker", "house_no": 85, "street_raw": "Mulberry st", "street_matched": "MULBERRY", "side": "", "confidence": "street_proportional", "anchors_on_street": 0 }, "geometry": { "type": "Point", "coordinates": [ -76.647565903864233, 39.292876307333351 ] } },
{ "type": "Feature", "properties": { "surname": "Voote", "given": "Ann", "occupation": "husk picker", "house_no": 37, "street_raw": "Forrest st", "street_matched": "FORREST", "side": "", "confidence": "street_proportional", "anchors_on_street": 0 }, "geometry": { "type": "Point", "coordinates": [ -76.607958462134334, 39.300956984927282 ] } },
{ "type": "Feature", "properties": { "surname": "Sarah", "given": "washerwoman", "occupation": "182 S. Spring st. ■ Thomas, hackman", "house_no": 13, "street_raw": "Henrietta st", "street_matched": "HENRIETTA", "side": "", "confidence": "street_proportional", "anchors_on_street": 0 }, "geometry": { "type": "Point", "coordinates": [ -76.612626795351375, 39.279063666737493 ] } },
{ "type": "Feature", "properties": { "surname": "Samuel", "given": "waiter", "occupation": "", "house_no": 66, "street_raw": "Centre st", "street_matched": "CENTRE, (W)", "side": "left", "confidence": "extrapolated", "anchors_on_street": 4 }, "geometry": { "type": "Point", "coordinates": [ -76.61561127001282, 39.296304955378602 ] } },
{ "type": "Feature", "properties": { "surname": "Washington", "given": "stone cutter", "occupation": "", "house_no": 210, "street_raw": "Fayette st", "street_matched": "FAYETTE (E)", "side": "left", "confidence": "bracketed", "anchors_on_street": 11 }, "geometry": { "type": "Point", "coordinates": [ -76.597122558262612, 39.293231454665147 ] } },
{ "type": "Feature", "properties": { "surname": "Ignatius", "given": "laborer", "occupation": "", "house_no": 110, "street_raw": "Jasper st", "street_matched": "JASPER", "side": "", "confidence": "street_proportional", "anchors_on_street": 0 }, "geometry": { "type": "Point", "coordinates": [ -76.621799914233179, 39.292360726936842 ] } },
{ "type": "Feature", "properties": { "surname": "Benjamin", "given": "waiter", "occupation": "", "house_no": 142, "street_raw": "W. Lombard st", "street_matched": "LOMBARD, (W)", "side": "left", "confidence": "extrapolated", "anchors_on_street": 8 }, "geometry": { "type": "Point", "coordinates": [ -76.6278169831551, 39.287030180865059 ] } },
{ "type": "Feature", "properties": { "surname": "Lyiiia", "given": "washerwoman", "occupation": "", "house_no": 44, "street_raw": "Park st", "street_matched": "PARK", "side": "left", "confidence": "bracketed", "anchors_on_street": 9 }, "geometry": { "type": "Point", "coordinates": [ -76.61808096583249, 39.292135509805263 ] } },
{ "type": "Feature", "properties": { "surname": "Fortune", "given": "John A", "occupation": "shopkeeper", "house_no": 56, "street_raw": "N. Calvert st", "street_matched": "CALVERT (N.)", "side": "left", "confidence": "bracketed", "anchors_on_street": 8 }, "geometry": { "type": "Point", "coordinates": [ -76.612487511631187, 39.292124952285256 ] } },
{ "type": "Feature", "properties": { "surname": "Charles", "given": "brickmaker", "occupation": "", "house_no": 23, "street_raw": "Welcome alley", "street_matched": "WELCOME", "side": "", "confidence": "street_proportional", "anchors_on_street": 0 }, "geometry": { "type": "Point", "coordinates": [ -76.615359870220985, 39.282661660546722 ] } },
{ "type": "Feature", "properties": { "surname": "Alfred", "given": "laborer", "occupation": "", "house_no": 141, "street_raw": "Hughes st", "street_matched": "HUGHES", "side": "", "confidence": "street_proportional", "anchors_on_street": 0 }, "geometry": { "type": "Point", "coordinates": [ -76.612739073814623, 39.28059964213827 ] } },
{ "type": "Feature", "properties": { "surname": "Hinson", "given": "stevedore", "occupation": "", "house_no": 60, "street_raw": "Granby st", "street_matched": "GRANBY", "side": "", "confidence": "street_proportional", "anchors_on_street": 0 }, "geometry": { "type": "Point", "coordinates": [ -76.59947234543047, 39.289545118308759 ] } },
{ "type": "Feature", "properties": { "surname": "Rebecca", "given": "washerwoman", "occupation": "", "house_no": 4, "street_raw": "Lloyd st", "street_matched": "LLOYD", "side": "", "confidence": "street_proportional", "anchors_on_street": 0 }, "geometry": { "type": "Point", "coordinates": [ -76.600547923577508, 39.287924363410426 ] } },
{ "type": "Feature", "properties": { "surname": "Leonard", "given": "grain measurer", "occupation": "", "house_no": 29, "street_raw": "Johnson st", "street_matched": "JOHNSON", "side": "", "confidence": "street_proportional", "anchors_on_street": 0 }, "geometry": { "type": "Point", "coordinates": [ -76.609226037436557, 39.26876586607937 ] } },
{ "type": "Feature", "properties": { "surname": "Francis", "given": "John", "occupation": "laborer", "house_no": 121, "street_raw": "S. Bond st", "street_matched": "BOND,(S)", "side": "left", "confidence": "bracketed", "anchors_on_street": 9 }, "geometry": { "type": "Point", "coordinates": [ -76.595508774367687, 39.288063167233936 ] } },
{ "type": "Feature", "properties": { "surname": "Thomas", "given": "laborer", "occupation": "", "house_no": 218, "street_raw": "German st", "street_matched": "PRATT, (W)", "side": "left", "confidence": "bracketed", "anchors_on_street": 22 }, "geometry": { "type": "Point", "coordinates": [ -76.617102882046481, 39.286401190402614 ] } },
{ "type": "Feature", "properties": { "surname": "John", "given": "seaman", "occupation": "", "house_no": 215, "street_raw": "S. Strawberry alley", "street_matched": "DALLAS (S)", "side": "left", "confidence": "bracketed", "anchors_on_street": 9 }, "geometry": { "type": "Point", "coordinates": [ -76.59599933568299, 39.28476917629758 ] } },
{ "type": "Feature", "properties": { "surname": "Henry", "given": "laborer", "occupation": "", "house_no": 152, "street_raw": "Low st", "street_matched": "LOW", "side": "", "confidence": "street_proportional", "anchors_on_street": 0 }, "geometry": { "type": "Point", "coordinates": [ -76.607381659186572, 39.292351686468955 ] } },
{ "type": "Feature", "properties": { "surname": "Franklin", "given": "Peter", "occupation": "whitewasher", "house_no": 97, "street_raw": "Montgomery st", "street_matched": "MONTGOMERY", "side": "left", "confidence": "extrapolated", "anchors_on_street": 7 }, "geometry": { "type": "Point", "coordinates": [ -76.60985412508326, 39.280059233318184 ] } },
{ "type": "Feature", "properties": { "surname": "Frazer", "given": "John", "occupation": "mattrass maker", "house_no": 50, "street_raw": "Biddle alley", "street_matched": "BIDDLE, (W)", "side": "right", "confidence": "bracketed", "anchors_on_street": 11 }, "geometry": { "type": "Point", "coordinates": [ -76.619776873600742, 39.302123649768141 ] } },
{ "type": "Feature", "properties": { "surname": "Frazier", "given": "Tench", "occupation": "stevedore", "house_no": 89, "street_raw": "S. Spring st", "street_matched": "SPRING (S.)", "side": "left", "confidence": "bracketed", "anchors_on_street": 8 }, "geometry": { "type": "Point", "coordinates": [ -76.597723901854252, 39.288296555728486 ] } },
{ "type": "Feature", "properties": { "surname": "Freeman", "given": "Henry", "occupation": "shoemaker", "house_no": 39, "street_raw": "Douglass st", "street_matched": "LEXINGTON", "side": "left", "confidence": "extrapolated", "anchors_on_street": 21 }, "geometry": { "type": "Point", "coordinates": [ -76.615245353193259, 39.291065717826946 ] } },
{ "type": "Feature", "properties": { "surname": "Wra.", "given": "laborer", "occupation": "", "house_no": 72, "street_raw": "Long st", "street_matched": "BALTIMORE, (W)", "side": "left", "confidence": "bracketed", "anchors_on_street": 19 }, "geometry": { "type": "Point", "coordinates": [ -76.642219941134599, 39.288375983061698 ] } },
{ "type": "Feature", "properties": { "surname": "Frisby", "given": "Perry", "occupation": "laborer", "house_no": 83, "street_raw": "Hughes st", "street_matched": "HUGHES", "side": "", "confidence": "street_proportional", "anchors_on_street": 0 }, "geometry": { "type": "Point", "coordinates": [ -76.609760162756032, 39.280715454170029 ] } },
{ "type": "Feature", "properties": { "surname": "Harriet", "given": "washerwoman", "occupation": "", "house_no": 100, "street_raw": "Jasper st", "street_matched": "JASPER", "side": "", "confidence": "street_proportional", "anchors_on_street": 0 }, "geometry": { "type": "Point", "coordinates": [ -76.62182915387919, 39.292814682066741 ] } },
{ "type": "Feature", "properties": { "surname": "Spencer", "given": "laborer", "occupation": "", "house_no": 48, "street_raw": "Lewis st", "street_matched": "LEWIS", "side": "", "confidence": "street_proportional", "anchors_on_street": 0 }, "geometry": { "type": "Point", "coordinates": [ -76.600346640472253, 39.296116504468948 ] } },
{ "type": "Feature", "properties": { "surname": "Fuller", "given": "Henry", "occupation": "laborer", "house_no": 16, "street_raw": "Marion st", "street_matched": "MARION", "side": "", "confidence": "street_proportional", "anchors_on_street": 0 }, "geometry": { "type": "Point", "coordinates": [ -76.619853601528817, 39.290946994255243 ] } },
{ "type": "Feature", "properties": { "surname": "Fusseman", "given": "Isaac", "occupation": "whitewasher", "house_no": 178, "street_raw": "S. Spring st. i", "street_matched": "SPRING (S.)", "side": "right", "confidence": "bracketed", "anchors_on_street": 8 }, "geometry": { "type": "Point", "coordinates": [ -76.597496784164733, 39.284703872467823 ] } },
{ "type": "Feature", "properties": { "surname": "GAINES", "given": "John", "occupation": "laborer", "house_no": 210, "street_raw": "Hanover st", "street_matched": "HANOVER", "side": "left", "confidence": "bracketed", "anchors_on_street": 12 }, "geometry": { "type": "Point", "coordinates": [ -76.615815343902653, 39.280820496965518 ] } },
{ "type": "Feature", "properties": { "surname": "Stuart", "given": "seaman", "occupation": "", "house_no": 30, "street_raw": "Lee st", "street_matched": "LEE", "side": "left", "confidence": "bracketed", "anchors_on_street": 7 }, "geometry": { "type": "Point", "coordinates": [ -76.61403981374815, 39.282179447364001 ] } },
{ "type": "Feature", "properties": { "surname": "Mary", "given": "washerwoman", "occupation": "", "house_no": 6, "street_raw": "S. Eden st", "street_matched": "EDEN (S)", "side": "right", "confidence": "bracketed", "anchors_on_street": 3 }, "geometry": { "type": "Point", "coordinates": [ -76.598673272514816, 39.291340008121466 ] } },
{ "type": "Feature", "properties": { "surname": "Solomon", "given": "sawyer", "occupation": "133 Tyson st. ; Wm., sawyer, 8 Salisbury alley. ; Richard, seaman, 17 Slemmer's alley, I ■ James, laborer, 199 Happy alley, J John, carter, 36 Carpenters alley. ; Garrison Wiley, hackman, 148 Lovv st. \\ — — Ralph, sawyer, 212 Happy alley. i Isaac, hackman, 150 Low st. j Gash Darius, laborer, 101 S. Spring st. ' Gaunt Otho T., hay seller, 14 St. Mary st. ; • Ann, washerwoman, 14 Hulls lane, I Geislan John, drayman, 92 Orchard st. \\ Gibbs Henry, brickmaker, 32 Carpenters alley. ' Nancy, 34 Carpenters alley. i Jacob R., painter, 53 East st. \\ James, coachman, 15 Short st. ; Alexander, sawyer", "house_no": 25, "street_raw": "State st", "street_matched": "STATE", "side": "", "confidence": "street_proportional", "anchors_on_street": 0 }, "geometry": { "type": "Point", "coordinates": [ -76.620325980502628, 39.293770427117515 ] } },
{ "type": "Feature", "properties": { "surname": "Gibson", "given": "Perry", "occupation": "laborer, 6 S. Strawberry alley, J Bobert, laborer", "house_no": 37, "street_raw": "N. Sharp st", "street_matched": "SHARP, (S)", "side": "left", "confidence": "extrapolated", "anchors_on_street": 5 }, "geometry": { "type": "Point", "coordinates": [ -76.617515642871879, 39.280923535799914 ] } },
{ "type": "Feature", "properties": { "surname": "James", "given": "stevedore", "occupation": "2 N. Spring st. I Jacob, brickmaker, 17 Burgundy alley. > Malach, caulker, 95 Montgomery st. i Gairetson, laborer, 6 Union st. ; Josiah, caulker, 16 Slemmer's alley. ; Basil, porter, 2 Biddle alley., Thomas, carter, 35 S. Caroline st. ; Charles, seaman, 55 S. Caroline st. 'Henry, waiter, 26 Bath st. ; R., drayman, 61 Jasper st. ■ Alfred hackman", "house_no": 9, "street_raw": "Salisbury alley", "street_matched": "SALISBURY", "side": "", "confidence": "street_proportional", "anchors_on_street": 0 }, "geometry": { "type": "Point", "coordinates": [ -76.601409234348964, 39.289925759343497 ] } },
{ "type": "Feature", "properties": { "surname": "Benjamin", "given": "drayman", "occupation": "", "house_no": 12, "street_raw": "N. Strawberry al", "street_matched": "DALLAS (N)", "side": "left", "confidence": "bracketed", "anchors_on_street": 4 }, "geometry": { "type": "Point", "coordinates": [ -76.596439260184837, 39.292044137348533 ] } },
{ "type": "Feature", "properties": { "surname": "Gilliard", "given": "Edward", "occupation": "blacksmith", "house_no": 128, "street_raw": "Stirling st", "street_matched": "STIRLING", "side": "", "confidence": "street_proportional", "anchors_on_street": 0 }, "geometry": { "type": "Point", "coordinates": [ -76.602789280895365, 39.300608543039672 ] } },
{ "type": "Feature", "properties": { "surname": "Glasgow", "given": "Stephen", "occupation": "sawyer", "house_no": 154, "street_raw": "Happy alley", "street_matched": "DURHAM (S)", "side": "left", "confidence": "bracketed", "anchors_on_street": 9 }, "geometry": { "type": "Point", "coordinates": [ -76.590842635474274, 39.287666229190741 ] } },
{ "type": "Feature", "properties": { "surname": "Solomon", "given": "porter", "occupation": "", "house_no": 39, "street_raw": "Douglass st", "street_matched": "LEXINGTON", "side": "left", "confidence": "extrapolated", "anchors_on_street": 21 }, "geometry": { "type": "Point", "coordinates": [ -76.615245353193259, 39.291065717826946 ] } },
{ "type": "Feature", "properties": { "surname": "Golden", "given": "John", "occupation": "\"laborer", "house_no": 828, "street_raw": "VV. Baltimore st", "street_matched": "BALTIMORE, (W)", "side": "left", "confidence": "bracketed", "anchors_on_street": 19 }, "geometry": { "type": "Point", "coordinates": [ -76.643566916801618, 39.288317169522642 ] } },
{ "type": "Feature", "properties": { "surname": "Charles", "given": "blacksmith", "occupation": "", "house_no": 205, "street_raw": "Forrest st", "street_matched": "FORREST", "side": "", "confidence": "street_proportional", "anchors_on_street": 0 }, "geometry": { "type": "Point", "coordinates": [ -76.60751536343939, 39.299286414469485 ] } },
{ "type": "Feature", "properties": { "surname": "Wm", "given": "", "occupation": "laborer", "house_no": 83, "street_raw": "Stirling st", "street_matched": "STIRLING", "side": "", "confidence": "street_proportional", "anchors_on_street": 0 }, "geometry": { "type": "Point", "coordinates": [ -76.602792659189774, 39.301348668671039 ] } },
{ "type": "Feature", "properties": { "surname": "Gordon", "given": "John", "occupation": "segar maker", "house_no": 105, "street_raw": "Hill st", "street_matched": "HILL", "side": "left", "confidence": "bracketed", "anchors_on_street": 5 }, "geometry": { "type": "Point", "coordinates": [ -76.61715343858026, 39.280933815796509 ] } },
{ "type": "Feature", "properties": { "surname": "Francis", "given": "barber", "occupation": "", "house_no": 10, "street_raw": "S. Sharp st", "street_matched": "SHARP, (S)", "side": "left", "confidence": "extrapolated", "anchors_on_street": 5 }, "geometry": { "type": "Point", "coordinates": [ -76.617515642871879, 39.280923535799914 ] } },
{ "type": "Feature", "properties": { "surname": "Harriet", "given": "washerwoman", "occupation": "", "house_no": 23, "street_raw": "Perry st", "street_matched": "PERRY", "side": "", "confidence": "street_proportional", "anchors_on_street": 0 }, "geometry": { "type": "Point", "coordinates": [ -76.614201742299997, 39.284965735040366 ] } },
{ "type": "Feature", "properties": { "surname": "Sarah", "given": "washerwoman", "occupation": "", "house_no": 41, "street_raw": "Perry st", "street_matched": "PERRY", "side": "", "confidence": "street_proportional", "anchors_on_street": 0 }, "geometry": { "type": "Point", "coordinates": [ -76.615744886794161, 39.284901249448644 ] } },
{ "type": "Feature", "properties": { "surname": "Gilbert", "given": "boot blacker", "occupation": "", "house_no": 54, "street_raw": "N. Sharp st", "street_matched": "SHARP, (S)", "side": "left", "confidence": "extrapolated", "anchors_on_street": 5 }, "geometry": { "type": "Point", "coordinates": [ -76.617515642871879, 39.280923535799914 ] } },
{ "type": "Feature", "properties": { "surname": "Francis", "given": "laborer", "occupation": "", "house_no": 25, "street_raw": "Jefferson st", "street_matched": "JEFFERSON", "side": "", "confidence": "street_proportional", "anchors_on_street": 0 }, "geometry": { "type": "Point", "coordinates": [ -76.587195937715904, 39.296530116424641 ] } },
{ "type": "Feature", "properties": { "surname": "Andrew", "given": "drayman", "occupation": "", "house_no": 24, "street_raw": "Douglass st", "street_matched": "LEXINGTON", "side": "left", "confidence": "extrapolated", "anchors_on_street": 21 }, "geometry": { "type": "Point", "coordinates": [ -76.615245353193259, 39.291065717826946 ] } },
{ "type": "Feature", "properties": { "surname": "Gould", "given": "Mary", "occupation": "washerwoman", "house_no": 30, "street_raw": "Wayne st", "street_matched": "WAYNE", "side": "", "confidence": "street_proportional", "anchors_on_street": 0 }, "geometry": { "type": "Point", "coordinates": [ -76.618899157023094, 39.283486412315412 ] } },
{ "type": "Feature", "properties": { "surname": "John", "given": "laborer", "occupation": "", "house_no": 105, "street_raw": "Hill st", "street_matched": "HILL", "side": "left", "confidence": "bracketed", "anchors_on_street": 5 }, "geometry": { "type": "Point", "coordinates": [ -76.61715343858026, 39.280933815796509 ] } },
{ "type": "Feature", "properties": { "surname": "Goven", "given": "Daniel", "occupation": "feed dealer", "house_no": 161, "street_raw": "N. Gay st", "street_matched": "GAY, (N)", "side": "left", "confidence": "single_anchor", "anchors_on_street": 9 }, "geometry": { "type": "Point", "coordinates": [ -76.601308965441916, 39.298082117436834 ] } },
{ "type": "Feature", "properties": { "surname": "Goy", "given": "Francis", "occupation": "laborer", "house_no": 62, "street_raw": "Centre st", "street_matched": "CENTRE, (W)", "side": "left", "confidence": "extrapolated", "anchors_on_street": 4 }, "geometry": { "type": "Point", "coordinates": [ -76.61561127001282, 39.296304955378602 ] } },
{ "type": "Feature", "properties": { "surname": "Graham", "given": "George", "occupation": "laborer", "house_no": 75, "street_raw": "Stirling st", "street_matched": "STIRLING", "side": "", "confidence": "street_proportional", "anchors_on_street": 0 }, "geometry": { "type": "Point", "coordinates": [ -76.602759751705307, 39.301478021193169 ] } },
{ "type": "Feature", "properties": { "surname": "Grandison", "given": "Charles", "occupation": "drayman", "house_no": 50, "street_raw": "Douglass st", "street_matched": "LEXINGTON", "side": "left", "confidence": "extrapolated", "anchors_on_street": 21 }, "geometry": { "type": "Point", "coordinates": [ -76.615245353193259, 39.291065717826946 ] } },
{ "type": "Feature", "properties": { "surname": "Grant", "given": "Nancy", "occupation": "huckster", "house_no": 44, "street_raw": "Hughes st", "street_matched": "HUGHES", "side": "", "confidence": "street_proportional", "anchors_on_street": 0 }, "geometry": { "type": "Point", "coordinates": [ -76.607756676063786, 39.280787182199361 ] } },
{ "type": "Feature", "properties": { "surname": "Margaret", "given": "huckster", "occupation": "", "house_no": 66, "street_raw": "N. Canal st", "street_matched": "CANAL", "side": "", "confidence": "street_proportional", "anchors_on_street": 0 }, "geometry": { "type": "Point", "coordinates": [ -76.595906931843757, 39.296935686703101 ] } },
{ "type": "Feature", "properties": { "surname": "Charles", "given": "whitewasher", "occupation": "", "house_no": 12, "street_raw": "State st", "street_matched": "STATE", "side": "", "confidence": "street_proportional", "anchors_on_street": 0 }, "geometry": { "type": "Point", "coordinates": [ -76.620362717240241, 39.294376710895428 ] } },
{ "type": "Feature", "properties": { "surname": "Grason", "given": "Eliza", "occupation": "", "house_no": 102, "street_raw": "York st", "street_matched": "YORK", "side": "", "confidence": "street_proportional", "anchors_on_street": 0 }, "geometry": { "type": "Point", "coordinates": [ -76.611244825325727, 39.281481316846168 ] } },
{ "type": "Feature", "properties": { "surname": "Graves", "given": "Wm", "occupation": "laborer, 23 N. Sharp st. ■ David, drayman", "house_no": 28, "street_raw": "Tyson st", "street_matched": "TYSON", "side": "", "confidence": "street_proportional", "anchors_on_street": 0 }, "geometry": { "type": "Point", "coordinates": [ -76.619350521248265, 39.300120384433939 ] } },
{ "type": "Feature", "properties": { "surname": "Gray", "given": "Samuel", "occupation": "laborer", "house_no": 177, "street_raw": "S. Sharp st", "street_matched": "SHARP, (S)", "side": "left", "confidence": "extrapolated", "anchors_on_street": 5 }, "geometry": { "type": "Point", "coordinates": [ -76.617515642871879, 39.280923535799914 ] } },
{ "type": "Feature", "properties": { "surname": "Richard", "given": "laborer", "occupation": "", "house_no": 19, "street_raw": "Burgundy alley", "street_matched": "BURGUNDY", "side": "", "confidence": "street_proportional", "anchors_on_street": 0 }, "geometry": { "type": "Point", "coordinates": [ -76.627820283133701, 39.276390021966968 ] } },
{ "type": "Feature", "properties": { "surname": "James", "given": "laborer", "occupation": "", "house_no": 239, "street_raw": "E. Baltimore st", "street_matched": "BALTIMORE, (W)", "side": "left", "confidence": "bracketed", "anchors_on_street": 19 }, "geometry": { "type": "Point", "coordinates": [ -76.64251748745491, 39.288362991348734 ] } },
{ "type": "Feature", "properties": { "surname": "Samuel", "given": "laborer", "occupation": "", "house_no": 13, "street_raw": "Low st", "street_matched": "LOW", "side": "", "confidence": "street_proportional", "anchors_on_street": 0 }, "geometry": { "type": "Point", "coordinates": [ -76.602208696931299, 39.296356960894542 ] } },
{ "type": "Feature", "properties": { "surname": "Abraham", "given": "laborer", "occupation": "119 Low st. J., shoemaker", "house_no": 17, "street_raw": "Saratoga st", "street_matched": "SARATOGA", "side": "left", "confidence": "extrapolated", "anchors_on_street": 16 }, "geometry": { "type": "Point", "coordinates": [ -76.62388484106431, 39.29281628110099 ] } },
{ "type": "Feature", "properties": { "surname": "Frances", "given": "washerwoman", "occupation": "", "house_no": 32, "street_raw": "Saratoga st", "street_matched": "SARATOGA", "side": "left", "confidence": "extrapolated", "anchors_on_street": 16 }, "geometry": { "type": "Point", "coordinates": [ -76.62388484106431, 39.29281628110099 ] } },
{ "type": "Feature", "properties": { "surname": "Green", "given": "Charles", "occupation": "laborer", "house_no": 45, "street_raw": "Bank st", "street_matched": "BANK", "side": "left", "confidence": "extrapolated", "anchors_on_street": 11 }, "geometry": { "type": "Point", "coordinates": [ -76.597180636260774, 39.286437372746605 ] } },
{ "type": "Feature", "properties": { "surname": "Benjamin", "given": "cook", "occupation": "", "house_no": 109, "street_raw": "E. Lombard st", "street_matched": "LOMBARD, (E)", "side": "left", "confidence": "single_anchor", "anchors_on_street": 1 }, "geometry": { "type": "Point", "coordinates": [ -76.605011226926834, 39.288170059443566 ] } },
{ "type": "Feature", "properties": { "surname": "Catharine", "given": "washerwoman", "occupation": "", "house_no": 104, "street_raw": "E. Lombard", "street_matched": "LOMBARD, (E)", "side": "left", "confidence": "single_anchor", "anchors_on_street": 1 }, "geometry": { "type": "Point", "coordinates": [ -76.605011226926834, 39.288170059443566 ] } },
{ "type": "Feature", "properties": { "surname": "Richard", "given": "laborer", "occupation": "", "house_no": 108, "street_raw": "S. Spring st", "street_matched": "SPRING (S.)", "side": "left", "confidence": "bracketed", "anchors_on_street": 8 }, "geometry": { "type": "Point", "coordinates": [ -76.597695770648585, 39.287851557422044 ] } },
{ "type": "Feature", "properties": { "surname": "David", "given": "laborer", "occupation": "", "house_no": 23, "street_raw": "Johnson st", "street_matched": "JOHNSON", "side": "", "confidence": "street_proportional", "anchors_on_street": 0 }, "geometry": { "type": "Point", "coordinates": [ -76.609268937049208, 39.269404930332563 ] } },
{ "type": "Feature", "properties": { "surname": "Anne", "given": "washerwoman", "occupation": "", "house_no": 43, "street_raw": "Biddle alley", "street_matched": "BIDDLE, (W)", "side": "right", "confidence": "bracketed", "anchors_on_street": 11 }, "geometry": { "type": "Point", "coordinates": [ -76.6195967297012, 39.302274488183187 ] } },
{ "type": "Feature", "properties": { "surname": "John", "given": "sawyer", "occupation": "", "house_no": 19, "street_raw": "Forrest st", "street_matched": "FORREST", "side": "", "confidence": "street_proportional", "anchors_on_street": 0 }, "geometry": { "type": "Point", "coordinates": [ -76.608005625882697, 39.301136024366613 ] } },
{ "type": "Feature", "properties": { "surname": "AVm.", "given": "carter", "occupation": "", "house_no": 349, "street_raw": "Light st", "street_matched": "LIGHT-ST. WHF", "side": "right", "confidence": "extrapolated", "anchors_on_street": 4 }, "geometry": { "type": "Point", "coordinates": [ -76.61228663846272, 39.276575666175475 ] } },
{ "type": "Feature", "properties": { "surname": "Allen", "given": "brickmaker", "occupation": "", "house_no": 179, "street_raw": "S. Howard st", "street_matched": "HOWARD (N)", "side": "left", "confidence": "single_anchor", "anchors_on_street": 2 }, "geometry": { "type": "Point", "coordinates": [ -76.619458177682532, 39.289354713598044 ] } },
{ "type": "Feature", "properties": { "surname": "David", "given": "brickmaker", "occupation": "", "house_no": 123, "street_raw": "Montgomery st", "street_matched": "MONTGOMERY", "side": "left", "confidence": "extrapolated", "anchors_on_street": 7 }, "geometry": { "type": "Point", "coordinates": [ -76.60985412508326, 39.280059233318184 ] } },
{ "type": "Feature", "properties": { "surname": "Henry", "given": "laborer", "occupation": "", "house_no": 1, "street_raw": "Salisbury alley", "street_matched": "SALISBURY", "side": "", "confidence": "street_proportional", "anchors_on_street": 0 }, "geometry": { "type": "Point", "coordinates": [ -76.601259161720577, 39.289969238014521 ] } },
{ "type": "Feature", "properties": { "surname": "Charles", "given": "laborer", "occupation": "", "house_no": 75, "street_raw": "S. Strawberry alley", "street_matched": "DALLAS (S)", "side": "left", "confidence": "bracketed", "anchors_on_street": 9 }, "geometry": { "type": "Point", "coordinates": [ -76.596269315034675, 39.289233784437023 ] } },
{ "type": "Feature", "properties": { "surname": "Rachel", "given": "washerwoman", "occupation": "212 Hanover st. — - — Richard, carter", "house_no": 28, "street_raw": "Apple alley", "street_matched": "BETHEL, (S)", "side": "left", "confidence": "bracketed", "anchors_on_street": 9 }, "geometry": { "type": "Point", "coordinates": [ -76.594820774331197, 39.290538419371465 ] } },
{ "type": "Feature", "properties": { "surname": "John", "given": "Henry", "occupation": "caulker", "house_no": 223, "street_raw": "Happy alley", "street_matched": "DURHAM (S)", "side": "left", "confidence": "bracketed", "anchors_on_street": 9 }, "geometry": { "type": "Point", "coordinates": [ -76.590667346398405, 39.285146538674958 ] } },
{ "type": "Feature", "properties": { "surname": "Greener", "given": "Malinda", "occupation": "washerwoman", "house_no": 30, "street_raw": "Dover st", "street_matched": "DOVER", "side": "", "confidence": "street_proportional", "anchors_on_street": 0 }, "geometry": { "type": "Point", "coordinates": [ -76.618420166974971, 39.285979416753669 ] } },
{ "type": "Feature", "properties": { "surname": "Greenwich", "given": "Francis", "occupation": "", "house_no": 19, "street_raw": "State st", "street_matched": "STATE", "side": "", "confidence": "street_proportional", "anchors_on_street": 0 }, "geometry": { "type": "Point", "coordinates": [ -76.620342935810697, 39.294050250415864 ] } },
{ "type": "Feature", "properties": { "surname": "Greenwood", "given": "Jacob", "occupation": "drayman", "house_no": 207, "street_raw": "N. Exeter st", "street_matched": "EXETER", "side": "left", "confidence": "extrapolated", "anchors_on_street": 9 }, "geometry": { "type": "Point", "coordinates": [ -76.600213069806671, 39.283311834610572 ] } },
{ "type": "Feature", "properties": { "surname": "Jesse", "given": "laborer", "occupation": "", "house_no": 28, "street_raw": "Cross st", "street_matched": "CROSS", "side": "", "confidence": "street_proportional", "anchors_on_street": 0 }, "geometry": { "type": "Point", "coordinates": [ -76.611263767804445, 39.27715794985518 ] } },
{ "type": "Feature", "properties": { "surname": "Gregory", "given": "Tapley", "occupation": "shoemaker", "house_no": 63, "street_raw": "S. Frederick st", "street_matched": "FREDERICK", "side": "", "confidence": "street_proportional", "anchors_on_street": 0 }, "geometry": { "type": "Point", "coordinates": [ -76.607847951689024, 39.286744727607768 ] } },
{ "type": "Feature", "properties": { "surname": "Gressgow", "given": "Solomon", "occupation": "laborer", "house_no": 51, "street_raw": "Douglass st", "street_matched": "LEXINGTON", "side": "left", "confidence": "extrapolated", "anchors_on_street": 21 }, "geometry": { "type": "Point", "coordinates": [ -76.615245353193259, 39.291065717826946 ] } },
{ "type": "Feature", "properties": { "surname": "Gross", "given": "Elijah", "occupation": "laborer, 76 Salisbury st. < Benjamin, laborer", "house_no": 102, "street_raw": "Montgomery st", "street_matched": "MONTGOMERY", "side": "left", "confidence": "extrapolated", "anchors_on_street": 7 }, "geometry": { "type": "Point", "coordinates": [ -76.60985412508326, 39.280059233318184 ] } },
{ "type": "Feature", "properties": { "surname": "Alexander", "given": "laborer", "occupation": "", "house_no": 13, "street_raw": "State st", "street_matched": "STATE", "side": "", "confidence": "street_proportional", "anchors_on_street": 0 }, "geometry": { "type": "Point", "coordinates": [ -76.620359891294399, 39.294330073686815 ] } },
{ "type": "Feature", "properties": { "surname": "Benjamin", "given": "cook", "occupation": "52 Peirce st. i Wm., laborer, 61 West st. 1 Gideon, laborer, 100 West st. j Henry, laborer", "house_no": 100, "street_raw": "West", "street_matched": "WEST", "side": "", "confidence": "street_proportional", "anchors_on_street": 0 }, "geometry": { "type": "Point", "coordinates": [ -76.61873806512726, 39.276020492720775 ] } },
{ "type": "Feature", "properties": { "surname": "Samuel", "given": "gardener", "occupation": "197 S. Sharp st. j Leonard, blacksmith, 57 Argyle alley. 1 Elijah, carter, 4 Salisbury alley. j Nancy, washerwoman, 53 Wayne st. j Grove Ann, washerwoman", "house_no": 52, "street_raw": "Lewis st", "street_matched": "LEWIS", "side": "", "confidence": "street_proportional", "anchors_on_street": 0 }, "geometry": { "type": "Point", "coordinates": [ -76.600357069823858, 39.296279203103765 ] } },
{ "type": "Feature", "properties": { "surname": "Charles", "given": "laborer", "occupation": "8 N. Amity st. i Henry, laborer, 2 N. Amity st. 1 Elijah", "house_no": 139, "street_raw": "Tyson st", "street_matched": "TYSON", "side": "", "confidence": "street_proportional", "anchors_on_street": 0 }, "geometry": { "type": "Point", "coordinates": [ -76.619191565429034, 39.29766059873608 ] } },
{ "type": "Feature", "properties": { "surname": "HACKER", "given": "Fied", "occupation": "vinegar mak.", "house_no": 186, "street_raw": "S. Howard", "street_matched": "HOWARD (N)", "side": "left", "confidence": "single_anchor", "anchors_on_street": 2 }, "geometry": { "type": "Point", "coordinates": [ -76.619458177682532, 39.289354713598044 ] } },
{ "type": "Feature", "properties": { "surname": "Charles", "given": "drayman", "occupation": "", "house_no": 249, "street_raw": "N. Gay st", "street_matched": "GAY, (N)", "side": "left", "confidence": "single_anchor", "anchors_on_street": 9 }, "geometry": { "type": "Point", "coordinates": [ -76.601308965441916, 39.298082117436834 ] } },
{ "type": "Feature", "properties": { "surname": "Samuel", "given": "carter", "occupation": "", "house_no": 71, "street_raw": "Stirling st", "street_matched": "STIRLING", "side": "", "confidence": "street_proportional", "anchors_on_street": 0 }, "geometry": { "type": "Point", "coordinates": [ -76.602740735731601, 39.301542185815187 ] } },
{ "type": "Feature", "properties": { "surname": "George", "given": "A", "occupation": "carter", "house_no": 134, "street_raw": "Stirling st", "street_matched": "STIRLING", "side": "", "confidence": "street_proportional", "anchors_on_street": 0 }, "geometry": { "type": "Point", "coordinates": [ -76.602786150026219, 39.30050968161521 ] } },
{ "type": "Feature", "properties": { "surname": "Daniel", "given": "carter", "occupation": "", "house_no": 19, "street_raw": "Short st", "street_matched": "SHORT", "side": "", "confidence": "street_proportional", "anchors_on_street": 0 }, "geometry": { "type": "Point", "coordinates": [ -76.598118964218898, 39.295866989773394 ] } },
{ "type": "Feature", "properties": { "surname": "Lydia", "given": "seamstress", "occupation": "", "house_no": 93, "street_raw": "Salisbur)- st", "street_matched": "SALISBURY", "side": "", "confidence": "street_proportional", "anchors_on_street": 0 }, "geometry": { "type": "Point", "coordinates": [ -76.602967735075637, 39.289438284102658 ] } },
{ "type": "Feature", "properties": { "surname": "Charles", "given": "grain measurer", "occupation": "", "house_no": 8, "street_raw": "Williamsons al", "street_matched": "WILLIAMSON", "side": "", "confidence": "street_proportional", "anchors_on_street": 0 }, "geometry": { "type": "Point", "coordinates": [ -76.612068890898612, 39.278566805339075 ] } },
{ "type": "Feature", "properties": { "surname": "Haley", "given": "Alex", "occupation": "bay trader", "house_no": 195, "street_raw": "S. Strawberry al", "street_matched": "DALLAS (S)", "side": "left", "confidence": "bracketed", "anchors_on_street": 9 }, "geometry": { "type": "Point", "coordinates": [ -76.596030314060528, 39.285281467465708 ] } },
{ "type": "Feature", "properties": { "surname": "Hall", "given": "August", "occupation": "tailor", "house_no": 45, "street_raw": "W. Lombard st", "street_matched": "LOMBARD, (W)", "side": "left", "confidence": "extrapolated", "anchors_on_street": 8 }, "geometry": { "type": "Point", "coordinates": [ -76.6278169831551, 39.287030180865059 ] } },
{ "type": "Feature", "properties": { "surname": "Horace", "given": "caulker", "occupation": "", "house_no": 186, "street_raw": "Apple al", "street_matched": "BETHEL, (S)", "side": "left", "confidence": "bracketed", "anchors_on_street": 9 }, "geometry": { "type": "Point", "coordinates": [ -76.594377569683502, 39.284333501713569 ] } },
{ "type": "Feature", "properties": { "surname": "Joshua", "given": "sawyer", "occupation": "", "house_no": 42, "street_raw": "Argyle al", "street_matched": "ARGYLE", "side": "", "confidence": "street_proportional", "anchors_on_street": 0 }, "geometry": { "type": "Point", "coordinates": [ -76.631476639421678, 39.299497384889577 ] } },
{ "type": "Feature", "properties": { "surname": "Caroline", "given": "washerwoman", "occupation": "", "house_no": 88, "street_raw": "Apple al", "street_matched": "BETHEL, (S)", "side": "left", "confidence": "bracketed", "anchors_on_street": 9 }, "geometry": { "type": "Point", "coordinates": [ -76.594668780852984, 39.288236162633623 ] } },
{ "type": "Feature", "properties": { "surname": "Nathan", "given": "carter", "occupation": "", "house_no": 96, "street_raw": "Apple al", "street_matched": "BETHEL, (S)", "side": "left", "confidence": "bracketed", "anchors_on_street": 9 }, "geometry": { "type": "Point", "coordinates": [ -76.594647630269066, 39.287915795672006 ] } },
{ "type": "Feature", "properties": { "surname": "Lewis", "given": "gardener", "occupation": "", "house_no": 220, "street_raw": "Stirling st", "street_matched": "STIRLING", "side": "", "confidence": "street_proportional", "anchors_on_street": 0 }, "geometry": { "type": "Point", "coordinates": [ -76.602741278094555, 39.299092667476117 ] } },
{ "type": "Feature", "properties": { "surname": "Francis", "given": "shoemaker", "occupation": "", "house_no": 51, "street_raw": "Lewis st", "street_matched": "LEWIS", "side": "", "confidence": "street_proportional", "anchors_on_street": 0 }, "geometry": { "type": "Point", "coordinates": [ -76.600354462481477, 39.29623852844589 ] } },
{ "type": "Feature", "properties": { "surname": "Grace", "given": "boarding hou.se", "occupation": "", "house_no": 131, "street_raw": "Fleet st", "street_matched": "CANTON AV", "side": "left", "confidence": "bracketed", "anchors_on_street": 16 }, "geometry": { "type": "Point", "coordinates": [ -76.599424362815995, 39.284278835170419 ] } },
{ "type": "Feature", "properties": { "surname": "Eben", "given": "sawyer", "occupation": "", "house_no": 117, "street_raw": "S. Spring st", "street_matched": "SPRING (S.)", "side": "left", "confidence": "bracketed", "anchors_on_street": 8 }, "geometry": { "type": "Point", "coordinates": [ -76.597682445463818, 39.287640768727634 ] } },
{ "type": "Feature", "properties": { "surname": "Henry", "given": "drayman", "occupation": "", "house_no": 127, "street_raw": "Low st", "street_matched": "LOW", "side": "", "confidence": "street_proportional", "anchors_on_street": 0 }, "geometry": { "type": "Point", "coordinates": [ -76.606451280351749, 39.29307205096724 ] } },
{ "type": "Feature", "properties": { "surname": "Francis", "given": "seaman", "occupation": "", "house_no": 151, "street_raw": "Low st", "street_matched": "LOW", "side": "", "confidence": "street_proportional", "anchors_on_street": 0 }, "geometry": { "type": "Point", "coordinates": [ -76.607344444211719, 39.292380501049642 ] } },
{ "type": "Feature", "properties": { "surname": "Edward", "given": "drayman", "occupation": "", "house_no": 291, "street_raw": "Biddle st", "street_matched": "BIDDLE, (W)", "side": "right", "confidence": "bracketed", "anchors_on_street": 11 }, "geometry": { "type": "Point", "coordinates": [ -76.62752361328414, 39.295637134356319 ] } },
{ "type": "Feature", "properties": { "surname": "Daniel", "given": "waiter", "occupation": "", "house_no": 3, "street_raw": "Salisbury st", "street_matched": "SALISBURY", "side": "", "confidence": "street_proportional", "anchors_on_street": 0 }, "geometry": { "type": "Point", "coordinates": [ -76.60129667997073, 39.289958368522797 ] } },
{ "type": "Feature", "properties": { "surname": "Evan", "given": "laborer", "occupation": "", "house_no": 755, "street_raw": "W. Baltimore st", "street_matched": "BALTIMORE, (W)", "side": "left", "confidence": "bracketed", "anchors_on_street": 19 }, "geometry": { "type": "Point", "coordinates": [ -76.643436851736269, 39.288322848561087 ] } },
{ "type": "Feature", "properties": { "surname": "Ellen", "given": "washerwoman", "occupation": "", "house_no": 103, "street_raw": "Pearl st", "street_matched": "PEARL", "side": "", "confidence": "street_proportional", "anchors_on_street": 0 }, "geometry": { "type": "Point", "coordinates": [ -76.62484594454294, 39.295510253037463 ] } },
{ "type": "Feature", "properties": { "surname": "Mackenzie", "given": "rope maker", "occupation": "", "house_no": 103, "street_raw": "Harford av", "street_matched": "HARFORD", "side": "", "confidence": "street_proportional", "anchors_on_street": 0 }, "geometry": { "type": "Point", "coordinates": [ -76.606160702519873, 39.297451198055477 ] } },
{ "type": "Feature", "properties": { "surname": "Hamer", "given": "Joseph C", "occupation": "barber", "house_no": 145, "street_raw": "Forrest st", "street_matched": "FORREST", "side": "", "confidence": "street_proportional", "anchors_on_street": 0 }, "geometry": { "type": "Point", "coordinates": [ -76.607673948770028, 39.299882993039283 ] } },
{ "type": "Feature", "properties": { "surname": "Mary", "given": "huckster", "occupation": "", "house_no": 155, "street_raw": "N. Canal st", "street_matched": "CANAL", "side": "", "confidence": "street_proportional", "anchors_on_street": 0 }, "geometry": { "type": "Point", "coordinates": [ -76.595323347551442, 39.296955729551215 ] } },
{ "type": "Feature", "properties": { "surname": "Hamilton", "given": "Sarah", "occupation": "washerwoman", "house_no": 26, "street_raw": "Tyson st", "street_matched": "TYSON", "side": "", "confidence": "street_proportional", "anchors_on_street": 0 }, "geometry": { "type": "Point", "coordinates": [ -76.61935338539493, 39.300164704879187 ] } },
{ "type": "Feature", "properties": { "surname": "Hammond", "given": "Andrew", "occupation": "rope maker", "house_no": 91, "street_raw": "Happy al", "street_matched": "DURHAM (S)", "side": "left", "confidence": "bracketed", "anchors_on_street": 9 }, "geometry": { "type": "Point", "coordinates": [ -76.590919531985847, 39.288940647529614 ] } },
{ "type": "Feature", "properties": { "surname": "Peter", "given": "whifewasher", "occupation": "", "house_no": 67, "street_raw": "Mulberry st", "street_matched": "MULBERRY", "side": "", "confidence": "street_proportional", "anchors_on_street": 0 }, "geometry": { "type": "Point", "coordinates": [ -76.649589745982553, 39.292809043571502 ] } },
{ "type": "Feature", "properties": { "surname": "Handy", "given": "Caleb", "occupation": "carter", "house_no": 206, "street_raw": "Happy al", "street_matched": "DURHAM (S)", "side": "left", "confidence": "bracketed", "anchors_on_street": 9 }, "geometry": { "type": "Point", "coordinates": [ -76.590720876892021, 39.285836341915726 ] } },
{ "type": "Feature", "properties": { "surname": "Harden", "given": "Ann", "occupation": "washerwoman", "house_no": 48, "street_raw": "Mulberry st", "street_matched": "MULBERRY", "side": "", "confidence": "street_proportional", "anchors_on_street": 0 }, "geometry": { "type": "Point", "coordinates": [ -76.651726021760823, 39.292738044180275 ] } },
{ "type": "Feature", "properties": { "surname": "Jeremiah", "given": "waiter", "occupation": "", "house_no": 54, "street_raw": "Mulberry st", "street_matched": "MULBERRY", "side": "", "confidence": "street_proportional", "anchors_on_street": 0 }, "geometry": { "type": "Point", "coordinates": [ -76.651051408578141, 39.292760464858681 ] } },
{ "type": "Feature", "properties": { "surname": "Lucy", "given": "huckster", "occupation": "", "house_no": 67, "street_raw": "Pearl st", "street_matched": "PEARL", "side": "", "confidence": "street_proportional", "anchors_on_street": 0 }, "geometry": { "type": "Point", "coordinates": [ -76.624492993558945, 39.289150020925227 ] } },
{ "type": "Feature", "properties": { "surname": "James", "given": "sawyer", "occupation": "", "house_no": 1, "street_raw": "State st. court", "street_matched": "STATE", "side": "", "confidence": "street_proportional", "anchors_on_street": 0 }, "geometry": { "type": "Point", "coordinates": [ -76.620393803221546, 39.294889720130499 ] } },
{ "type": "Feature", "properties": { "surname": "Wesley", "given": "grain measurer", "occupation": "", "house_no": 2, "street_raw": "Williamson al", "street_matched": "WILLIAMSON", "side": "", "confidence": "street_proportional", "anchors_on_street": 0 }, "geometry": { "type": "Point", "coordinates": [ -76.611594723282778, 39.27854575605253 ] } },
{ "type": "Feature", "properties": { "surname": "Matthew", "given": "grain meas", "occupation": "", "house_no": 4, "street_raw": "Williamson al", "street_matched": "WILLIAMSON", "side": "", "confidence": "street_proportional", "anchors_on_street": 0 }, "geometry": { "type": "Point", "coordinates": [ -76.611768177226836, 39.278540593543852 ] } },
{ "type": "Feature", "properties": { "surname": "Henry", "given": "waiter", "occupation": "", "house_no": 56, "street_raw": "Tyson st", "street_matched": "TYSON", "side": "", "confidence": "street_proportional", "anchors_on_street": 0 }, "geometry": { "type": "Point", "coordinates": [ -76.61931042357071, 39.299499898130975 ] } },
{ "type": "Feature", "properties": { "surname": "Harkins", "given": "Aquila", "occupation": "laborer", "house_no": 69, "street_raw": "N. Strawberry al", "street_matched": "DALLAS (N)", "side": "right", "confidence": "bracketed", "anchors_on_street": 4 }, "geometry": { "type": "Point", "coordinates": [ -76.596578635489522, 39.294348993341814 ] } },
{ "type": "Feature", "properties": { "surname": "Harman", "given": "James", "occupation": "wagoner", "house_no": 181, "street_raw": "Happy al", "street_matched": "DURHAM (S)", "side": "left", "confidence": "bracketed", "anchors_on_street": 9 }, "geometry": { "type": "Point", "coordinates": [ -76.590780474078002, 39.286688478293144 ] } },
{ "type": "Feature", "properties": { "surname": "George", "given": "sawyer", "occupation": "", "house_no": 74, "street_raw": "Hughes st", "street_matched": "HUGHES", "side": "", "confidence": "street_proportional", "anchors_on_street": 0 }, "geometry": { "type": "Point", "coordinates": [ -76.609297638238203, 39.28072909097024 ] } },
{ "type": "Feature", "properties": { "surname": "Stephen", "given": "drayman", "occupation": "", "house_no": 55, "street_raw": "Salisbury st", "street_matched": "SALISBURY", "side": "", "confidence": "street_proportional", "anchors_on_street": 0 }, "geometry": { "type": "Point", "coordinates": [ -76.602272147810964, 39.28967575204247 ] } },
{ "type": "Feature", "properties": { "surname": "Harris", "given": "Frederick", "occupation": "drayman", "house_no": 101, "street_raw": "Stirling st", "street_matched": "STIRLING", "side": "", "confidence": "street_proportional", "anchors_on_street": 0 }, "geometry": { "type": "Point", "coordinates": [ -76.602803368819181, 39.301053419433252 ] } },
{ "type": "Feature", "properties": { "surname": "Andrew", "given": "whitewasher", "occupation": "", "house_no": 77, "street_raw": "Pearl st", "street_matched": "PEARL", "side": "", "confidence": "street_proportional", "anchors_on_street": 0 }, "geometry": { "type": "Point", "coordinates": [ -76.624591028351915, 39.290916753413349 ] } },
{ "type": "Feature", "properties": { "surname": "Letitia", "given": "washerwoman", "occupation": "", "house_no": 11, "street_raw": "Tyson st", "street_matched": "TYSON", "side": "", "confidence": "street_proportional", "anchors_on_street": 0 }, "geometry": { "type": "Point", "coordinates": [ -76.61937486660905, 39.300497108197462 ] } },
{ "type": "Feature", "properties": { "surname": "Martin", "given": "laborer", "occupation": "2 Marion st. * ■ Benjamin, barber, 18 N. Howard st. 'lifcomas, stevedore", "house_no": 26, "street_raw": "Douglass st", "street_matched": "LEXINGTON", "side": "left", "confidence": "extrapolated", "anchors_on_street": 21 }, "geometry": { "type": "Point", "coordinates": [ -76.615245353193259, 39.291065717826946 ] } },
{ "type": "Feature", "properties": { "surname": "Charles", "given": "sawyer", "occupation": "", "house_no": 10, "street_raw": "N. Strawberry al", "street_matched": "DALLAS (N)", "side": "left", "confidence": "bracketed", "anchors_on_street": 4 }, "geometry": { "type": "Point", "coordinates": [ -76.596432103414045, 39.291925784361126 ] } },
{ "type": "Feature", "properties": { "surname": "Henry", "given": "carter", "occupation": "", "house_no": 104, "street_raw": "S. Caroline st", "street_matched": "CAROLINE (S.)", "side": "left", "confidence": "bracketed", "anchors_on_street": 10 }, "geometry": { "type": "Point", "coordinates": [ -76.596942217758439, 39.288159087473957 ] } },
{ "type": "Feature", "properties": { "surname": "Daniel", "given": "plasterer", "occupation": "43 Bank st. • James, brickmaker", "house_no": 110, "street_raw": "S. Strawberry al", "street_matched": "DALLAS (S)", "side": "left", "confidence": "bracketed", "anchors_on_street": 9 }, "geometry": { "type": "Point", "coordinates": [ -76.596206692035992, 39.288198211106085 ] } },
{ "type": "Feature", "properties": { "surname": "Philip", "given": "laborer", "occupation": "208 Hanover st. — — Richard, drayman", "house_no": 121, "street_raw": "Hill st", "street_matched": "HILL", "side": "left", "confidence": "bracketed", "anchors_on_street": 5 }, "geometry": { "type": "Point", "coordinates": [ -76.61782599488204, 39.280913681227567 ] } },
{ "type": "Feature", "properties": { "surname": "Benjamin", "given": "laborer", "occupation": "", "house_no": 15, "street_raw": "Welcome al", "street_matched": "WELCOME", "side": "", "confidence": "street_proportional", "anchors_on_street": 0 }, "geometry": { "type": "Point", "coordinates": [ -76.614379410702753, 39.282696123634878 ] } },
{ "type": "Feature", "properties": { "surname": "Matilda", "given": "washerwoman", "occupation": "", "house_no": 122, "street_raw": "Jasper st", "street_matched": "JASPER", "side": "", "confidence": "street_proportional", "anchors_on_street": 0 }, "geometry": { "type": "Point", "coordinates": [ -76.6217648269606, 39.29181598069745 ] } },
{ "type": "Feature", "properties": { "surname": "Esther", "given": "washerwoman", "occupation": "", "house_no": 123, "street_raw": "Montgomery", "street_matched": "MONTGOMERY", "side": "left", "confidence": "extrapolated", "anchors_on_street": 7 }, "geometry": { "type": "Point", "coordinates": [ -76.60985412508326, 39.280059233318184 ] } },
{ "type": "Feature", "properties": { "surname": "Richard", "given": "drayman", "occupation": "", "house_no": 37, "street_raw": "Dover st", "street_matched": "DOVER", "side": "", "confidence": "street_proportional", "anchors_on_street": 0 }, "geometry": { "type": "Point", "coordinates": [ -76.619138400762608, 39.2859530274226 ] } },
{ "type": "Feature", "properties": { "surname": "Rachel", "given": "cook", "occupation": "", "house_no": 113, "street_raw": "Low st", "street_matched": "LOW", "side": "", "confidence": "street_proportional", "anchors_on_street": 0 }, "geometry": { "type": "Point", "coordinates": [ -76.605930267059094, 39.293475457343774 ] } },
{ "type": "Feature", "properties": { "surname": "John", "given": "waiter", "occupation": "", "house_no": 49, "street_raw": "Perry st", "street_matched": "PERRY", "side": "", "confidence": "street_proportional", "anchors_on_street": 0 }, "geometry": { "type": "Point", "coordinates": [ -76.616430782178682, 39.284873358773687 ] } },
{ "type": "Feature", "properties": { "surname": "Edward", "given": "ship carpenter", "occupation": "", "house_no": 65, "street_raw": "S. Spring st", "street_matched": "SPRING (S.)", "side": "left", "confidence": "bracketed", "anchors_on_street": 8 }, "geometry": { "type": "Point", "coordinates": [ -76.597759435798011, 39.288858658785813 ] } },
{ "type": "Feature", "properties": { "surname": "Mary", "given": "C", "occupation": "washerwoman", "house_no": 15, "street_raw": "Bank st", "street_matched": "BANK", "side": "left", "confidence": "extrapolated", "anchors_on_street": 11 }, "geometry": { "type": "Point", "coordinates": [ -76.597180636260774, 39.286437372746605 ] } },
{ "type": "Feature", "properties": { "surname": "Daniel", "given": "bricklayer", "occupation": "", "house_no": 242, "street_raw": "S. Bond st", "street_matched": "BOND,(S)", "side": "left", "confidence": "bracketed", "anchors_on_street": 9 }, "geometry": { "type": "Point", "coordinates": [ -76.595256788052893, 39.284469795433765 ] } },
{ "type": "Feature", "properties": { "surname": "Daniel", "given": "laborer", "occupation": "", "house_no": 75, "street_raw": "Hughes st", "street_matched": "HUGHES", "side": "", "confidence": "street_proportional", "anchors_on_street": 0 }, "geometry": { "type": "Point", "coordinates": [ -76.609349029860084, 39.280727575860176 ] } },
{ "type": "Feature", "properties": { "surname": "Harvey", "given": "James", "occupation": "laborer", "house_no": 10, "street_raw": "Williamson st", "street_matched": "WILLIAMSON", "side": "", "confidence": "street_proportional", "anchors_on_street": 0 }, "geometry": { "type": "Point", "coordinates": [ -76.612242199354441, 39.278559246527998 ] } },
{ "type": "Feature", "properties": { "surname": "James", "given": "drayman", "occupation": "", "house_no": 36, "street_raw": "Lewis st", "street_matched": "LEWIS", "side": "", "confidence": "street_proportional", "anchors_on_street": 0 }, "geometry": { "type": "Point", "coordinates": [ -76.600315352647939, 39.295628408513458 ] } },
{ "type": "Feature", "properties": { "surname": "Henry", "given": "waiter", "occupation": "", "house_no": 60, "street_raw": "Orchard st", "street_matched": "ORCHARD", "side": "", "confidence": "street_proportional", "anchors_on_street": 0 }, "geometry": { "type": "Point", "coordinates": [ -76.623389012847952, 39.297844207551307 ] } },
{ "type": "Feature", "properties": { "surname": "Wm.", "given": "drayman", "occupation": "", "house_no": 13, "street_raw": "N. Shroeder st", "street_matched": "SCHROEDER (N)", "side": "left", "confidence": "single_anchor", "anchors_on_street": 1 }, "geometry": { "type": "Point", "coordinates": [ -76.633854478240167, 39.28992606168049 ] } },
{ "type": "Feature", "properties": { "surname": "Hannah", "given": "washerwoman", "occupation": "", "house_no": 8, "street_raw": "N. Amity st", "street_matched": "AMITY", "side": "", "confidence": "street_proportional", "anchors_on_street": 0 }, "geometry": { "type": "Point", "coordinates": [ -76.633176389017621, 39.290836538571313 ] } },
{ "type": "Feature", "properties": { "surname": "James", "given": "coachman", "occupation": "", "house_no": 206, "street_raw": "Fayette st", "street_matched": "FAYETTE (E)", "side": "left", "confidence": "bracketed", "anchors_on_street": 11 }, "geometry": { "type": "Point", "coordinates": [ -76.597387579299465, 39.293158291079465 ] } },
{ "type": "Feature", "properties": { "surname": "Isaac", "given": "laborer", "occupation": "", "house_no": 84, "street_raw": "Orchard st", "street_matched": "ORCHARD", "side": "", "confidence": "street_proportional", "anchors_on_street": 0 }, "geometry": { "type": "Point", "coordinates": [ -76.625106239388984, 39.296431275990997 ] } },
{ "type": "Feature", "properties": { "surname": "Clarissa", "given": "washerwoman", "occupation": "", "house_no": 94, "street_raw": "S. Howard st", "street_matched": "HOWARD (N)", "side": "left", "confidence": "single_anchor", "anchors_on_street": 2 }, "geometry": { "type": "Point", "coordinates": [ -76.619458177682532, 39.289354713598044 ] } },
{ "type": "Feature", "properties": { "surname": "Edward", "given": "H", "occupation": "shoemaker", "house_no": 46, "street_raw": "Perry st", "street_matched": "PERRY", "side": "", "confidence": "street_proportional", "anchors_on_street": 0 }, "geometry": { "type": "Point", "coordinates": [ -76.61617357135934, 39.284883816562612 ] } },
{ "type": "Feature", "properties": { "surname": "Hay", "given": "ward Edward", "occupation": "porter", "house_no": 50, "street_raw": "N. Calvert st", "street_matched": "CALVERT (N.)", "side": "left", "confidence": "bracketed", "anchors_on_street": 8 }, "geometry": { "type": "Point", "coordinates": [ -76.61247115303533, 39.291900370155787 ] } },
{ "type": "Feature", "properties": { "surname": "John", "given": "drayman", "occupation": "", "house_no": 43, "street_raw": "Bank st", "street_matched": "BANK", "side": "left", "confidence": "extrapolated", "anchors_on_street": 11 }, "geometry": { "type": "Point", "coordinates": [ -76.597180636260774, 39.286437372746605 ] } },
{ "type": "Feature", "properties": { "surname": "Hazzard", "given": "John", "occupation": "seaman", "house_no": 252, "street_raw": "Happy al", "street_matched": "DURHAM (S)", "side": "right", "confidence": "bracketed", "anchors_on_street": 9 }, "geometry": { "type": "Point", "coordinates": [ -76.590613697885075, 39.284394512928159 ] } },
{ "type": "Feature", "properties": { "surname": "Hazzleton", "given": "James", "occupation": "seaman", "house_no": 4, "street_raw": "N. Spring st", "street_matched": "SPRING (N.)", "side": "left", "confidence": "extrapolated", "anchors_on_street": 3 }, "geometry": { "type": "Point", "coordinates": [ -76.598065405607315, 39.293844594838852 ] } },
{ "type": "Feature", "properties": { "surname": "Wm.", "given": "laborer", "occupation": "", "house_no": 25, "street_raw": "Biddle al", "street_matched": "BIDDLE, (W)", "side": "right", "confidence": "bracketed", "anchors_on_street": 11 }, "geometry": { "type": "Point", "coordinates": [ -76.61913350196717, 39.302662359223575 ] } },
{ "type": "Feature", "properties": { "surname": "Height", "given": "Wm", "occupation": "carter", "house_no": 133, "street_raw": "S. Strawberry al", "street_matched": "DALLAS (S)", "side": "left", "confidence": "bracketed", "anchors_on_street": 9 }, "geometry": { "type": "Point", "coordinates": [ -76.596166068306218, 39.287526400076253 ] } },
{ "type": "Feature", "properties": { "surname": "Helmsley", "given": "Henny", "occupation": "washerwoman", "house_no": 15, "street_raw": "S. Front st", "street_matched": "FRONT (N)", "side": "left", "confidence": "single_anchor", "anchors_on_street": 1 }, "geometry": { "type": "Point", "coordinates": [ -76.609297052551, 39.294171046848568 ] } },
{ "type": "Feature", "properties": { "surname": "Levi", "given": "tobacconist", "occupation": "", "house_no": 23, "street_raw": "Marion st", "street_matched": "MARION", "side": "", "confidence": "street_proportional", "anchors_on_street": 0 }, "geometry": { "type": "Point", "coordinates": [ -76.621006170328769, 39.290909564165865 ] } },
{ "type": "Feature", "properties": { "surname": "Henry", "given": "Thadeus", "occupation": "laborer", "house_no": 52, "street_raw": "Centre st. ■", "street_matched": "CENTRE, (W)", "side": "left", "confidence": "extrapolated", "anchors_on_street": 4 }, "geometry": { "type": "Point", "coordinates": [ -76.61561127001282, 39.296304955378602 ] } },
{ "type": "Feature", "properties": { "surname": "Major", "given": "carter", "occupation": "", "house_no": 41, "street_raw": "Biddle al", "street_matched": "BIDDLE, (W)", "side": "right", "confidence": "bracketed", "anchors_on_street": 11 }, "geometry": { "type": "Point", "coordinates": [ -76.619545260056142, 39.302317584951908 ] } },
{ "type": "Feature", "properties": { "surname": "James", "given": "drayman", "occupation": "", "house_no": 54, "street_raw": "Biddle al", "street_matched": "BIDDLE, (W)", "side": "right", "confidence": "bracketed", "anchors_on_street": 11 }, "geometry": { "type": "Point", "coordinates": [ -76.619879812698272, 39.302037456311766 ] } },
{ "type": "Feature", "properties": { "surname": "George", "given": "laborer", "occupation": "", "house_no": 60, "street_raw": "Biddle al", "street_matched": "BIDDLE, (W)", "side": "right", "confidence": "bracketed", "anchors_on_street": 11 }, "geometry": { "type": "Point", "coordinates": [ -76.620034221749435, 39.301908166583971 ] } },
{ "type": "Feature", "properties": { "surname": "Peter", "given": "sawyer", "occupation": "", "house_no": 117, "street_raw": "Hughes st", "street_matched": "HUGHES", "side": "", "confidence": "street_proportional", "anchors_on_street": 0 }, "geometry": { "type": "Point", "coordinates": [ -76.611507174275616, 39.280659243802766 ] } },
{ "type": "Feature", "properties": { "surname": "Hewart", "given": "Elizabeth", "occupation": "washerwoman", "house_no": 73, "street_raw": "Pearl st", "street_matched": "PEARL", "side": "", "confidence": "street_proportional", "anchors_on_street": 0 }, "geometry": { "type": "Point", "coordinates": [ -76.62455181893813, 39.290210060369141 ] } },
{ "type": "Feature", "properties": { "surname": "Hicks", "given": "Horace", "occupation": "coachman", "house_no": 58, "street_raw": "Orchard st", "street_matched": "ORCHARD", "side": "", "confidence": "street_proportional", "anchors_on_street": 0 }, "geometry": { "type": "Point", "coordinates": [ -76.623245909909755, 39.297961952420856 ] } },
{ "type": "Feature", "properties": { "surname": "Pippin", "given": "laborer", "occupation": "", "house_no": 10, "street_raw": "Saratoga st", "street_matched": "SARATOGA", "side": "left", "confidence": "extrapolated", "anchors_on_street": 16 }, "geometry": { "type": "Point", "coordinates": [ -76.62388484106431, 39.29281628110099 ] } },
{ "type": "Feature", "properties": { "surname": "Thomas", "given": "drayman", "occupation": "", "house_no": 5, "street_raw": "Tyson st", "street_matched": "TYSON", "side": "", "confidence": "street_proportional", "anchors_on_street": 0 }, "geometry": { "type": "Point", "coordinates": [ -76.619383459151081, 39.300630069514355 ] } },
{ "type": "Feature", "properties": { "surname": "Isaac", "given": "drayman", "occupation": "", "house_no": 151, "street_raw": "S. Howard st", "street_matched": "HOWARD (N)", "side": "left", "confidence": "single_anchor", "anchors_on_street": 2 }, "geometry": { "type": "Point", "coordinates": [ -76.619458177682532, 39.289354713598044 ] } },
{ "type": "Feature", "properties": { "surname": "Susan", "given": "washerwoman", "occupation": "", "house_no": 118, "street_raw": "Camden st", "street_matched": "CAMDEN", "side": "left", "confidence": "bracketed", "anchors_on_street": 6 }, "geometry": { "type": "Point", "coordinates": [ -76.620222228567101, 39.285229911213698 ] } },
{ "type": "Feature", "properties": { "surname": "London", "given": "brickmaker", "occupation": "", "house_no": 128, "street_raw": "Hill st", "street_matched": "HILL", "side": "left", "confidence": "bracketed", "anchors_on_street": 5 }, "geometry": { "type": "Point", "coordinates": [ -76.618136346748003, 39.280903824657763 ] } },
{ "type": "Feature", "properties": { "surname": "Hilliard", "given": "Thomas", "occupation": "drayman", "house_no": 33, "street_raw": "Ross st", "street_matched": "ROSS", "side": "left", "confidence": "bracketed", "anchors_on_street": 8 }, "geometry": { "type": "Point", "coordinates": [ -76.622138239020572, 39.2970577039654 ] } },
{ "type": "Feature", "properties": { "surname": "Hilton", "given": "Wm", "occupation": "hackman", "house_no": 30, "street_raw": "Balderston st", "street_matched": "BALDERSTON", "side": "", "confidence": "street_proportional", "anchors_on_street": 0 }, "geometry": { "type": "Point", "coordinates": [ -76.613892340185899, 39.287470469890522 ] } },
{ "type": "Feature", "properties": { "surname": "Hiner", "given": "Rebecca", "occupation": "washerwoman", "house_no": 11, "street_raw": "Short st", "street_matched": "SHORT", "side": "", "confidence": "street_proportional", "anchors_on_street": 0 }, "geometry": { "type": "Point", "coordinates": [ -76.597798650506135, 39.295880513397535 ] } },
{ "type": "Feature", "properties": { "surname": "Samuel", "given": "butcher", "occupation": "", "house_no": 186, "street_raw": "Pitt st", "street_matched": "FAYETTE (E)", "side": "left", "confidence": "bracketed", "anchors_on_street": 11 }, "geometry": { "type": "Point", "coordinates": [ -76.598534143071774, 39.292841763786157 ] } },
{ "type": "Feature", "properties": { "surname": "Henry", "given": "butcher", "occupation": "", "house_no": 186, "street_raw": "Pitt st", "street_matched": "FAYETTE (E)", "side": "left", "confidence": "bracketed", "anchors_on_street": 11 }, "geometry": { "type": "Point", "coordinates": [ -76.598534143071774, 39.292841763786157 ] } },
{ "type": "Feature", "properties": { "surname": "Hitchings", "given": "Henry", "occupation": "caulker", "house_no": 123, "street_raw": "Apple al", "street_matched": "BETHEL, (S)", "side": "left", "confidence": "bracketed", "anchors_on_street": 9 }, "geometry": { "type": "Point", "coordinates": [ -76.594566059622309, 39.286835043857366 ] } },
{ "type": "Feature", "properties": { "surname": "James", "given": "stevedore", "occupation": "", "house_no": 232, "street_raw": "Apple al", "street_matched": "BETHEL, (S)", "side": "right", "confidence": "bracketed", "anchors_on_street": 9 }, "geometry": { "type": "Point", "coordinates": [ -76.594288654590002, 39.283154339384915 ] } },
{ "type": "Feature", "properties": { "surname": "John", "given": "carter", "occupation": "", "house_no": 55, "street_raw": "S. Strawberry al", "street_matched": "DALLAS (S)", "side": "left", "confidence": "bracketed", "anchors_on_street": 9 }, "geometry": { "type": "Point", "coordinates": [ -76.596309983925138, 39.28990631785269 ] } },
{ "type": "Feature", "properties": { "surname": "Hoe", "given": "Henry", "occupation": "laborer", "house_no": 156, "street_raw": "Happy al", "street_matched": "DURHAM (S)", "side": "left", "confidence": "bracketed", "anchors_on_street": 9 }, "geometry": { "type": "Point", "coordinates": [ -76.590838037150192, 39.28759363955141 ] } },
{ "type": "Feature", "properties": { "surname": "Holland", "given": "Edward", "occupation": "drayman", "house_no": 124, "street_raw": "Low st", "street_matched": "LOW", "side": "", "confidence": "street_proportional", "anchors_on_street": 0 }, "geometry": { "type": "Point", "coordinates": [ -76.606339634554644, 39.293158494928996 ] } },
{ "type": "Feature", "properties": { "surname": "Henry", "given": "wagoner", "occupation": "", "house_no": 15, "street_raw": "Burgundy al", "street_matched": "BURGUNDY", "side": "", "confidence": "street_proportional", "anchors_on_street": 0 }, "geometry": { "type": "Point", "coordinates": [ -76.626122284376223, 39.279951856662748 ] } },
{ "type": "Feature", "properties": { "surname": "Richard", "given": "porter", "occupation": "", "house_no": 70, "street_raw": "Centre st", "street_matched": "CENTRE, (W)", "side": "left", "confidence": "extrapolated", "anchors_on_street": 4 }, "geometry": { "type": "Point", "coordinates": [ -76.61561127001282, 39.296304955378602 ] } },
{ "type": "Feature", "properties": { "surname": "Holliday", "given": "Benjamin", "occupation": "", "house_no": 17, "street_raw": "Biddle al", "street_matched": "BIDDLE, (W)", "side": "left", "confidence": "extrapolated", "anchors_on_street": 11 }, "geometry": { "type": "Point", "coordinates": [ -76.61890374640933, 39.302854739431112 ] } },
{ "type": "Feature", "properties": { "surname": "Joshua", "given": "laborer", "occupation": "", "house_no": 149, "street_raw": "Low st", "street_matched": "LOW", "side": "", "confidence": "street_proportional", "anchors_on_street": 0 }, "geometry": { "type": "Point", "coordinates": [ -76.607270014171348, 39.292438130174901 ] } },
{ "type": "Feature", "properties": { "surname": "Enoch", "given": "boot black", "occupation": "", "house_no": 25, "street_raw": "Clay st", "street_matched": "CLAY", "side": "", "confidence": "street_proportional", "anchors_on_street": 0 }, "geometry": { "type": "Point", "coordinates": [ -76.621084923096262, 39.292163614874283 ] } },
{ "type": "Feature", "properties": { "surname": "Henry", "given": "hackman", "occupation": "", "house_no": 251, "street_raw": "N. Gay st", "street_matched": "GAY, (N)", "side": "left", "confidence": "single_anchor", "anchors_on_street": 9 }, "geometry": { "type": "Point", "coordinates": [ -76.601308965441916, 39.298082117436834 ] } },
{ "type": "Feature", "properties": { "surname": "HoIIins", "given": "Alexander", "occupation": "laborer", "house_no": 96, "street_raw": "York st", "street_matched": "YORK", "side": "", "confidence": "street_proportional", "anchors_on_street": 0 }, "geometry": { "type": "Point", "coordinates": [ -76.61060048356029, 39.281505661373004 ] } },
{ "type": "Feature", "properties": { "surname": "Richard", "given": "caulker", "occupation": "", "house_no": 161, "street_raw": "S. Strawberry al", "street_matched": "DALLAS (S)", "side": "left", "confidence": "bracketed", "anchors_on_street": 9 }, "geometry": { "type": "Point", "coordinates": [ -76.596090360511269, 39.286274450960519 ] } },
{ "type": "Feature", "properties": { "surname": "Hollingsworth", "given": "Abraham", "occupation": "Taborer", "house_no": 120, "street_raw": "St. Paul", "street_matched": "PAUL", "side": "", "confidence": "street_proportional", "anchors_on_street": 0 }, "geometry": { "type": "Point", "coordinates": [ -76.613785049408406, 39.295994386860762 ] } },
{ "type": "Feature", "properties": { "surname": "James", "given": "sawyer", "occupation": "", "house_no": 166, "street_raw": "S. Strawberry al", "street_matched": "DALLAS (S)", "side": "left", "confidence": "bracketed", "anchors_on_street": 9 }, "geometry": { "type": "Point", "coordinates": [ -76.596081248590394, 39.286123769197978 ] } },
{ "type": "Feature", "properties": { "surname": "Hollon", "given": "Mary F", "occupation": "teacher", "house_no": 54, "street_raw": "N. Sharp st", "street_matched": "SHARP, (S)", "side": "left", "confidence": "extrapolated", "anchors_on_street": 5 }, "geometry": { "type": "Point", "coordinates": [ -76.617515642871879, 39.280923535799914 ] } },
{ "type": "Feature", "properties": { "surname": "Holmes", "given": "Henry", "occupation": "shoemaker", "house_no": 246, "street_raw": "German st", "street_matched": "PRATT, (W)", "side": "left", "confidence": "bracketed", "anchors_on_street": 22 }, "geometry": { "type": "Point", "coordinates": [ -76.618451888038592, 39.286353407054499 ] } },
{ "type": "Feature", "properties": { "surname": "Henry", "given": "laborer", "occupation": "", "house_no": 88, "street_raw": "Cross st", "street_matched": "CROSS", "side": "", "confidence": "street_proportional", "anchors_on_street": 0 }, "geometry": { "type": "Point", "coordinates": [ -76.633482750002287, 39.283654819332838 ] } },
{ "type": "Feature", "properties": { "surname": "Allen", "given": "laborer", "occupation": "", "house_no": 88, "street_raw": "Cross st", "street_matched": "CROSS", "side": "", "confidence": "street_proportional", "anchors_on_street": 0 }, "geometry": { "type": "Point", "coordinates": [ -76.633482750002287, 39.283654819332838 ] } },
{ "type": "Feature", "properties": { "surname": "Hooker", "given": "Tobias", "occupation": "", "house_no": 2, "street_raw": "Short al", "street_matched": "SHORT", "side": "", "confidence": "street_proportional", "anchors_on_street": 0 }, "geometry": { "type": "Point", "coordinates": [ -76.597438297433285, 39.295895726430771 ] } },
{ "type": "Feature", "properties": { "surname": "Hooper", "given": "James", "occupation": "laborer", "house_no": 5, "street_raw": "Welcome al", "street_matched": "WELCOME", "side": "", "confidence": "street_proportional", "anchors_on_street": 0 }, "geometry": { "type": "Point", "coordinates": [ -76.613153766680085, 39.282738011673466 ] } },
{ "type": "Feature", "properties": { "surname": "George", "given": "laborer", "occupation": "", "house_no": 113, "street_raw": "York st", "street_matched": "YORK", "side": "", "confidence": "street_proportional", "anchors_on_street": 0 }, "geometry": { "type": "Point", "coordinates": [ -76.612426118360432, 39.281436691164593 ] } },
{ "type": "Feature", "properties": { "surname": "Hopkins", "given": "Sarah", "occupation": "waslier", "house_no": 29, "street_raw": "Apple al", "street_matched": "BETHEL, (S)", "side": "left", "confidence": "bracketed", "anchors_on_street": 9 }, "geometry": { "type": "Point", "coordinates": [ -76.594818314802623, 39.290501165045534 ] } },
{ "type": "Feature", "properties": { "surname": "Peter", "given": "laborer", "occupation": "", "house_no": 93, "street_raw": "Pine st", "street_matched": "PINE, (N)", "side": "left", "confidence": "bracketed", "anchors_on_street": 10 }, "geometry": { "type": "Point", "coordinates": [ -76.627144809787794, 39.293311656659142 ] } },
{ "type": "Feature", "properties": { "surname": "Charles", "given": "laborer", "occupation": "", "house_no": 45, "street_raw": "S. Howard st", "street_matched": "HOWARD (N)", "side": "left", "confidence": "single_anchor", "anchors_on_street": 2 }, "geometry": { "type": "Point", "coordinates": [ -76.619458177682532, 39.289354713598044 ] } },
{ "type": "Feature", "properties": { "surname": "Horsey", "given": "Esther", "occupation": "washerwoman", "house_no": 211, "street_raw": "N. Exeter", "street_matched": "EXETER", "side": "left", "confidence": "extrapolated", "anchors_on_street": 9 }, "geometry": { "type": "Point", "coordinates": [ -76.600205320241912, 39.283205957148233 ] } },
{ "type": "Feature", "properties": { "surname": "Horzman", "given": "Luke", "occupation": "seaman", "house_no": 115, "street_raw": "Hughes st", "street_matched": "HUGHES", "side": "", "confidence": "street_proportional", "anchors_on_street": 0 }, "geometry": { "type": "Point", "coordinates": [ -76.611404515887259, 39.280664210024909 ] } },
{ "type": "Feature", "properties": { "surname": "Houston", "given": "John", "occupation": "boarding house", "house_no": 124, "street_raw": "S. Caroline", "street_matched": "CAROLINE (S.)", "side": "left", "confidence": "bracketed", "anchors_on_street": 10 }, "geometry": { "type": "Point", "coordinates": [ -76.596908454033994, 39.287662994418461 ] } },
{ "type": "Feature", "properties": { "surname": "Howard", "given": "Augustus", "occupation": "laborer", "house_no": 46, "street_raw": "Harford av", "street_matched": "HARFORD", "side": "", "confidence": "street_proportional", "anchors_on_street": 0 }, "geometry": { "type": "Point", "coordinates": [ -76.599370000423022, 39.311941999705525 ] } },
{ "type": "Feature", "properties": { "surname": "John", "given": "drayman", "occupation": "", "house_no": 45, "street_raw": "Welcome al", "street_matched": "WELCOME", "side": "", "confidence": "street_proportional", "anchors_on_street": 0 }, "geometry": { "type": "Point", "coordinates": [ -76.618056031475405, 39.282565162159976 ] } },
{ "type": "Feature", "properties": { "surname": "Nathaniel", "given": "wagoner", "occupation": "", "house_no": 203, "street_raw": "Forrest st", "street_matched": "FORREST", "side": "", "confidence": "street_proportional", "anchors_on_street": 0 }, "geometry": { "type": "Point", "coordinates": [ -76.607520649575918, 39.299306300426693 ] } },
{ "type": "Feature", "properties": { "surname": "James", "given": "hackman", "occupation": "", "house_no": 68, "street_raw": "Centre st", "street_matched": "CENTRE, (W)", "side": "left", "confidence": "extrapolated", "anchors_on_street": 4 }, "geometry": { "type": "Point", "coordinates": [ -76.61561127001282, 39.296304955378602 ] } },
{ "type": "Feature", "properties": { "surname": "Wm.", "given": "laborer", "occupation": "", "house_no": 39, "street_raw": "State st", "street_matched": "STATE", "side": "", "confidence": "street_proportional", "anchors_on_street": 0 }, "geometry": { "type": "Point", "coordinates": [ -76.620286418734466, 39.293117505983801 ] } },
{ "type": "Feature", "properties": { "surname": "James", "given": "laborer", "occupation": "", "house_no": 91, "street_raw": "Pine st", "street_matched": "PINE, (N)", "side": "left", "confidence": "bracketed", "anchors_on_street": 10 }, "geometry": { "type": "Point", "coordinates": [ -76.62714064685764, 39.293260580790758 ] } },
{ "type": "Feature", "properties": { "surname": "John", "given": "drayman", "occupation": "", "house_no": 45, "street_raw": "S. Strawberry al", "street_matched": "DALLAS (S)", "side": "left", "confidence": "bracketed", "anchors_on_street": 9 }, "geometry": { "type": "Point", "coordinates": [ -76.596330318659554, 39.290242584504647 ] } },
{ "type": "Feature", "properties": { "surname": "Sarah", "given": "washerwoman", "occupation": "", "house_no": 61, "street_raw": "N. Canal st", "street_matched": "CANAL", "side": "", "confidence": "street_proportional", "anchors_on_street": 0 }, "geometry": { "type": "Point", "coordinates": [ -76.595939717468369, 39.296934560614403 ] } },
{ "type": "Feature", "properties": { "surname": "Nace", "given": "laborer", "occupation": "", "house_no": 3, "street_raw": "Friendship al", "street_matched": "FORREST", "side": "", "confidence": "street_proportional", "anchors_on_street": 0 }, "geometry": { "type": "Point", "coordinates": [ -76.608047549414465, 39.301295170510897 ] } },
{ "type": "Feature", "properties": { "surname": "Esther", "given": "washerw'n", "occupation": "", "house_no": 119, "street_raw": "S. Strawberry al", "street_matched": "DALLAS (S)", "side": "left", "confidence": "bracketed", "anchors_on_street": 9 }, "geometry": { "type": "Point", "coordinates": [ -76.596190795702285, 39.287935328546844 ] } },
{ "type": "Feature", "properties": { "surname": "Benjamin", "given": "sawyer", "occupation": "", "house_no": 27, "street_raw": "Forrest st", "street_matched": "FORREST", "side": "", "confidence": "street_proportional", "anchors_on_street": 0 }, "geometry": { "type": "Point", "coordinates": [ -76.607984664187356, 39.301056451286009 ] } },
{ "type": "Feature", "properties": { "surname": "Henry", "given": "Laborer", "occupation": "", "house_no": 49, "street_raw": "Lewis st", "street_matched": "LEWIS", "side": "", "confidence": "street_proportional", "anchors_on_street": 0 }, "geometry": { "type": "Point", "coordinates": [ -76.600349247805667, 39.296157179128492 ] } },
{ "type": "Feature", "properties": { "surname": "Hughes", "given": "Arthur", "occupation": "brickmaker", "house_no": 45, "street_raw": "S. Howard st", "street_matched": "HOWARD (N)", "side": "left", "confidence": "single_anchor", "anchors_on_street": 2 }, "geometry": { "type": "Point", "coordinates": [ -76.619458177682532, 39.289354713598044 ] } },
{ "type": "Feature", "properties": { "surname": "Hull", "given": "John", "occupation": "laborer", "house_no": 51, "street_raw": "Salisbury st", "street_matched": "SALISBURY", "side": "", "confidence": "street_proportional", "anchors_on_street": 0 }, "geometry": { "type": "Point", "coordinates": [ -76.602197112099205, 39.289697492060135 ] } },
{ "type": "Feature", "properties": { "surname": "John", "given": "seaman", "occupation": "", "house_no": 98, "street_raw": "Hughes st", "street_matched": "HUGHES", "side": "", "confidence": "street_proportional", "anchors_on_street": 0 }, "geometry": { "type": "Point", "coordinates": [ -76.610531036918005, 39.280692729512261 ] } },
{ "type": "Feature", "properties": { "surname": "Jeremiah", "given": "sawyer", "occupation": "", "house_no": 166, "street_raw": "S. Strawberry al", "street_matched": "DALLAS (S)", "side": "left", "confidence": "bracketed", "anchors_on_street": 9 }, "geometry": { "type": "Point", "coordinates": [ -76.596081248590394, 39.286123769197978 ] } },
{ "type": "Feature", "properties": { "surname": "Hutchings", "given": "Julia Ann", "occupation": "", "house_no": 139, "street_raw": "Low st", "street_matched": "LOW", "side": "", "confidence": "street_proportional", "anchors_on_street": 0 }, "geometry": { "type": "Point", "coordinates": [ -76.606897862795449, 39.29272627557814 ] } },
{ "type": "Feature", "properties": { "surname": "Daniel", "given": "baker", "occupation": "", "house_no": 23, "street_raw": "Liberty al", "street_matched": "LIBERTY, (N)", "side": "left", "confidence": "bracketed", "anchors_on_street": 5 }, "geometry": { "type": "Point", "coordinates": [ -76.617467777725125, 39.290856441612988 ] } },
{ "type": "Feature", "properties": { "surname": "Hutchins", "given": "Wm", "occupation": "laborer", "house_no": 3, "street_raw": "Salisbury al", "street_matched": "SALISBURY", "side": "", "confidence": "street_proportional", "anchors_on_street": 0 }, "geometry": { "type": "Point", "coordinates": [ -76.60129667997073, 39.289958368522797 ] } },
{ "type": "Feature", "properties": { "surname": "John", "given": "drayman", "occupation": "", "house_no": 21, "street_raw": "Short al", "street_matched": "SHORT", "side": "", "confidence": "street_proportional", "anchors_on_street": 0 }, "geometry": { "type": "Point", "coordinates": [ -76.598199042628238, 39.295863608734081 ] } },
{ "type": "Feature", "properties": { "surname": "Henry", "given": "laljorer", "occupation": "", "house_no": 69, "street_raw": "N. Strawberry al", "street_matched": "DALLAS (N)", "side": "right", "confidence": "bracketed", "anchors_on_street": 4 }, "geometry": { "type": "Point", "coordinates": [ -76.596578635489522, 39.294348993341814 ] } },
{ "type": "Feature", "properties": { "surname": "Hutton", "given": "Wm", "occupation": "", "house_no": 56, "street_raw": "Orleans st", "street_matched": "ORLEANS", "side": "left", "confidence": "bracketed", "anchors_on_street": 10 }, "geometry": { "type": "Point", "coordinates": [ -76.600568797031869, 39.294943388764928 ] } },
{ "type": "Feature", "properties": { "surname": "Hyde", "given": "James", "occupation": "carter", "house_no": 5, "street_raw": "Mott st", "street_matched": "MOTT", "side": "", "confidence": "street_proportional", "anchors_on_street": 0 }, "geometry": { "type": "Point", "coordinates": [ -76.604405774601119, 39.297081881628557 ] } },
{ "type": "Feature", "properties": { "surname": "Hynson", "given": "Jacob", "occupation": "laborer", "house_no": 131, "street_raw": "Hughes st", "street_matched": "HUGHES", "side": "", "confidence": "street_proportional", "anchors_on_street": 0 }, "geometry": { "type": "Point", "coordinates": [ -76.612225782591565, 39.280624477735387 ] } },
{ "type": "Feature", "properties": { "surname": "Frederick", "given": "laborer", "occupation": "", "house_no": 13, "street_raw": "Hughes st", "street_matched": "HUGHES", "side": "", "confidence": "street_proportional", "anchors_on_street": 0 }, "geometry": { "type": "Point", "coordinates": [ -76.606165143474925, 39.28086000138461 ] } },
{ "type": "Feature", "properties": { "surname": "Martha", "given": "washerwoman", "occupation": "", "house_no": 58, "street_raw": "Perry st", "street_matched": "PERRY", "side": "", "confidence": "street_proportional", "anchors_on_street": 0 }, "geometry": { "type": "Point", "coordinates": [ -76.617202414181719, 39.284841982027501 ] } },
{ "type": "Feature", "properties": { "surname": "John", "given": "carter", "occupation": "", "house_no": 37, "street_raw": "Perry st", "street_matched": "PERRY", "side": "", "confidence": "street_proportional", "anchors_on_street": 0 }, "geometry": { "type": "Point", "coordinates": [ -76.615401939053129, 39.284915195563741 ] } },
{ "type": "Feature", "properties": { "surname": "James", "given": "sawyer", "occupation": "", "house_no": 19, "street_raw": "Argyle al", "street_matched": "ARGYLE", "side": "", "confidence": "street_proportional", "anchors_on_street": 0 }, "geometry": { "type": "Point", "coordinates": [ -76.636248989155646, 39.303354594194531 ] } },
{ "type": "Feature", "properties": { "surname": "James", "given": "drayman", "occupation": "52 Sugar al. — — Mrs., tailoress &. dress maker", "house_no": 202, "street_raw": "Fayette", "street_matched": "FAYETTE (E)", "side": "left", "confidence": "bracketed", "anchors_on_street": 11 }, "geometry": { "type": "Point", "coordinates": [ -76.597616892467443, 39.293094985632408 ] } },
{ "type": "Feature", "properties": { "surname": "Josepli", "given": "waiter", "occupation": "", "house_no": 22, "street_raw": "Marion st", "street_matched": "MARION", "side": "", "confidence": "street_proportional", "anchors_on_street": 0 }, "geometry": { "type": "Point", "coordinates": [ -76.620841517718915, 39.290914912039653 ] } },
{ "type": "Feature", "properties": { "surname": "Amelia", "given": "washerwoman", "occupation": "", "house_no": 46, "street_raw": "Park st", "street_matched": "PARK", "side": "left", "confidence": "bracketed", "anchors_on_street": 9 }, "geometry": { "type": "Point", "coordinates": [ -76.618086670280775, 39.292228415610936 ] } },
{ "type": "Feature", "properties": { "surname": "John", "given": "laborer", "occupation": "", "house_no": 16, "street_raw": "State st", "street_matched": "STATE", "side": "", "confidence": "street_proportional", "anchors_on_street": 0 }, "geometry": { "type": "Point", "coordinates": [ -76.620351413535829, 39.294190162054576 ] } },
{ "type": "Feature", "properties": { "surname": "Kachel", "given": "washerwoman", "occupation": "", "house_no": 108, "street_raw": "E.Lombard st", "street_matched": "LOMBARD, (E)", "side": "left", "confidence": "single_anchor", "anchors_on_street": 1 }, "geometry": { "type": "Point", "coordinates": [ -76.605011226926834, 39.288170059443566 ] } },
{ "type": "Feature", "properties": { "surname": "James", "given": "laborer", "occupation": "", "house_no": 83, "street_raw": "S. Strawberry al", "street_matched": "DALLAS (S)", "side": "left", "confidence": "bracketed", "anchors_on_street": 9 }, "geometry": { "type": "Point", "coordinates": [ -76.596254382829315, 39.288986858607721 ] } },
{ "type": "Feature", "properties": { "surname": "INLOES", "given": "Nathaniel", "occupation": "drayman", "house_no": 107, "street_raw": "Jasper st", "street_matched": "JASPER", "side": "", "confidence": "street_proportional", "anchors_on_street": 0 }, "geometry": { "type": "Point", "coordinates": [ -76.621808686111919, 39.292496913482118 ] } },
{ "type": "Feature", "properties": { "surname": "Inncs", "given": "Benjamin", "occupation": "sawyer", "house_no": 6, "street_raw": "Williamson al", "street_matched": "WILLIAMSON", "side": "", "confidence": "street_proportional", "anchors_on_street": 0 }, "geometry": { "type": "Point", "coordinates": [ -76.611941631145669, 39.278535430779044 ] } },
{ "type": "Feature", "properties": { "surname": "Insley", "given": "Benjamin", "occupation": "drayman", "house_no": 51, "street_raw": "Hughes st", "street_matched": "HUGHES", "side": "", "confidence": "street_proportional", "anchors_on_street": 0 }, "geometry": { "type": "Point", "coordinates": [ -76.60811605409269, 39.280770738212823 ] } },
{ "type": "Feature", "properties": { "surname": "Ireland", "given": "Lydia", "occupation": "", "house_no": 49, "street_raw": "Salisbury st", "street_matched": "SALISBURY", "side": "", "confidence": "street_proportional", "anchors_on_street": 0 }, "geometry": { "type": "Point", "coordinates": [ -76.60215959422608, 39.289708362050931 ] } },
{ "type": "Feature", "properties": { "surname": "Phillis", "given": "washerwoman", "occupation": "", "house_no": 182, "street_raw": "Park st", "street_matched": "PARK", "side": "left", "confidence": "extrapolated", "anchors_on_street": 9 }, "geometry": { "type": "Point", "coordinates": [ -76.619455361173365, 39.303101805588362 ] } },
{ "type": "Feature", "properties": { "surname": "Jesse", "given": "shoemaker", "occupation": "", "house_no": 62, "street_raw": "Lewis st", "street_matched": "LEWIS", "side": "", "confidence": "street_proportional", "anchors_on_street": 0 }, "geometry": { "type": "Point", "coordinates": [ -76.600383143412174, 39.296685949652016 ] } },
{ "type": "Feature", "properties": { "surname": "Moses", "given": "laborer", "occupation": "", "house_no": 177, "street_raw": "Happy al", "street_matched": "DURHAM (S)", "side": "left", "confidence": "bracketed", "anchors_on_street": 9 }, "geometry": { "type": "Point", "coordinates": [ -76.590789755315484, 39.286831448232917 ] } },
{ "type": "Feature", "properties": { "surname": "Irvin", "given": "David", "occupation": "laborer", "house_no": 98, "street_raw": "E. Madison st", "street_matched": "MADISON (E)", "side": "left", "confidence": "bracketed", "anchors_on_street": 16 }, "geometry": { "type": "Point", "coordinates": [ -76.60635071751129, 39.298943659370714 ] } },
{ "type": "Feature", "properties": { "surname": "Isaacs", "given": "Wm", "occupation": "caulker", "house_no": 119, "street_raw": "Happy al", "street_matched": "DURHAM (S)", "side": "left", "confidence": "bracketed", "anchors_on_street": 9 }, "geometry": { "type": "Point", "coordinates": [ -76.590886339545079, 39.288388988739513 ] } },
{ "type": "Feature", "properties": { "surname": "Jackson", "given": "Willis shoemaker", "occupation": "", "house_no": 19, "street_raw": "Hamilton st", "street_matched": "HAMILTON", "side": "", "confidence": "street_proportional", "anchors_on_street": 0 }, "geometry": { "type": "Point", "coordinates": [ -76.618289262672235, 39.295527962343456 ] } },
{ "type": "Feature", "properties": { "surname": "Harris", "given": "coachman", "occupation": "", "house_no": 41, "street_raw": "Tyson st", "street_matched": "TYSON", "side": "", "confidence": "street_proportional", "anchors_on_street": 0 }, "geometry": { "type": "Point", "coordinates": [ -76.61933190438215, 39.299832301523708 ] } },
{ "type": "Feature", "properties": { "surname": "Wm.", "given": "seaman", "occupation": "", "house_no": 22, "street_raw": "State st", "street_matched": "STATE", "side": "", "confidence": "street_proportional", "anchors_on_street": 0 }, "geometry": { "type": "Point", "coordinates": [ -76.620334458119117, 39.293910338770701 ] } },
{ "type": "Feature", "properties": { "surname": "AVm.", "given": "waiter", "occupation": "", "house_no": 144, "street_raw": "N. Eutaw st", "street_matched": "EUTAW", "side": "", "confidence": "street_proportional", "anchors_on_street": 0 }, "geometry": { "type": "Point", "coordinates": [ -76.621372187356698, 39.296737942878842 ] } },
{ "type": "Feature", "properties": { "surname": "Willis", "given": "laborer", "occupation": "", "house_no": 33, "street_raw": "Forrest st. 18", "street_matched": "FORREST", "side": "", "confidence": "street_proportional", "anchors_on_street": 0 }, "geometry": { "type": "Point", "coordinates": [ -76.607968942946727, 39.300996771471844 ] } },
{ "type": "Feature", "properties": { "surname": "Christopher", "given": "seaman", "occupation": "", "house_no": 90, "street_raw": "Hughes st", "street_matched": "HUGHES", "side": "", "confidence": "street_proportional", "anchors_on_street": 0 }, "geometry": { "type": "Point", "coordinates": [ -76.610119904055978, 39.280704849199616 ] } },
{ "type": "Feature", "properties": { "surname": "Arthur", "given": "seaman", "occupation": "13 Welcome al. • Asbury, brickmaker", "house_no": 78, "street_raw": "Conway St>", "street_matched": "CONWAY", "side": "", "confidence": "street_proportional", "anchors_on_street": 0 }, "geometry": { "type": "Point", "coordinates": [ -76.614165039603947, 39.284212688659117 ] } },
{ "type": "Feature", "properties": { "surname": "Hinson", "given": "laborer", "occupation": "", "house_no": 43, "street_raw": "Wayne st", "street_matched": "WAYNE", "side": "", "confidence": "street_proportional", "anchors_on_street": 0 }, "geometry": { "type": "Point", "coordinates": [ -76.618717332705302, 39.283495152059729 ] } },
{ "type": "Feature", "properties": { "surname": "David", "given": "laborer", "occupation": "", "house_no": 74, "street_raw": "Harford av", "street_matched": "HARFORD", "side": "", "confidence": "street_proportional", "anchors_on_street": 0 }, "geometry": { "type": "Point", "coordinates": [ -76.601941657721042, 39.304576023246042 ] } },
{ "type": "Feature", "properties": { "surname": "Wm. H.", "given": "shoemaker", "occupation": "23 Lewis st. : Abraham, sawyer", "house_no": 52, "street_raw": "S. Strawberry al", "street_matched": "DALLAS (S)", "side": "left", "confidence": "bracketed", "anchors_on_street": 9 }, "geometry": { "type": "Point", "coordinates": [ -76.596316084325224, 39.290007197852184 ] } },
{ "type": "Feature", "properties": { "surname": "Randal", "given": "carter", "occupation": "", "house_no": 54, "street_raw": "S. Strawberry al", "street_matched": "DALLAS (S)", "side": "left", "confidence": "bracketed", "anchors_on_street": 9 }, "geometry": { "type": "Point", "coordinates": [ -76.59631201738992, 39.289939944519567 ] } },
{ "type": "Feature", "properties": { "surname": "Duke", "given": "laborer", "occupation": "", "house_no": 30, "street_raw": "Apple al", "street_matched": "BETHEL, (S)", "side": "left", "confidence": "bracketed", "anchors_on_street": 9 }, "geometry": { "type": "Point", "coordinates": [ -76.594815855276636, 39.290463910719147 ] } },
{ "type": "Feature", "properties": { "surname": "James", "given": "caulker", "occupation": "", "house_no": 154, "street_raw": "Happy al", "street_matched": "DURHAM (S)", "side": "left", "confidence": "bracketed", "anchors_on_street": 9 }, "geometry": { "type": "Point", "coordinates": [ -76.590842635474274, 39.287666229190741 ] } },
{ "type": "Feature", "properties": { "surname": "James", "given": "sawyer", "occupation": "", "house_no": 172, "street_raw": "Happy al", "street_matched": "DURHAM (S)", "side": "left", "confidence": "bracketed", "anchors_on_street": 9 }, "geometry": { "type": "Point", "coordinates": [ -76.590801250896305, 39.28701292237384 ] } },
{ "type": "Feature", "properties": { "surname": "Joseph", "given": "M", "occupation": "whitewasher", "house_no": 6, "street_raw": "N. Poppleton", "street_matched": "POPPLETON (N)", "side": "right", "confidence": "bracketed", "anchors_on_street": 8 }, "geometry": { "type": "Point", "coordinates": [ -76.632146080035994, 39.289082309433034 ] } },
{ "type": "Feature", "properties": { "surname": "James", "given": "laborer", "occupation": "", "house_no": 34, "street_raw": "Wayne st", "street_matched": "WAYNE", "side": "", "confidence": "street_proportional", "anchors_on_street": 0 }, "geometry": { "type": "Point", "coordinates": [ -76.618843211083927, 39.283489101497494 ] } },
{ "type": "Feature", "properties": { "surname": "Mary", "given": "Ann", "occupation": "", "house_no": 134, "street_raw": "Montgomery st", "street_matched": "MONTGOMERY", "side": "left", "confidence": "extrapolated", "anchors_on_street": 7 }, "geometry": { "type": "Point", "coordinates": [ -76.60985412508326, 39.280059233318184 ] } },
{ "type": "Feature", "properties": { "surname": "Henry", "given": "shoemaker", "occupation": "", "house_no": 235, "street_raw": "German st", "street_matched": "PRATT, (W)", "side": "left", "confidence": "bracketed", "anchors_on_street": 22 }, "geometry": { "type": "Point", "coordinates": [ -76.617921862754116, 39.286371174612995 ] } },
{ "type": "Feature", "properties": { "surname": "Nathan", "given": "sawyer", "occupation": "", "house_no": 8, "street_raw": "N. Strawberry al", "street_matched": "DALLAS (N)", "side": "left", "confidence": "bracketed", "anchors_on_street": 4 }, "geometry": { "type": "Point", "coordinates": [ -76.596424946647602, 39.291807431369797 ] } },
{ "type": "Feature", "properties": { "surname": "Agnes", "given": "washerwoman", "occupation": "", "house_no": 65, "street_raw": "Dover st", "street_matched": "DOVER", "side": "", "confidence": "street_proportional", "anchors_on_street": 0 }, "geometry": { "type": "Point", "coordinates": [ -76.622006551833849, 39.285835246948636 ] } },
{ "type": "Feature", "properties": { "surname": "Wm.", "given": "hackman", "occupation": "", "house_no": 67, "street_raw": "Dover st", "street_matched": "DOVER", "side": "", "confidence": "street_proportional", "anchors_on_street": 0 }, "geometry": { "type": "Point", "coordinates": [ -76.622185604474112, 39.28576078428474 ] } },
{ "type": "Feature", "properties": { "surname": "Shadrach", "given": "sawyer", "occupation": "", "house_no": 15, "street_raw": "Forrest st", "street_matched": "FORREST", "side": "", "confidence": "street_proportional", "anchors_on_street": 0 }, "geometry": { "type": "Point", "coordinates": [ -76.608016106747996, 39.301175810904802 ] } },
{ "type": "Feature", "properties": { "surname": "Catharine", "given": "washerwoman", "occupation": "", "house_no": 43, "street_raw": "Perry st", "street_matched": "PERRY", "side": "", "confidence": "street_proportional", "anchors_on_street": 0 }, "geometry": { "type": "Point", "coordinates": [ -76.615916360614008, 39.284894276014128 ] } },
{ "type": "Feature", "properties": { "surname": "Ann", "given": "milliner", "occupation": "60 Mulberry st. . Henrietta, washerwoman", "house_no": 64, "street_raw": "Lewis st", "street_matched": "LEWIS", "side": "", "confidence": "street_proportional", "anchors_on_street": 0 }, "geometry": { "type": "Point", "coordinates": [ -76.600388358165716, 39.296767298955018 ] } },
{ "type": "Feature", "properties": { "surname": "Philip", "given": "laborer", "occupation": "63 Sugar al. ■ Wm., stevedore", "house_no": 11, "street_raw": "Comb al", "street_matched": "COMB", "side": "", "confidence": "street_proportional", "anchors_on_street": 0 }, "geometry": { "type": "Point", "coordinates": [ -76.616293745928928, 39.281519694339778 ] } },
{ "type": "Feature", "properties": { "surname": "Jakes", "given": "Frederick", "occupation": "waiter", "house_no": 156, "street_raw": "Park st", "street_matched": "PARK", "side": "left", "confidence": "extrapolated", "anchors_on_street": 9 }, "geometry": { "type": "Point", "coordinates": [ -76.618637444639347, 39.301198656648204 ] } },
{ "type": "Feature", "properties": { "surname": "Henry", "given": "waiter", "occupation": "", "house_no": 134, "street_raw": "St. Paul st", "street_matched": "PAUL", "side": "", "confidence": "street_proportional", "anchors_on_street": 0 }, "geometry": { "type": "Point", "coordinates": [ -76.613812291766934, 39.296376830869484 ] } },
{ "type": "Feature", "properties": { "surname": "Henry", "given": "barber", "occupation": "", "house_no": 3, "street_raw": "Bank lane", "street_matched": "BANK", "side": "left", "confidence": "extrapolated", "anchors_on_street": 11 }, "geometry": { "type": "Point", "coordinates": [ -76.597180636260774, 39.286437372746605 ] } },
{ "type": "Feature", "properties": { "surname": "James", "given": "Eliza", "occupation": "washerwoman", "house_no": 25, "street_raw": "Henrietta st", "street_matched": "HENRIETTA", "side": "", "confidence": "street_proportional", "anchors_on_street": 0 }, "geometry": { "type": "Point", "coordinates": [ -76.619372031069929, 39.279712536902082 ] } },
{ "type": "Feature", "properties": { "surname": "Janney", "given": "Anthony", "occupation": "laborer", "house_no": 15, "street_raw": "Johnson st", "street_matched": "JOHNSON", "side": "", "confidence": "street_proportional", "anchors_on_street": 0 }, "geometry": { "type": "Point", "coordinates": [ -76.6093261360963, 39.270257015860075 ] } },
{ "type": "Feature", "properties": { "surname": "Javoy", "given": "Mary", "occupation": "", "house_no": 134, "street_raw": "York st", "street_matched": "YORK", "side": "", "confidence": "street_proportional", "anchors_on_street": 0 }, "geometry": { "type": "Point", "coordinates": [ -76.614681311711976, 39.281351490627429 ] } },
{ "type": "Feature", "properties": { "surname": "Jefferson", "given": "Wm", "occupation": "laborer", "house_no": 2, "street_raw": "Marion st", "street_matched": "MARION", "side": "", "confidence": "street_proportional", "anchors_on_street": 0 }, "geometry": { "type": "Point", "coordinates": [ -76.61754947340205, 39.291038526633407 ] } },
{ "type": "Feature", "properties": { "surname": "Richard", "given": "brickmaker", "occupation": "", "house_no": 10, "street_raw": "Vine st", "street_matched": "VINE", "side": "", "confidence": "street_proportional", "anchors_on_street": 0 }, "geometry": { "type": "Point", "coordinates": [ -76.62557904817497, 39.290743863997719 ] } },
{ "type": "Feature", "properties": { "surname": "Isaac", "given": "laborer", "occupation": "", "house_no": 139, "street_raw": "Hillen st", "street_matched": "HILLEN", "side": "left", "confidence": "extrapolated", "anchors_on_street": 3 }, "geometry": { "type": "Point", "coordinates": [ -76.605295646963185, 39.2970018772792 ] } },
{ "type": "Feature", "properties": { "surname": "Jeflrier", "given": "Benjamin", "occupation": "laborer", "house_no": 40, "street_raw": "Lewis st", "street_matched": "LEWIS", "side": "", "confidence": "street_proportional", "anchors_on_street": 0 }, "geometry": { "type": "Point", "coordinates": [ -76.600325781881878, 39.295791107173862 ] } },
{ "type": "Feature", "properties": { "surname": "Jenkins", "given": "Samuel", "occupation": "stevedore", "house_no": 212, "street_raw": "S. Strawberry al", "street_matched": "DALLAS (S)", "side": "left", "confidence": "bracketed", "anchors_on_street": 9 }, "geometry": { "type": "Point", "coordinates": [ -76.596003982411105, 39.284846019978289 ] } },
{ "type": "Feature", "properties": { "surname": "Wm. D.", "given": "brickmaker", "occupation": "", "house_no": 169, "street_raw": "Happy alley", "street_matched": "DURHAM (S)", "side": "left", "confidence": "bracketed", "anchors_on_street": 9 }, "geometry": { "type": "Point", "coordinates": [ -76.590808148273041, 39.28712180685315 ] } },
{ "type": "Feature", "properties": { "surname": "Joshua", "given": "blacksmith", "occupation": "", "house_no": 161, "street_raw": "Happy alley", "street_matched": "DURHAM (S)", "side": "left", "confidence": "bracketed", "anchors_on_street": 9 }, "geometry": { "type": "Point", "coordinates": [ -76.590826541381162, 39.287412165445446 ] } },
{ "type": "Feature", "properties": { "surname": "Frisby", "given": "laborer", "occupation": "", "house_no": 8, "street_raw": "Guilford alley", "street_matched": "GUILFORD", "side": "", "confidence": "street_proportional", "anchors_on_street": 0 }, "geometry": { "type": "Point", "coordinates": [ -76.612325335111336, 39.309819196788382 ] } },
{ "type": "Feature", "properties": { "surname": "Andrew", "given": "seaman", "occupation": "", "house_no": 15, "street_raw": "Comb alley", "street_matched": "COMB", "side": "", "confidence": "street_proportional", "anchors_on_street": 0 }, "geometry": { "type": "Point", "coordinates": [ -76.616256589466261, 39.280959264554845 ] } },
{ "type": "Feature", "properties": { "surname": "Margaret", "given": "washerwoman", "occupation": "", "house_no": 89, "street_raw": "Salisbury st", "street_matched": "SALISBURY", "side": "", "confidence": "street_proportional", "anchors_on_street": 0 }, "geometry": { "type": "Point", "coordinates": [ -76.602896009343041, 39.289465959817186 ] } },
{ "type": "Feature", "properties": { "surname": "John", "given": "laborer", "occupation": "", "house_no": 19, "street_raw": "Star alley", "street_matched": "CHAPEL", "side": "", "confidence": "street_proportional", "anchors_on_street": 0 }, "geometry": { "type": "Point", "coordinates": [ -76.59018146531912, 39.297539203218591 ] } },
{ "type": "Feature", "properties": { "surname": "Wm.", "given": "laborer", "occupation": "", "house_no": 23, "street_raw": "Star alley", "street_matched": "CHAPEL", "side": "", "confidence": "street_proportional", "anchors_on_street": 0 }, "geometry": { "type": "Point", "coordinates": [ -76.59018146531912, 39.297539203218591 ] } },
{ "type": "Feature", "properties": { "surname": "Benjamin", "given": "barber", "occupation": "", "house_no": 815, "street_raw": "W. Baltimore st", "street_matched": "BALTIMORE, (W)", "side": "left", "confidence": "bracketed", "anchors_on_street": 19 }, "geometry": { "type": "Point", "coordinates": [ -76.643543754531237, 39.288318180868792 ] } },
{ "type": "Feature", "properties": { "surname": "Jerome", "given": "Hagar", "occupation": "washerwoman", "house_no": 119, "street_raw": "York st", "street_matched": "YORK", "side": "", "confidence": "street_proportional", "anchors_on_street": 0 }, "geometry": { "type": "Point", "coordinates": [ -76.613070459552347, 39.281412347482636 ] } },
{ "type": "Feature", "properties": { "surname": "Jiles", "given": "Henry", "occupation": "sawyer", "house_no": 141, "street_raw": "Happy alley", "street_matched": "DURHAM (S)", "side": "left", "confidence": "bracketed", "anchors_on_street": 9 }, "geometry": { "type": "Point", "coordinates": [ -76.590860260132331, 39.287955542477128 ] } },
{ "type": "Feature", "properties": { "surname": "Johns", "given": "Wm", "occupation": "laborer", "house_no": 199, "street_raw": "Happy alley", "street_matched": "DURHAM (S)", "side": "left", "confidence": "bracketed", "anchors_on_street": 9 }, "geometry": { "type": "Point", "coordinates": [ -76.590737563959777, 39.286074940126198 ] } },
{ "type": "Feature", "properties": { "surname": "Moses", "given": "ice cream seller", "occupation": "", "house_no": 36, "street_raw": "N. Front st", "street_matched": "FRONT (N)", "side": "left", "confidence": "single_anchor", "anchors_on_street": 1 }, "geometry": { "type": "Point", "coordinates": [ -76.609297052551, 39.294171046848568 ] } },
{ "type": "Feature", "properties": { "surname": "Johnson", "given": "Rebecca", "occupation": "", "house_no": 300, "street_raw": "S. Charles st", "street_matched": "CHARLES (S.)", "side": "left", "confidence": "bracketed", "anchors_on_street": 12 }, "geometry": { "type": "Point", "coordinates": [ -76.614471677874263, 39.278186652134174 ] } },
{ "type": "Feature", "properties": { "surname": "Wm.", "given": "laborer", "occupation": "", "house_no": 76, "street_raw": "Conway st", "street_matched": "CONWAY", "side": "", "confidence": "street_proportional", "anchors_on_street": 0 }, "geometry": { "type": "Point", "coordinates": [ -76.614096639360071, 39.284216240628467 ] } },
{ "type": "Feature", "properties": { "surname": "Jarret", "given": "laborer", "occupation": "", "house_no": 45, "street_raw": "Biddle alley", "street_matched": "BIDDLE, (W)", "side": "right", "confidence": "bracketed", "anchors_on_street": 11 }, "geometry": { "type": "Point", "coordinates": [ -76.619648199376982, 39.302231391458641 ] } },
{ "type": "Feature", "properties": { "surname": "John", "given": "laborer", "occupation": "", "house_no": 59, "street_raw": "Biddle alley", "street_matched": "BIDDLE, (W)", "side": "right", "confidence": "bracketed", "anchors_on_street": 11 }, "geometry": { "type": "Point", "coordinates": [ -76.620008486874454, 39.301929714834316 ] } },
{ "type": "Feature", "properties": { "surname": "Johnson", "given": "Isaac", "occupation": "waiter, 52 Biddle alley. —— Phillis, washerwoman", "house_no": 81, "street_raw": "Perry st", "street_matched": "PERRY", "side": "", "confidence": "street_proportional", "anchors_on_street": 0 }, "geometry": { "type": "Point", "coordinates": [ -76.61917436079456, 39.284761792719223 ] } },
{ "type": "Feature", "properties": { "surname": "Severn", "given": "drayman", "occupation": "", "house_no": 37, "street_raw": "Dover st", "street_matched": "DOVER", "side": "", "confidence": "street_proportional", "anchors_on_street": 0 }, "geometry": { "type": "Point", "coordinates": [ -76.619138400762608, 39.2859530274226 ] } },
{ "type": "Feature", "properties": { "surname": "Edward", "given": "waiter", "occupation": "", "house_no": 40, "street_raw": "Dover st", "street_matched": "DOVER", "side": "", "confidence": "street_proportional", "anchors_on_street": 0 }, "geometry": { "type": "Point", "coordinates": [ -76.619446215224627, 39.285941718751566 ] } },
{ "type": "Feature", "properties": { "surname": "Richard", "given": "waiter", "occupation": "", "house_no": 44, "street_raw": "Dover st", "street_matched": "DOVER", "side": "", "confidence": "street_proportional", "anchors_on_street": 0 }, "geometry": { "type": "Point", "coordinates": [ -76.619856634461314, 39.285926641021476 ] } },
{ "type": "Feature", "properties": { "surname": "Maria", "given": "washerwoman", "occupation": "11 Welcome al. ' Wm., porter, 41 Wayne st. M., dress maker, 28 Bath st. ■ Abbey, washerwoman", "house_no": 143, "street_raw": "Mulberry st", "street_matched": "MULBERRY", "side": "", "confidence": "street_proportional", "anchors_on_street": 0 }, "geometry": { "type": "Point", "coordinates": [ -76.641044621600543, 39.293093043181337 ] } },
{ "type": "Feature", "properties": { "surname": "Susan", "given": "washerwoman", "occupation": "", "house_no": 52, "street_raw": "Centre st", "street_matched": "CENTRE, (W)", "side": "left", "confidence": "extrapolated", "anchors_on_street": 4 }, "geometry": { "type": "Point", "coordinates": [ -76.61561127001282, 39.296304955378602 ] } },
{ "type": "Feature", "properties": { "surname": "Henrietta", "given": "washerwoman", "occupation": "", "house_no": 64, "street_raw": "Centre st", "street_matched": "CENTRE, (W)", "side": "left", "confidence": "extrapolated", "anchors_on_street": 4 }, "geometry": { "type": "Point", "coordinates": [ -76.61561127001282, 39.296304955378602 ] } },
{ "type": "Feature", "properties": { "surname": "Wm.", "given": "dra)'man", "occupation": "", "house_no": 25, "street_raw": "Tyson st", "street_matched": "TYSON", "side": "", "confidence": "street_proportional", "anchors_on_street": 0 }, "geometry": { "type": "Point", "coordinates": [ -76.619354817469613, 39.300186865101566 ] } },
{ "type": "Feature", "properties": { "surname": "Stanley", "given": "waiter", "occupation": "", "house_no": 15, "street_raw": "Marion st", "street_matched": "MARION", "side": "", "confidence": "street_proportional", "anchors_on_street": 0 }, "geometry": { "type": "Point", "coordinates": [ -76.619688948746898, 39.290952340544948 ] } },
{ "type": "Feature", "properties": { "surname": "Aaron", "given": "wagoner", "occupation": "", "house_no": 13, "street_raw": "Park st", "street_matched": "PARK", "side": "left", "confidence": "bracketed", "anchors_on_street": 9 }, "geometry": { "type": "Point", "coordinates": [ -76.617977125551562, 39.290444299759244 ] } },
{ "type": "Feature", "properties": { "surname": "Samuel", "given": "laborer", "occupation": "", "house_no": 10, "street_raw": "State st", "street_matched": "STATE", "side": "", "confidence": "street_proportional", "anchors_on_street": 0 }, "geometry": { "type": "Point", "coordinates": [ -76.620368369203405, 39.294469985308268 ] } },
{ "type": "Feature", "properties": { "surname": "Agnes", "given": "washerwoman", "occupation": "", "house_no": 18, "street_raw": "Short al", "street_matched": "SHORT", "side": "", "confidence": "street_proportional", "anchors_on_street": 0 }, "geometry": { "type": "Point", "coordinates": [ -76.598078925011478, 39.295868680274182 ] } },
{ "type": "Feature", "properties": { "surname": "Robert", "given": "drayman", "occupation": "", "house_no": 2, "street_raw": "Peach al", "street_matched": "PEACH", "side": "", "confidence": "street_proportional", "anchors_on_street": 0 }, "geometry": { "type": "Point", "coordinates": [ -76.619694946527119, 39.274643472998044 ] } },
{ "type": "Feature", "properties": { "surname": "Harman", "given": "sawyer", "occupation": "", "house_no": 77, "street_raw": "Hughes st", "street_matched": "HUGHES", "side": "", "confidence": "street_proportional", "anchors_on_street": 0 }, "geometry": { "type": "Point", "coordinates": [ -76.609451813097238, 39.280724545572539 ] } },
{ "type": "Feature", "properties": { "surname": "Joseph", "given": "grain measurer", "occupation": "", "house_no": 6, "street_raw": "Williamson al", "street_matched": "WILLIAMSON", "side": "", "confidence": "street_proportional", "anchors_on_street": 0 }, "geometry": { "type": "Point", "coordinates": [ -76.611941631145669, 39.278535430779044 ] } },
{ "type": "Feature", "properties": { "surname": "Adam", "given": "carter", "occupation": "", "house_no": 125, "street_raw": "W. Lombard st", "street_matched": "LOMBARD, (W)", "side": "left", "confidence": "extrapolated", "anchors_on_street": 8 }, "geometry": { "type": "Point", "coordinates": [ -76.6278169831551, 39.287030180865059 ] } },
{ "type": "Feature", "properties": { "surname": "Moses", "given": "laborer", "occupation": "", "house_no": 42, "street_raw": "Cross st", "street_matched": "CROSS", "side": "", "confidence": "street_proportional", "anchors_on_street": 0 }, "geometry": { "type": "Point", "coordinates": [ -76.617013207363158, 39.276698436503295 ] } },
{ "type": "Feature", "properties": { "surname": "Eliza", "given": "washerwoman", "occupation": "", "house_no": 110, "street_raw": "Hughes st", "street_matched": "HUGHES", "side": "", "confidence": "street_proportional", "anchors_on_street": 0 }, "geometry": { "type": "Point", "coordinates": [ -76.611147735947625, 39.280674547282963 ] } },
{ "type": "Feature", "properties": { "surname": "David", "given": "laborer", "occupation": "", "house_no": 47, "street_raw": "Wayne st", "street_matched": "WAYNE", "side": "", "confidence": "street_proportional", "anchors_on_street": 0 }, "geometry": { "type": "Point", "coordinates": [ -76.618661386752365, 39.28349784115521 ] } },
{ "type": "Feature", "properties": { "surname": "James", "given": "H", "occupation": "coachman", "house_no": 61, "street_raw": "Wayne st", "street_matched": "WAYNE", "side": "", "confidence": "street_proportional", "anchors_on_street": 0 }, "geometry": { "type": "Point", "coordinates": [ -76.618465575883633, 39.283507252779494 ] } },
{ "type": "Feature", "properties": { "surname": "Frederick", "given": "laborer", "occupation": "", "house_no": 4, "street_raw": "N. Amity st", "street_matched": "AMITY", "side": "", "confidence": "street_proportional", "anchors_on_street": 0 }, "geometry": { "type": "Point", "coordinates": [ -76.633259671407146, 39.292485441427985 ] } },
{ "type": "Feature", "properties": { "surname": "Thomas", "given": "brickmaker", "occupation": "53 Raborg st. . Nathan, whitewasher", "house_no": 40, "street_raw": "Vine st", "street_matched": "VINE", "side": "", "confidence": "street_proportional", "anchors_on_street": 0 }, "geometry": { "type": "Point", "coordinates": [ -76.630817613813235, 39.290539243639799 ] } },
{ "type": "Feature", "properties": { "surname": "Robert", "given": "shoemaker", "occupation": "", "house_no": 90, "street_raw": "Low st", "street_matched": "LOW", "side": "", "confidence": "street_proportional", "anchors_on_street": 0 }, "geometry": { "type": "Point", "coordinates": [ -76.605074310932565, 39.294138196843001 ] } },
{ "type": "Feature", "properties": { "surname": "Robert", "given": "waiter", "occupation": "", "house_no": 96, "street_raw": "Low st", "street_matched": "LOW", "side": "", "confidence": "street_proportional", "anchors_on_street": 0 }, "geometry": { "type": "Point", "coordinates": [ -76.605297604298812, 39.293965308051 ] } },
{ "type": "Feature", "properties": { "surname": "John", "given": "laborer", "occupation": "", "house_no": 78, "street_raw": "Long st", "street_matched": "BALTIMORE, (W)", "side": "left", "confidence": "bracketed", "anchors_on_street": 19 }, "geometry": { "type": "Point", "coordinates": [ -76.642230631422322, 39.288375516291033 ] } },
{ "type": "Feature", "properties": { "surname": "John", "given": "carter", "occupation": "152 N. Exeter st. ■ Samuel, laborer", "house_no": 110, "street_raw": "N. Canal st", "street_matched": "CANAL", "side": "", "confidence": "street_proportional", "anchors_on_street": 0 }, "geometry": { "type": "Point", "coordinates": [ -76.595618418302266, 39.296945595889198 ] } },
{ "type": "Feature", "properties": { "surname": "John", "given": "stevedore", "occupation": "", "house_no": 146, "street_raw": "S. Caroline st", "street_matched": "CAROLINE (S.)", "side": "left", "confidence": "bracketed", "anchors_on_street": 10 }, "geometry": { "type": "Point", "coordinates": [ -76.596869428817655, 39.287089582295174 ] } },
{ "type": "Feature", "properties": { "surname": "Charles", "given": "laborer", "occupation": "", "house_no": 157, "street_raw": "Bank st", "street_matched": "BANK", "side": "left", "confidence": "bracketed", "anchors_on_street": 11 }, "geometry": { "type": "Point", "coordinates": [ -76.590464032075474, 39.286736776421321 ] } },
{ "type": "Feature", "properties": { "surname": "Wm.", "given": "drayman", "occupation": "", "house_no": 3, "street_raw": "S. Spring st", "street_matched": "SPRING (S.)", "side": "left", "confidence": "extrapolated", "anchors_on_street": 8 }, "geometry": { "type": "Point", "coordinates": [ -76.59788083737574, 39.290779084009706 ] } },
{ "type": "Feature", "properties": { "surname": "Charles", "given": "caulker", "occupation": "", "house_no": 129, "street_raw": "S. Spring st", "street_matched": "SPRING (S.)", "side": "left", "confidence": "bracketed", "anchors_on_street": 8 }, "geometry": { "type": "Point", "coordinates": [ -76.597659927342917, 39.287284562412111 ] } },
{ "type": "Feature", "properties": { "surname": "Henry", "given": "carter", "occupation": "", "house_no": 155, "street_raw": "S. Strawberry al", "street_matched": "DALLAS (S)", "side": "left", "confidence": "bracketed", "anchors_on_street": 9 }, "geometry": { "type": "Point", "coordinates": [ -76.596101294867424, 39.28645526906574 ] } },
{ "type": "Feature", "properties": { "surname": "Edward", "given": "laborer", "occupation": "", "house_no": 170, "street_raw": "S. Strawberry al", "street_matched": "DALLAS (S)", "side": "left", "confidence": "bracketed", "anchors_on_street": 9 }, "geometry": { "type": "Point", "coordinates": [ -76.596073959081551, 39.286003223782551 ] } },
{ "type": "Feature", "properties": { "surname": "Wm.", "given": "carter", "occupation": "", "house_no": 176, "street_raw": "S. Strawberry al", "street_matched": "DALLAS (S)", "side": "left", "confidence": "bracketed", "anchors_on_street": 9 }, "geometry": { "type": "Point", "coordinates": [ -76.596063024864748, 39.285822405650507 ] } },
{ "type": "Feature", "properties": { "surname": "Thomas", "given": "caulker", "occupation": "", "house_no": 214, "street_raw": "Apple al", "street_matched": "BETHEL, (S)", "side": "left", "confidence": "bracketed", "anchors_on_street": 9 }, "geometry": { "type": "Point", "coordinates": [ -76.594282163169311, 39.283067229680171 ] } },
{ "type": "Feature", "properties": { "surname": "Rachel", "given": "washerwoman", "occupation": "", "house_no": 21, "street_raw": "Block st", "street_matched": "BLOCK", "side": "", "confidence": "street_proportional", "anchors_on_street": 0 }, "geometry": { "type": "Point", "coordinates": [ -76.600431863111453, 39.280799614875789 ] } },
{ "type": "Feature", "properties": { "surname": "Robert", "given": "carter", "occupation": "", "house_no": 41, "street_raw": "Argyle al", "street_matched": "ARGYLE", "side": "", "confidence": "street_proportional", "anchors_on_street": 0 }, "geometry": { "type": "Point", "coordinates": [ -76.63168413010176, 39.299665087785868 ] } },
{ "type": "Feature", "properties": { "surname": "Nathan", "given": "laborer", "occupation": "", "house_no": 265, "street_raw": "Happy al", "street_matched": "DURHAM (S)", "side": "right", "confidence": "bracketed", "anchors_on_street": 9 }, "geometry": { "type": "Point", "coordinates": [ -76.590589162045788, 39.283984740700532 ] } },
{ "type": "Feature", "properties": { "surname": "Samuel", "given": "laborer", "occupation": "", "house_no": 7, "street_raw": "N. Sharp st", "street_matched": "SHARP, (S)", "side": "left", "confidence": "extrapolated", "anchors_on_street": 5 }, "geometry": { "type": "Point", "coordinates": [ -76.617515642871879, 39.280923535799914 ] } },
{ "type": "Feature", "properties": { "surname": "George", "given": "G", "occupation": "shoemaker", "house_no": 2, "street_raw": "Mott st", "street_matched": "MOTT", "side": "", "confidence": "street_proportional", "anchors_on_street": 0 }, "geometry": { "type": "Point", "coordinates": [ -76.604537785615008, 39.297208287749577 ] } },
{ "type": "Feature", "properties": { "surname": "Samuel", "given": "carter", "occupation": "", "house_no": 95, "street_raw": "Stirling st", "street_matched": "STIRLING", "side": "", "confidence": "street_proportional", "anchors_on_street": 0 }, "geometry": { "type": "Point", "coordinates": [ -76.602806499458922, 39.301152280846345 ] } },
{ "type": "Feature", "properties": { "surname": "Wm.", "given": "laborer", "occupation": "", "house_no": 130, "street_raw": "Aisquith st", "street_matched": "AISQUITH", "side": "left", "confidence": "bracketed", "anchors_on_street": 15 }, "geometry": { "type": "Point", "coordinates": [ -76.601836531831282, 39.296645111290353 ] } },
{ "type": "Feature", "properties": { "surname": "Christopher", "given": "laborer", "occupation": "108 Potter st. I Johnson Jacob, laborer, 82 East st. — Ehza, washerwoman, 33 Forrest st. — James, seaman, 39 Forrest st. I John, laborer, 43 Forrest st. ; Wm., laborer, 70 Forrest st. I Aaron, laborer", "house_no": 48, "street_raw": "Orchard st", "street_matched": "ORCHARD", "side": "", "confidence": "street_proportional", "anchors_on_street": 0 }, "geometry": { "type": "Point", "coordinates": [ -76.622530396140874, 39.298550679996971 ] } },
{ "type": "Feature", "properties": { "surname": "Tobias", "given": "laborer", "occupation": "95 West st. — Wm., laborer, 95 West st. — Rachel, huckster, 15 Necessity al. — Jesse, laborer, 164 S. Eutaw st. — Lewis, laborer, 597 W. Baltimore st. — Henry, laborer, 57 Lewis st. — Augustus, teacher, 395 Light st— Asbury, drayman, 311 Light st. — John W., laborer", "house_no": 309, "street_raw": "Light st", "street_matched": "LIGHT-ST. WHF", "side": "right", "confidence": "extrapolated", "anchors_on_street": 4 }, "geometry": { "type": "Point", "coordinates": [ -76.612530415337616, 39.277973041995757 ] } },
{ "type": "Feature", "properties": { "surname": "Jefferson", "given": "laborer", "occupation": "8 Ropewalk al. — Mary, washerwoman, 13 Bounty al. — Henrietta, washerwoman", "house_no": 205, "street_raw": "N. Exeter st", "street_matched": "EXETER", "side": "left", "confidence": "extrapolated", "anchors_on_street": 9 }, "geometry": { "type": "Point", "coordinates": [ -76.600216944557445, 39.283364773342065 ] } },
{ "type": "Feature", "properties": { "surname": "Henry", "given": "drayman", "occupation": "", "house_no": 376, "street_raw": "S. Charles st", "street_matched": "CHARLES (S.)", "side": "left", "confidence": "extrapolated", "anchors_on_street": 12 }, "geometry": { "type": "Point", "coordinates": [ -76.614332226379304, 39.276081351749092 ] } },
{ "type": "Feature", "properties": { "surname": "Robert", "given": "D", "occupation": "shoemaker", "house_no": 56, "street_raw": "Davis st", "street_matched": "DAVIS", "side": "", "confidence": "street_proportional", "anchors_on_street": 0 }, "geometry": { "type": "Point", "coordinates": [ -76.612012807775656, 39.292402164343244 ] } },
{ "type": "Feature", "properties": { "surname": "Cecelia", "given": "washerwoman", "occupation": "", "house_no": 54, "street_raw": "Davis st", "street_matched": "DAVIS", "side": "", "confidence": "street_proportional", "anchors_on_street": 0 }, "geometry": { "type": "Point", "coordinates": [ -76.612005673950179, 39.29228965694103 ] } },
{ "type": "Feature", "properties": { "surname": "Perry", "given": "laborer", "occupation": "", "house_no": 15, "street_raw": "Johnson st", "street_matched": "JOHNSON", "side": "", "confidence": "street_proportional", "anchors_on_street": 0 }, "geometry": { "type": "Point", "coordinates": [ -76.6093261360963, 39.270257015860075 ] } },
{ "type": "Feature", "properties": { "surname": "James", "given": "laborer", "occupation": "", "house_no": 21, "street_raw": "Johnson st", "street_matched": "JOHNSON", "side": "", "confidence": "street_proportional", "anchors_on_street": 0 }, "geometry": { "type": "Point", "coordinates": [ -76.609283237091802, 39.269617951720321 ] } },
{ "type": "Feature", "properties": { "surname": "Wm.", "given": "laborer", "occupation": "", "house_no": 5, "street_raw": "Salisbury al", "street_matched": "SALISBURY", "side": "", "confidence": "street_proportional", "anchors_on_street": 0 }, "geometry": { "type": "Point", "coordinates": [ -76.601334198108304, 39.289947498808388 ] } },
{ "type": "Feature", "properties": { "surname": "Joins", "given": "Triah", "occupation": "laborer, 147 Happy al. — Isaac, drayman", "house_no": 232, "street_raw": "German st", "street_matched": "PRATT, (W)", "side": "left", "confidence": "bracketed", "anchors_on_street": 22 }, "geometry": { "type": "Point", "coordinates": [ -76.617777318124652, 39.28637615268687 ] } },
{ "type": "Feature", "properties": { "surname": "Jones", "given": "Rachel", "occupation": "washerwoman", "house_no": 14, "street_raw": "Williamson al", "street_matched": "WILLIAMSON", "side": "", "confidence": "street_proportional", "anchors_on_street": 0 }, "geometry": { "type": "Point", "coordinates": [ -76.612588816155295, 39.278544128138627 ] } },
{ "type": "Feature", "properties": { "surname": "Henry", "given": "laborer", "occupation": "", "house_no": 137, "street_raw": "Hughes st", "street_matched": "HUGHES", "side": "", "confidence": "street_proportional", "anchors_on_street": 0 }, "geometry": { "type": "Point", "coordinates": [ -76.612533757368539, 39.280609576646306 ] } },
{ "type": "Feature", "properties": { "surname": "Anthony", "given": "laborer", "occupation": "", "house_no": 137, "street_raw": "Hughes st", "street_matched": "HUGHES", "side": "", "confidence": "street_proportional", "anchors_on_street": 0 }, "geometry": { "type": "Point", "coordinates": [ -76.612533757368539, 39.280609576646306 ] } },
{ "type": "Feature", "properties": { "surname": "Jenkins", "given": "drayman", "occupation": "", "house_no": 109, "street_raw": "Montgomery st", "street_matched": "MONTGOMERY", "side": "left", "confidence": "extrapolated", "anchors_on_street": 7 }, "geometry": { "type": "Point", "coordinates": [ -76.60985412508326, 39.280059233318184 ] } },
{ "type": "Feature", "properties": { "surname": "Nicholas", "given": "shoemaker", "occupation": "", "house_no": 114, "street_raw": "Jasper st", "street_matched": "JASPER", "side": "", "confidence": "street_proportional", "anchors_on_street": 0 }, "geometry": { "type": "Point", "coordinates": [ -76.621788218447207, 39.292179144866836 ] } },
{ "type": "Feature", "properties": { "surname": "Wm.", "given": "coachman", "occupation": "", "house_no": 84, "street_raw": "Jasper st", "street_matched": "JASPER", "side": "", "confidence": "street_proportional", "anchors_on_street": 0 }, "geometry": { "type": "Point", "coordinates": [ -76.621875936531751, 39.293541010191881 ] } },
{ "type": "Feature", "properties": { "surname": "Isaac", "given": "drayman", "occupation": "", "house_no": 149, "street_raw": "S. Howard st", "street_matched": "HOWARD (N)", "side": "left", "confidence": "single_anchor", "anchors_on_street": 2 }, "geometry": { "type": "Point", "coordinates": [ -76.619458177682532, 39.289354713598044 ] } },
{ "type": "Feature", "properties": { "surname": "Levin", "given": "laborer", "occupation": "", "house_no": 161, "street_raw": "S. Howard st", "street_matched": "HOWARD (N)", "side": "left", "confidence": "single_anchor", "anchors_on_street": 2 }, "geometry": { "type": "Point", "coordinates": [ -76.619458177682532, 39.289354713598044 ] } },
{ "type": "Feature", "properties": { "surname": "John", "given": "laborer", "occupation": "", "house_no": 37, "street_raw": "State st", "street_matched": "STATE", "side": "", "confidence": "street_proportional", "anchors_on_street": 0 }, "geometry": { "type": "Point", "coordinates": [ -76.620292070371036, 39.293210780440091 ] } },
{ "type": "Feature", "properties": { "surname": "Wm.", "given": "laborer", "occupation": "3 State st. court, S Henny, washerwoman, 49 N. Strawberry al. — Violet, 499 Saratoga st. — Anderson, laborer, 533 Saratoga st. — Agnes, washerwoman, 293 S. Charles st. — Wm., laborer, 51 Guilford al. — Sarah, huckster, 67 Potter st. — John A., barber, 44 E. Baltimore .st., h. 10 Temple st. \" — Harriet, washerwoman, 1 Bounty al. — Francis F., laborer, 7 Bounty al. — Benjamin, laborer", "house_no": 1, "street_raw": "Douglass st", "street_matched": "LEXINGTON", "side": "left", "confidence": "extrapolated", "anchors_on_street": 21 }, "geometry": { "type": "Point", "coordinates": [ -76.615245353193259, 39.291065717826946 ] } },
{ "type": "Feature", "properties": { "surname": "Andrew", "given": "D", "occupation": "porter, 28 Douglass st. — Esther, washerwoman, 196 E. Monument. — Tobias, caulker", "house_no": 70, "street_raw": "N. Strawberry al", "street_matched": "DALLAS (N)", "side": "right", "confidence": "bracketed", "anchors_on_street": 4 }, "geometry": { "type": "Point", "coordinates": [ -76.596581512411916, 39.294396568155534 ] } },
{ "type": "Feature", "properties": { "surname": "Jones", "given": "Wm", "occupation": "laborer", "house_no": 801, "street_raw": "Forrest st", "street_matched": "FORREST", "side": "", "confidence": "street_proportional", "anchors_on_street": 0 }, "geometry": { "type": "Point", "coordinates": [ -76.60302141951928, 39.294479629254212 ] } },
{ "type": "Feature", "properties": { "surname": "Williamson", "given": "oysterman", "occupation": "", "house_no": 12, "street_raw": "Salisbury al", "street_matched": "SALISBURY", "side": "", "confidence": "street_proportional", "anchors_on_street": 0 }, "geometry": { "type": "Point", "coordinates": [ -76.601465511499285, 39.289909454713303 ] } },
{ "type": "Feature", "properties": { "surname": "Henry", "given": "laborer", "occupation": "", "house_no": 19, "street_raw": "Short al", "street_matched": "SHORT", "side": "", "confidence": "street_proportional", "anchors_on_street": 0 }, "geometry": { "type": "Point", "coordinates": [ -76.598118964218898, 39.295866989773394 ] } },
{ "type": "Feature", "properties": { "surname": "Thomas", "given": "B", "occupation": "laborer", "house_no": 23, "street_raw": "Short al", "street_matched": "SHORT", "side": "", "confidence": "street_proportional", "anchors_on_street": 0 }, "geometry": { "type": "Point", "coordinates": [ -76.598279121034608, 39.295860227707195 ] } },
{ "type": "Feature", "properties": { "surname": "Lemuel", "given": "sawyer", "occupation": "", "house_no": 17, "street_raw": "Peach al", "street_matched": "PEACH", "side": "", "confidence": "street_proportional", "anchors_on_street": 0 }, "geometry": { "type": "Point", "coordinates": [ -76.617074322430256, 39.280226011208633 ] } },
{ "type": "Feature", "properties": { "surname": "Joseph", "given": "John", "occupation": "whitewasher", "house_no": 62, "street_raw": "Harrison st", "street_matched": "HARRISON", "side": "", "confidence": "street_proportional", "anchors_on_street": 0 }, "geometry": { "type": "Point", "coordinates": [ -76.608029440149394, 39.292173981056074 ] } },
{ "type": "Feature", "properties": { "surname": "Josephus", "given": "Joseph", "occupation": "laborer", "house_no": 4, "street_raw": "Short al", "street_matched": "SHORT", "side": "", "confidence": "street_proportional", "anchors_on_street": 0 }, "geometry": { "type": "Point", "coordinates": [ -76.597518375907285, 39.295892345852231 ] } },
{ "type": "Feature", "properties": { "surname": "KANE", "given": "James", "occupation": "laborer", "house_no": 177, "street_raw": "Apple al", "street_matched": "BETHEL, (S)", "side": "left", "confidence": "bracketed", "anchors_on_street": 9 }, "geometry": { "type": "Point", "coordinates": [ -76.594404462277311, 39.284726443169724 ] } },
{ "type": "Feature", "properties": { "surname": "Keener", "given": "James", "occupation": "laborer", "house_no": 114, "street_raw": "Ross st", "street_matched": "ROSS", "side": "left", "confidence": "bracketed", "anchors_on_street": 8 }, "geometry": { "type": "Point", "coordinates": [ -76.624437423043744, 39.298660250491501 ] } },
{ "type": "Feature", "properties": { "surname": "Biddy", "given": "huckster", "occupation": "", "house_no": 217, "street_raw": "Saratoga st", "street_matched": "SARATOGA", "side": "right", "confidence": "bracketed", "anchors_on_street": 16 }, "geometry": { "type": "Point", "coordinates": [ -76.625243808629122, 39.292772632118343 ] } },
{ "type": "Feature", "properties": { "surname": "Charles", "given": "caulker", "occupation": "", "house_no": 48, "street_raw": "Argyle alley", "street_matched": "ARGYLE", "side": "", "confidence": "street_proportional", "anchors_on_street": 0 }, "geometry": { "type": "Point", "coordinates": [ -76.63023169695154, 39.2984911738261 ] } },
{ "type": "Feature", "properties": { "surname": "Kelly", "given": "Moses", "occupation": "laborer", "house_no": 35, "street_raw": "Jasper st", "street_matched": "JASPER", "side": "", "confidence": "street_proportional", "anchors_on_street": 0 }, "geometry": { "type": "Point", "coordinates": [ -76.62201921101898, 39.295765389106371 ] } },
{ "type": "Feature", "properties": { "surname": "Lewinda", "given": "washerwoman", "occupation": "", "house_no": 78, "street_raw": "Jasper st", "street_matched": "JASPER", "side": "", "confidence": "street_proportional", "anchors_on_street": 0 }, "geometry": { "type": "Point", "coordinates": [ -76.621893480273457, 39.293813383193317 ] } },
{ "type": "Feature", "properties": { "surname": "Kemp", "given": "Ann", "occupation": "washerwoman", "house_no": 3, "street_raw": "Douglass st", "street_matched": "LEXINGTON", "side": "left", "confidence": "extrapolated", "anchors_on_street": 21 }, "geometry": { "type": "Point", "coordinates": [ -76.615245353193259, 39.291065717826946 ] } },
{ "type": "Feature", "properties": { "surname": "Kennard", "given": "Wm", "occupation": "laborer", "house_no": 12, "street_raw": "N. Spring st", "street_matched": "SPRING (N.)", "side": "left", "confidence": "extrapolated", "anchors_on_street": 3 }, "geometry": { "type": "Point", "coordinates": [ -76.598084746195283, 39.294144942785273 ] } },
{ "type": "Feature", "properties": { "surname": "Nicholas", "given": "carter", "occupation": "", "house_no": 6, "street_raw": "Salisbury al", "street_matched": "SALISBURY", "side": "", "confidence": "street_proportional", "anchors_on_street": 0 }, "geometry": { "type": "Point", "coordinates": [ -76.601352957172779, 39.289942063946661 ] } },
{ "type": "Feature", "properties": { "surname": "Kent", "given": "Wm", "occupation": "laborer", "house_no": 264, "street_raw": "Light st", "street_matched": "LIGHT-ST. WHF", "side": "right", "confidence": "extrapolated", "anchors_on_street": 4 }, "geometry": { "type": "Point", "coordinates": [ -76.612662812190976, 39.279556395101899 ] } },
{ "type": "Feature", "properties": { "surname": "Keys", "given": "Minta", "occupation": "", "house_no": 44, "street_raw": "Low st", "street_matched": "LOW", "side": "", "confidence": "street_proportional", "anchors_on_street": 0 }, "geometry": { "type": "Point", "coordinates": [ -76.603362389525586, 39.295463687017289 ] } },
{ "type": "Feature", "properties": { "surname": "Anna", "given": "huckster", "occupation": "", "house_no": 51, "street_raw": "Perry st", "street_matched": "PERRY", "side": "", "confidence": "street_proportional", "anchors_on_street": 0 }, "geometry": { "type": "Point", "coordinates": [ -76.616602256016122, 39.284866386601486 ] } },
{ "type": "Feature", "properties": { "surname": "Vachel", "given": "Lombard", "occupation": "", "house_no": 5, "street_raw": "Concord st", "street_matched": "CONCORD", "side": "", "confidence": "street_proportional", "anchors_on_street": 0 }, "geometry": { "type": "Point", "coordinates": [ -76.605620666692445, 39.287387055072706 ] } },
{ "type": "Feature", "properties": { "surname": "James", "given": "whip sawyer", "occupation": "", "house_no": 168, "street_raw": "Happy al", "street_matched": "DURHAM (S)", "side": "left", "confidence": "bracketed", "anchors_on_street": 9 }, "geometry": { "type": "Point", "coordinates": [ -76.590810447403314, 39.287158101678735 ] } },
{ "type": "Feature", "properties": { "surname": "Thomas", "given": "carpenter", "occupation": "", "house_no": 152, "street_raw": "Tyson st", "street_matched": "TYSON", "side": "", "confidence": "street_proportional", "anchors_on_street": 0 }, "geometry": { "type": "Point", "coordinates": [ -76.619172948605936, 39.297372515636063 ] } },
{ "type": "Feature", "properties": { "surname": "Dorcas", "given": "cook", "occupation": "", "house_no": 180, "street_raw": "S. Spring st", "street_matched": "SPRING (S.)", "side": "right", "confidence": "bracketed", "anchors_on_street": 8 }, "geometry": { "type": "Point", "coordinates": [ -76.597493551862257, 39.284652742057354 ] } },
{ "type": "Feature", "properties": { "surname": "Knales", "given": "Elizabeth", "occupation": "washerwoman", "house_no": 130, "street_raw": "Stirling st", "street_matched": "STIRLING", "side": "", "confidence": "street_proportional", "anchors_on_street": 0 }, "geometry": { "type": "Point", "coordinates": [ -76.602788237271355, 39.300575589231848 ] } },
{ "type": "Feature", "properties": { "surname": "Knight", "given": "Solomon", "occupation": "laborer", "house_no": 3, "street_raw": "Biddle al", "street_matched": "BIDDLE, (W)", "side": "left", "confidence": "extrapolated", "anchors_on_street": 11 }, "geometry": { "type": "Point", "coordinates": [ -76.618456892812333, 39.303228900790749 ] } },
{ "type": "Feature", "properties": { "surname": "Koburn", "given": "Daniel", "occupation": "huckster", "house_no": 230, "street_raw": "S. Bond st", "street_matched": "BOND,(S)", "side": "left", "confidence": "bracketed", "anchors_on_street": 9 }, "geometry": { "type": "Point", "coordinates": [ -76.595294291598293, 39.28494163193978 ] } },
{ "type": "Feature", "properties": { "surname": "LAB", "given": "AR Eli", "occupation": "hackman", "house_no": 39, "street_raw": "Park st", "street_matched": "PARK", "side": "left", "confidence": "bracketed", "anchors_on_street": 9 }, "geometry": { "type": "Point", "coordinates": [ -76.618066704777164, 39.291903245278633 ] } },
{ "type": "Feature", "properties": { "surname": "Landon", "given": "Levi", "occupation": "caulker", "house_no": 175, "street_raw": "Happy al", "street_matched": "DURHAM (S)", "side": "left", "confidence": "bracketed", "anchors_on_street": 9 }, "geometry": { "type": "Point", "coordinates": [ -76.590794353540758, 39.286904037890572 ] } },
{ "type": "Feature", "properties": { "surname": "Lane", "given": "Abraham", "occupation": "coachman", "house_no": 38, "street_raw": "Pleasant st", "street_matched": "PLEASANT", "side": "left", "confidence": "single_anchor", "anchors_on_street": 1 }, "geometry": { "type": "Point", "coordinates": [ -76.615412575632334, 39.293460026263617 ] } },
{ "type": "Feature", "properties": { "surname": "Wm.", "given": "shoemaker", "occupation": "", "house_no": 3, "street_raw": "State st. court", "street_matched": "STATE", "side": "", "confidence": "street_proportional", "anchors_on_street": 0 }, "geometry": { "type": "Point", "coordinates": [ -76.620388151191506, 39.29479644573059 ] } },
{ "type": "Feature", "properties": { "surname": "Benjamin", "given": "carpenter", "occupation": "", "house_no": 8, "street_raw": "Biddle al", "street_matched": "BIDDLE, (W)", "side": "left", "confidence": "extrapolated", "anchors_on_street": 11 }, "geometry": { "type": "Point", "coordinates": [ -76.618616483923915, 39.303095271933671 ] } },
{ "type": "Feature", "properties": { "surname": "Wm.", "given": "waiter", "occupation": "", "house_no": 49, "street_raw": "Salisbury al", "street_matched": "SALISBURY", "side": "", "confidence": "street_proportional", "anchors_on_street": 0 }, "geometry": { "type": "Point", "coordinates": [ -76.60215959422608, 39.289708362050931 ] } },
{ "type": "Feature", "properties": { "surname": "Lawrence", "given": "James", "occupation": "laborer", "house_no": 497, "street_raw": "Saratoga st", "street_matched": "SARATOGA", "side": "left", "confidence": "bracketed", "anchors_on_street": 16 }, "geometry": { "type": "Point", "coordinates": [ -76.634964047258549, 39.292422484908222 ] } },
{ "type": "Feature", "properties": { "surname": "Hercules", "given": "sawyer", "occupation": "", "house_no": 139, "street_raw": "Happy al", "street_matched": "DURHAM (S)", "side": "left", "confidence": "bracketed", "anchors_on_street": 9 }, "geometry": { "type": "Point", "coordinates": [ -76.590862630974868, 39.287994946685359 ] } },
{ "type": "Feature", "properties": { "surname": "League", "given": "Philip", "occupation": "laborer", "house_no": 18, "street_raw": "Welcome al", "street_matched": "WELCOME", "side": "", "confidence": "street_proportional", "anchors_on_street": 0 }, "geometry": { "type": "Point", "coordinates": [ -76.614747103627309, 39.282683554729431 ] } },
{ "type": "Feature", "properties": { "surname": "Lebrat", "given": "Mary", "occupation": "chambermaid", "house_no": 144, "street_raw": "Pitt st", "street_matched": "FAYETTE (E)", "side": "left", "confidence": "bracketed", "anchors_on_street": 11 }, "geometry": { "type": "Point", "coordinates": [ -76.600460045447534, 39.292310090378784 ] } },
{ "type": "Feature", "properties": { "surname": "Lecompte", "given": "John", "occupation": "stevedore", "house_no": 48, "street_raw": "S. Strawberry al", "street_matched": "DALLAS (S)", "side": "left", "confidence": "bracketed", "anchors_on_street": 9 }, "geometry": { "type": "Point", "coordinates": [ -76.596324218218996, 39.290141704512983 ] } },
{ "type": "Feature", "properties": { "surname": "David", "given": "seaman", "occupation": "", "house_no": 58, "street_raw": "S. Strawberry al", "street_matched": "DALLAS (S)", "side": "left", "confidence": "bracketed", "anchors_on_street": 9 }, "geometry": { "type": "Point", "coordinates": [ -76.596303883542404, 39.289805437849814 ] } },
{ "type": "Feature", "properties": { "surname": "Isaac", "given": "laborer", "occupation": "", "house_no": 39, "street_raw": "S. Strawberry aL", "street_matched": "DALLAS (S)", "side": "left", "confidence": "bracketed", "anchors_on_street": 9 }, "geometry": { "type": "Point", "coordinates": [ -76.596340818472868, 39.290416230408951 ] } },
{ "type": "Feature", "properties": { "surname": "Charles", "given": "seaman", "occupation": "", "house_no": 61, "street_raw": "Apple al", "street_matched": "BETHEL, (S)", "side": "left", "confidence": "bracketed", "anchors_on_street": 9 }, "geometry": { "type": "Point", "coordinates": [ -76.594739610082172, 39.289309026416888 ] } },
{ "type": "Feature", "properties": { "surname": "James", "given": "laborer", "occupation": "", "house_no": 9, "street_raw": "N. Spring st", "street_matched": "SPRING (N.)", "side": "left", "confidence": "extrapolated", "anchors_on_street": 3 }, "geometry": { "type": "Point", "coordinates": [ -76.598077493839497, 39.294032312293979 ] } },
{ "type": "Feature", "properties": { "surname": "Andrew", "given": "porter", "occupation": "", "house_no": 10, "street_raw": "Short st", "street_matched": "SHORT", "side": "", "confidence": "street_proportional", "anchors_on_street": 0 }, "geometry": { "type": "Point", "coordinates": [ -76.597758611283453, 39.295882203789148 ] } },
{ "type": "Feature", "properties": { "surname": "Jacob", "given": "sexton East st. church", "occupation": "", "house_no": 17, "street_raw": "Douglass", "street_matched": "LEXINGTON", "side": "left", "confidence": "extrapolated", "anchors_on_street": 21 }, "geometry": { "type": "Point", "coordinates": [ -76.615245353193259, 39.291065717826946 ] } },
{ "type": "Feature", "properties": { "surname": "Charles", "given": "drayman", "occupation": "", "house_no": 13, "street_raw": "Short st", "street_matched": "SHORT", "side": "", "confidence": "street_proportional", "anchors_on_street": 0 }, "geometry": { "type": "Point", "coordinates": [ -76.597878728945787, 39.295877132573388 ] } },
{ "type": "Feature", "properties": { "surname": "Lee", "given": "Samuel", "occupation": "laborer", "house_no": 113, "street_raw": "Jasper st", "street_matched": "JASPER", "side": "", "confidence": "street_proportional", "anchors_on_street": 0 }, "geometry": { "type": "Point", "coordinates": [ -76.621791142388091, 39.292224540385384 ] } },
{ "type": "Feature", "properties": { "surname": "Charles", "given": "laborer", "occupation": "", "house_no": 35, "street_raw": "Welcome al", "street_matched": "WELCOME", "side": "", "confidence": "street_proportional", "anchors_on_street": 0 }, "geometry": { "type": "Point", "coordinates": [ -76.61683050405415, 39.282609024507352 ] } },
{ "type": "Feature", "properties": { "surname": "Sampson", "given": "whitewasher", "occupation": "", "house_no": 130, "street_raw": "N. Spring st", "street_matched": "SPRING (N.)", "side": "left", "confidence": "bracketed", "anchors_on_street": 3 }, "geometry": { "type": "Point", "coordinates": [ -76.598367398137967, 39.298534524880274 ] } },
{ "type": "Feature", "properties": { "surname": "Stephen", "given": "laborer", "occupation": "", "house_no": 145, "street_raw": "N. Spring st", "street_matched": "SPRING (N.)", "side": "left", "confidence": "bracketed", "anchors_on_street": 3 }, "geometry": { "type": "Point", "coordinates": [ -76.598399744629077, 39.299036854955084 ] } },
{ "type": "Feature", "properties": { "surname": "Henry", "given": "waiter", "occupation": "54 Centre st. : Cesar, drayman, 17 Tyson st. — Julia Ann, washerwoman, 43 Star al. — Rachel, washerwoman", "house_no": 24, "street_raw": "Star al", "street_matched": "CHAPEL", "side": "", "confidence": "street_proportional", "anchors_on_street": 0 }, "geometry": { "type": "Point", "coordinates": [ -76.59018146531912, 39.297539203218591 ] } },
{ "type": "Feature", "properties": { "surname": "Joseph", "given": "stevedore", "occupation": "", "house_no": 7, "street_raw": "Short al", "street_matched": "SHORT", "side": "", "confidence": "street_proportional", "anchors_on_street": 0 }, "geometry": { "type": "Point", "coordinates": [ -76.597638493603952, 39.295887274882119 ] } },
{ "type": "Feature", "properties": { "surname": "Lemmon", "given": "Wm", "occupation": "carter, 72 Holland st. — James, drayman", "house_no": 5, "street_raw": "Allen al", "street_matched": "ALLEN", "side": "", "confidence": "street_proportional", "anchors_on_street": 0 }, "geometry": { "type": "Point", "coordinates": [ -76.601316575748271, 39.287583045149027 ] } },
{ "type": "Feature", "properties": { "surname": "Leonard", "given": "Robert", "occupation": "laborer", "house_no": 119, "street_raw": "Montgomery st", "street_matched": "MONTGOMERY", "side": "left", "confidence": "extrapolated", "anchors_on_street": 7 }, "geometry": { "type": "Point", "coordinates": [ -76.60985412508326, 39.280059233318184 ] } },
{ "type": "Feature", "properties": { "surname": "Lester", "given": "John", "occupation": "laborer, 119 York st. — Arthur, laborer", "house_no": 119, "street_raw": "York st", "street_matched": "YORK", "side": "", "confidence": "street_proportional", "anchors_on_street": 0 }, "geometry": { "type": "Point", "coordinates": [ -76.613070459552347, 39.281412347482636 ] } },
{ "type": "Feature", "properties": { "surname": "Letter", "given": "Ellen", "occupation": "", "house_no": 41, "street_raw": "Welcome al", "street_matched": "WELCOME", "side": "", "confidence": "street_proportional", "anchors_on_street": 0 }, "geometry": { "type": "Point", "coordinates": [ -76.617565820483605, 39.282582705171322 ] } },
{ "type": "Feature", "properties": { "surname": "Levi", "given": "James", "occupation": "drayman", "house_no": 86, "street_raw": "Orchard st", "street_matched": "ORCHARD", "side": "", "confidence": "street_proportional", "anchors_on_street": 0 }, "geometry": { "type": "Point", "coordinates": [ -76.625249341348862, 39.296313532615386 ] } },
{ "type": "Feature", "properties": { "surname": "Lewis", "given": "Andrew", "occupation": "waiter, 7 Granby st. — Mary, washerwoman", "house_no": 42, "street_raw": "S. Strawberry al", "street_matched": "DALLAS (S)", "side": "left", "confidence": "bracketed", "anchors_on_street": 9 }, "geometry": { "type": "Point", "coordinates": [ -76.596335738475716, 39.29033221887218 ] } },
{ "type": "Feature", "properties": { "surname": "Lindenberger", "given": "Hannah", "occupation": "", "house_no": 28, "street_raw": "Guilford al", "street_matched": "GUILFORD", "side": "", "confidence": "street_proportional", "anchors_on_street": 0 }, "geometry": { "type": "Point", "coordinates": [ -76.611662864997626, 39.30000284469304 ] } },
{ "type": "Feature", "properties": { "surname": "Lineberger", "given": "Daniel", "occupation": "brickmaker", "house_no": 40, "street_raw": "Hill st", "street_matched": "HILL", "side": "left", "confidence": "bracketed", "anchors_on_street": 5 }, "geometry": { "type": "Point", "coordinates": [ -76.614405087952107, 39.281017221477605 ] } },
{ "type": "Feature", "properties": { "surname": "Linn", "given": "Remus", "occupation": "laborer", "house_no": 51, "street_raw": "Perry st", "street_matched": "PERRY", "side": "", "confidence": "street_proportional", "anchors_on_street": 0 }, "geometry": { "type": "Point", "coordinates": [ -76.616602256016122, 39.284866386601486 ] } },
{ "type": "Feature", "properties": { "surname": "Lispey", "given": "Philip", "occupation": "laborer", "house_no": 38, "street_raw": "Lewis st", "street_matched": "LEWIS", "side": "", "confidence": "street_proportional", "anchors_on_street": 0 }, "geometry": { "type": "Point", "coordinates": [ -76.600320567258919, 39.295709757844755 ] } },
{ "type": "Feature", "properties": { "surname": "Lister", "given": "John", "occupation": "sawyer, 106 York st. — Otto, sawyer", "house_no": 79, "street_raw": "Hughes st", "street_matched": "HUGHES", "side": "", "confidence": "street_proportional", "anchors_on_street": 0 }, "geometry": { "type": "Point", "coordinates": [ -76.609554596325623, 39.280721515194976 ] } },
{ "type": "Feature", "properties": { "surname": "Little", "given": "Matilda", "occupation": "washerwoman", "house_no": 45, "street_raw": "S. Strawberry", "street_matched": "DALLAS (S)", "side": "left", "confidence": "bracketed", "anchors_on_street": 9 }, "geometry": { "type": "Point", "coordinates": [ -76.596330318659554, 39.290242584504647 ] } },
{ "type": "Feature", "properties": { "surname": "Lockerman", "given": "Thos", "occupation": "laborer", "house_no": 150, "street_raw": "S. Strawberry al", "street_matched": "DALLAS (S)", "side": "left", "confidence": "bracketed", "anchors_on_street": 9 }, "geometry": { "type": "Point", "coordinates": [ -76.596115354082286, 39.286687762539067 ] } },
{ "type": "Feature", "properties": { "surname": "Lockman", "given": "David", "occupation": "laborer, 109 Granby st. — Thomas, sawyer, 105 S. Spring st. : Locks Perry, caulker, 99 S. Strawberry al. — Stephen, laborer, 165 S. Strawberry al. — Diana, 142 Apple al. — Alexander G., boot black", "house_no": 48, "street_raw": "Tyson st", "street_matched": "TYSON", "side": "", "confidence": "street_proportional", "anchors_on_street": 0 }, "geometry": { "type": "Point", "coordinates": [ -76.619321879978429, 39.299677179945057 ] } },
{ "type": "Feature", "properties": { "surname": "Logan", "given": "Hinson", "occupation": "laborer", "house_no": 98, "street_raw": "Tyson st", "street_matched": "TYSON", "side": "", "confidence": "street_proportional", "anchors_on_street": 0 }, "geometry": { "type": "Point", "coordinates": [ -76.619250278369805, 39.298569168433467 ] } },
{ "type": "Feature", "properties": { "surname": "Lomax", "given": "James", "occupation": "caulker, 37 Argyle al. — David, laborer", "house_no": 138, "street_raw": "Fleet st", "street_matched": "CANTON AV", "side": "left", "confidence": "bracketed", "anchors_on_street": 16 }, "geometry": { "type": "Point", "coordinates": [ -76.599197570742533, 39.284287372435941 ] } },
{ "type": "Feature", "properties": { "surname": "Daniel", "given": "waiter", "occupation": "214 S. Strawberry al. — Edward, stevedore", "house_no": 133, "street_raw": "S. Caroline st", "street_matched": "CAROLINE (S.)", "side": "left", "confidence": "bracketed", "anchors_on_street": 10 }, "geometry": { "type": "Point", "coordinates": [ -76.596893125821637, 39.287437773254723 ] } },
{ "type": "Feature", "properties": { "surname": "London", "given": "James P", "occupation": "waiter, 123 North st. — Priscilla, washerwoman", "house_no": 193, "street_raw": "S. Spring st", "street_matched": "SPRING (S.)", "side": "left", "confidence": "extrapolated", "anchors_on_street": 8 }, "geometry": { "type": "Point", "coordinates": [ -76.597463813599518, 39.284182318667192 ] } },
{ "type": "Feature", "properties": { "surname": "Lorman", "given": "ropemaker", "occupation": "", "house_no": 137, "street_raw": "Happy al", "street_matched": "DURHAM (S)", "side": "left", "confidence": "bracketed", "anchors_on_street": 9 }, "geometry": { "type": "Point", "coordinates": [ -76.590865001820035, 39.288034350893049 ] } },
{ "type": "Feature", "properties": { "surname": "Loveday", "given": "Perry", "occupation": "drayman, 126 S. Eutaw st. — Henry, segar maker, 9 Potter st. ; Low Charles, barber, 25 French st. i Susan, washerwoman, 43 Park st. — Peter, laborer", "house_no": 93, "street_raw": "Tyson st", "street_matched": "TYSON", "side": "", "confidence": "street_proportional", "anchors_on_street": 0 }, "geometry": { "type": "Point", "coordinates": [ -76.619257438429997, 39.298679969603207 ] } },
{ "type": "Feature", "properties": { "surname": "Lucas", "given": "Mary Ann", "occupation": "washerwoman", "house_no": 21, "street_raw": "Dover st", "street_matched": "DOVER", "side": "", "confidence": "street_proportional", "anchors_on_street": 0 }, "geometry": { "type": "Point", "coordinates": [ -76.617496722982978, 39.286013343292275 ] } },
{ "type": "Feature", "properties": { "surname": "Joshua", "given": "brickmaker", "occupation": "130 York st. i Henry, hackman", "house_no": 114, "street_raw": "Dover st", "street_matched": "DOVER", "side": "", "confidence": "street_proportional", "anchors_on_street": 0 }, "geometry": { "type": "Point", "coordinates": [ -76.627007544935196, 39.28557616587468 ] } },
{ "type": "Feature", "properties": { "surname": "Lynch", "given": "Fanny", "occupation": "washerwoman", "house_no": 197, "street_raw": "German st", "street_matched": "PRATT, (W)", "side": "left", "confidence": "bracketed", "anchors_on_street": 22 }, "geometry": { "type": "Point", "coordinates": [ -76.616105975616378, 39.286438193076194 ] } },
{ "type": "Feature", "properties": { "surname": "Benjamin", "given": "straw cutter", "occupation": "", "house_no": 23, "street_raw": "Ensor st", "street_matched": "ENSOR", "side": "", "confidence": "street_proportional", "anchors_on_street": 0 }, "geometry": { "type": "Point", "coordinates": [ -76.606021907645186, 39.294783558173251 ] } },
{ "type": "Feature", "properties": { "surname": "John", "given": "laborer", "occupation": "", "house_no": 48, "street_raw": "Centre st", "street_matched": "CENTRE, (W)", "side": "left", "confidence": "extrapolated", "anchors_on_street": 4 }, "geometry": { "type": "Point", "coordinates": [ -76.61561127001282, 39.296304955378602 ] } },
{ "type": "Feature", "properties": { "surname": "MACKALL", "given": "Aaron", "occupation": "blacksmith", "house_no": 10, "street_raw": "Vine st", "street_matched": "VINE", "side": "", "confidence": "street_proportional", "anchors_on_street": 0 }, "geometry": { "type": "Point", "coordinates": [ -76.62557904817497, 39.290743863997719 ] } },
{ "type": "Feature", "properties": { "surname": "Mackey", "given": "Wm", "occupation": "caulker", "house_no": 210, "street_raw": "S. Strawberry al", "street_matched": "DALLAS (S)", "side": "left", "confidence": "bracketed", "anchors_on_street": 9 }, "geometry": { "type": "Point", "coordinates": [ -76.596007080235424, 39.284897249097668 ] } },
{ "type": "Feature", "properties": { "surname": "Madden", "given": "John", "occupation": "sawyer", "house_no": 8, "street_raw": "Short al", "street_matched": "SHORT", "side": "", "confidence": "street_proportional", "anchors_on_street": 0 }, "geometry": { "type": "Point", "coordinates": [ -76.597678532832361, 39.295885584531426 ] } },
{ "type": "Feature", "properties": { "surname": "George", "given": "laborer", "occupation": "", "house_no": 121, "street_raw": "Low st", "street_matched": "LOW", "side": "", "confidence": "street_proportional", "anchors_on_street": 0 }, "geometry": { "type": "Point", "coordinates": [ -76.606227988485443, 39.293244938782422 ] } },
{ "type": "Feature", "properties": { "surname": "Tobias", "given": "seaman", "occupation": "", "house_no": 84, "street_raw": "S. Spring st", "street_matched": "SPRING (S.)", "side": "left", "confidence": "bracketed", "anchors_on_street": 8 }, "geometry": { "type": "Point", "coordinates": [ -76.597731304861782, 39.288413660535056 ] } },
{ "type": "Feature", "properties": { "surname": "Maddox", "given": "Spencer", "occupation": "laborer", "house_no": 90, "street_raw": "York st", "street_matched": "YORK", "side": "", "confidence": "street_proportional", "anchors_on_street": 0 }, "geometry": { "type": "Point", "coordinates": [ -76.609956141352683, 39.281530002365173 ] } },
{ "type": "Feature", "properties": { "surname": "Joseph", "given": "seaman", "occupation": "", "house_no": 32, "street_raw": "Cross st", "street_matched": "CROSS", "side": "", "confidence": "street_proportional", "anchors_on_street": 0 }, "geometry": { "type": "Point", "coordinates": [ -76.612912449404973, 39.276983435413776 ] } },
{ "type": "Feature", "properties": { "surname": "Mary", "given": "huckster", "occupation": "", "house_no": 113, "street_raw": "Hughes st", "street_matched": "HUGHES", "side": "", "confidence": "street_proportional", "anchors_on_street": 0 }, "geometry": { "type": "Point", "coordinates": [ -76.611301857484563, 39.280669176157303 ] } },
{ "type": "Feature", "properties": { "surname": "Henry", "given": "laborer", "occupation": "", "house_no": 10, "street_raw": "Jasper st", "street_matched": "JASPER", "side": "", "confidence": "street_proportional", "anchors_on_street": 0 }, "geometry": { "type": "Point", "coordinates": [ -76.622092309766998, 39.296900275821876 ] } },
{ "type": "Feature", "properties": { "surname": "George", "given": "porter", "occupation": "", "house_no": 386, "street_raw": "S. Charles st", "street_matched": "CHARLES (S.)", "side": "left", "confidence": "extrapolated", "anchors_on_street": 12 }, "geometry": { "type": "Point", "coordinates": [ -76.614313877607955, 39.275804338451387 ] } },
{ "type": "Feature", "properties": { "surname": "Magruder", "given": "Rosetta", "occupation": "washerwoman", "house_no": 21, "street_raw": "Short st", "street_matched": "SHORT", "side": "", "confidence": "street_proportional", "anchors_on_street": 0 }, "geometry": { "type": "Point", "coordinates": [ -76.598199042628238, 39.295863608734081 ] } },
{ "type": "Feature", "properties": { "surname": "Maloney", "given": "Nathaniel", "occupation": "carter", "house_no": 26, "street_raw": "Biddle al", "street_matched": "BIDDLE, (W)", "side": "right", "confidence": "bracketed", "anchors_on_street": 11 }, "geometry": { "type": "Point", "coordinates": [ -76.619159236930656, 39.302640810850129 ] } },
{ "type": "Feature", "properties": { "surname": "Marshall", "given": "George", "occupation": "laborer", "house_no": 44, "street_raw": "Long st", "street_matched": "BALTIMORE, (W)", "side": "left", "confidence": "bracketed", "anchors_on_street": 19 }, "geometry": { "type": "Point", "coordinates": [ -76.642170053123408, 39.288378161312046 ] } },
{ "type": "Feature", "properties": { "surname": "Mary", "given": "washerwoman", "occupation": "", "house_no": 467, "street_raw": "W. Baltimore st", "street_matched": "BALTIMORE, (W)", "side": "left", "confidence": "bracketed", "anchors_on_street": 19 }, "geometry": { "type": "Point", "coordinates": [ -76.64292371822556, 39.288345253527353 ] } },
{ "type": "Feature", "properties": { "surname": "Chesterfield", "given": "waiter", "occupation": "", "house_no": 6, "street_raw": "Clay st", "street_matched": "CLAY", "side": "", "confidence": "street_proportional", "anchors_on_street": 0 }, "geometry": { "type": "Point", "coordinates": [ -76.615299369822225, 39.291839306748862 ] } },
{ "type": "Feature", "properties": { "surname": "Wm.", "given": "shoemaker", "occupation": "", "house_no": 21, "street_raw": "State st", "street_matched": "STATE", "side": "", "confidence": "street_proportional", "anchors_on_street": 0 }, "geometry": { "type": "Point", "coordinates": [ -76.620337284012535, 39.293956975986475 ] } },
{ "type": "Feature", "properties": { "surname": "Sophia", "given": "washerwoman", "occupation": "", "house_no": 230, "street_raw": "Saratoga st", "street_matched": "SARATOGA", "side": "left", "confidence": "bracketed", "anchors_on_street": 16 }, "geometry": { "type": "Point", "coordinates": [ -76.625335979897656, 39.292769671077117 ] } },
{ "type": "Feature", "properties": { "surname": "John", "given": "seaman", "occupation": "", "house_no": 33, "street_raw": "Lewis st", "street_matched": "LEWIS", "side": "", "confidence": "street_proportional", "anchors_on_street": 0 }, "geometry": { "type": "Point", "coordinates": [ -76.600307530753867, 39.295506384512287 ] } },
{ "type": "Feature", "properties": { "surname": "Luther", "given": "sawyer", "occupation": "", "house_no": 113, "street_raw": "York st", "street_matched": "YORK", "side": "", "confidence": "street_proportional", "anchors_on_street": 0 }, "geometry": { "type": "Point", "coordinates": [ -76.612426118360432, 39.281436691164593 ] } },
{ "type": "Feature", "properties": { "surname": "Henry", "given": "porter", "occupation": "", "house_no": 19, "street_raw": "Vine st", "street_matched": "VINE", "side": "", "confidence": "street_proportional", "anchors_on_street": 0 }, "geometry": { "type": "Point", "coordinates": [ -76.627150614825609, 39.290682406228925 ] } },
{ "type": "Feature", "properties": { "surname": "Matthews", "given": "Wm", "occupation": "waiter", "house_no": 10, "street_raw": "Dover st", "street_matched": "DOVER", "side": "", "confidence": "street_proportional", "anchors_on_street": 0 }, "geometry": { "type": "Point", "coordinates": [ -76.616368068663704, 39.286054809858364 ] } },
{ "type": "Feature", "properties": { "surname": "James", "given": "laborer", "occupation": "", "house_no": 108, "street_raw": "N. Canal st", "street_matched": "CANAL", "side": "", "confidence": "street_proportional", "anchors_on_street": 0 }, "geometry": { "type": "Point", "coordinates": [ -76.595631532555899, 39.296945145487051 ] } },
{ "type": "Feature", "properties": { "surname": "Samuel", "given": "engineer", "occupation": "", "house_no": 7, "street_raw": "S. Green st", "street_matched": "EXETER", "side": "left", "confidence": "bracketed", "anchors_on_street": 9 }, "geometry": { "type": "Point", "coordinates": [ -76.602697966748039, 39.28974545472412 ] } },
{ "type": "Feature", "properties": { "surname": "George", "given": "porter", "occupation": "", "house_no": 18, "street_raw": "Biddle al", "street_matched": "BIDDLE, (W)", "side": "left", "confidence": "extrapolated", "anchors_on_street": 11 }, "geometry": { "type": "Point", "coordinates": [ -76.618935664342999, 39.302828013553068 ] } },
{ "type": "Feature", "properties": { "surname": "Charles", "given": "laborer", "occupation": "", "house_no": 4, "street_raw": "N. Poppleton st", "street_matched": "POPPLETON (N)", "side": "right", "confidence": "bracketed", "anchors_on_street": 8 }, "geometry": { "type": "Point", "coordinates": [ -76.632140886095598, 39.288975954162431 ] } },
{ "type": "Feature", "properties": { "surname": "Thomas", "given": "coachman", "occupation": "", "house_no": 80, "street_raw": "Stirling st", "street_matched": "STIRLING", "side": "", "confidence": "street_proportional", "anchors_on_street": 0 }, "geometry": { "type": "Point", "coordinates": [ -76.60278031889716, 39.301397175868502 ] } },
{ "type": "Feature", "properties": { "surname": "Richard", "given": "drayman", "occupation": "", "house_no": 285, "street_raw": "Forrest st", "street_matched": "FORREST", "side": "", "confidence": "street_proportional", "anchors_on_street": 0 }, "geometry": { "type": "Point", "coordinates": [ -76.607303917498982, 39.298490976355339 ] } },
{ "type": "Feature", "properties": { "surname": "Levi", "given": "laborer", "occupation": "8 Orchard st. W^m. J. C, whitewasher", "house_no": 38, "street_raw": "N. Liberty st", "street_matched": "LIBERTY, (N)", "side": "left", "confidence": "bracketed", "anchors_on_street": 5 }, "geometry": { "type": "Point", "coordinates": [ -76.617198644224814, 39.29146956096254 ] } },
{ "type": "Feature", "properties": { "surname": "Dennis", "given": "draj^man", "occupation": "", "house_no": 27, "street_raw": "Park st", "street_matched": "PARK", "side": "left", "confidence": "bracketed", "anchors_on_street": 9 }, "geometry": { "type": "Point", "coordinates": [ -76.618028420209541, 39.291279713054941 ] } },
{ "type": "Feature", "properties": { "surname": "Wm.", "given": "drayman", "occupation": "", "house_no": 17, "street_raw": "Ross st", "street_matched": "ROSS", "side": "left", "confidence": "bracketed", "anchors_on_street": 8 }, "geometry": { "type": "Point", "coordinates": [ -76.621642127578667, 39.296774088638642 ] } },
{ "type": "Feature", "properties": { "surname": "Richard", "given": "porter", "occupation": "", "house_no": 213, "street_raw": "Saratoga st", "street_matched": "SARATOGA", "side": "right", "confidence": "bracketed", "anchors_on_street": 16 }, "geometry": { "type": "Point", "coordinates": [ -76.625106607238664, 39.292777039637024 ] } },
{ "type": "Feature", "properties": { "surname": "Wm.", "given": "coachman", "occupation": "", "house_no": 101, "street_raw": "Pine st", "street_matched": "PINE, (N)", "side": "left", "confidence": "bracketed", "anchors_on_street": 10 }, "geometry": { "type": "Point", "coordinates": [ -76.627161461568335, 39.293515960123365 ] } },
{ "type": "Feature", "properties": { "surname": "Mattox", "given": "Calvert", "occupation": "laborer", "house_no": 61, "street_raw": "Salisbury st", "street_matched": "SALISBURY", "side": "", "confidence": "street_proportional", "anchors_on_street": 0 }, "geometry": { "type": "Point", "coordinates": [ -76.60238470129238, 39.289643141925836 ] } },
{ "type": "Feature", "properties": { "surname": "George", "given": "porter", "occupation": "", "house_no": 386, "street_raw": "S. Charles st", "street_matched": "CHARLES (S.)", "side": "left", "confidence": "extrapolated", "anchors_on_street": 12 }, "geometry": { "type": "Point", "coordinates": [ -76.614313877607955, 39.275804338451387 ] } },
{ "type": "Feature", "properties": { "surname": "McCabe", "given": "Solomon", "occupation": "barber", "house_no": 154, "street_raw": "W. Pratt st", "street_matched": "PRATT, (W)", "side": "left", "confidence": "extrapolated", "anchors_on_street": 22 }, "geometry": { "type": "Point", "coordinates": [ -76.614881981568246, 39.286483626631835 ] } },
{ "type": "Feature", "properties": { "surname": "McFarland", "given": "Edward", "occupation": "sawyer", "house_no": 82, "street_raw": "Happy al", "street_matched": "DURHAM (S)", "side": "left", "confidence": "bracketed", "anchors_on_street": 9 }, "geometry": { "type": "Point", "coordinates": [ -76.590930201094309, 39.2891179664052 ] } },
{ "type": "Feature", "properties": { "surname": "McKim", "given": "Jane", "occupation": "", "house_no": 51, "street_raw": "N. Sharp st", "street_matched": "SHARP, (S)", "side": "left", "confidence": "extrapolated", "anchors_on_street": 5 }, "geometry": { "type": "Point", "coordinates": [ -76.617515642871879, 39.280923535799914 ] } },
{ "type": "Feature", "properties": { "surname": "Robert", "given": "laborer", "occupation": "", "house_no": 21, "street_raw": "Saratoga st", "street_matched": "SARATOGA", "side": "left", "confidence": "extrapolated", "anchors_on_street": 16 }, "geometry": { "type": "Point", "coordinates": [ -76.62388484106431, 39.29281628110099 ] } },
{ "type": "Feature", "properties": { "surname": "McLaughlin", "given": "Wm", "occupation": "", "house_no": 169, "street_raw": "S. Strawberry al", "street_matched": "DALLAS (S)", "side": "left", "confidence": "bracketed", "anchors_on_street": 9 }, "geometry": { "type": "Point", "coordinates": [ -76.596075781456435, 39.286033360136862 ] } },
{ "type": "Feature", "properties": { "surname": "McQuay", "given": "Robert", "occupation": "laborer", "house_no": 30, "street_raw": "Short st", "street_matched": "SHORT", "side": "", "confidence": "street_proportional", "anchors_on_street": 0 }, "geometry": { "type": "Point", "coordinates": [ -76.598559395396819, 39.295848393683272 ] } },
{ "type": "Feature", "properties": { "surname": "McTaggart", "given": "Thomas", "occupation": "laborer", "house_no": 125, "street_raw": "Tyson st", "street_matched": "TYSON", "side": "", "confidence": "street_proportional", "anchors_on_street": 0 }, "geometry": { "type": "Point", "coordinates": [ -76.619211614484598, 39.297970842043334 ] } },
{ "type": "Feature", "properties": { "surname": "Meads", "given": "Stephen", "occupation": "seaman", "house_no": 20, "street_raw": "Argyle al", "street_matched": "ARGYLE", "side": "", "confidence": "street_proportional", "anchors_on_street": 0 }, "geometry": { "type": "Point", "coordinates": [ -76.63604149295962, 39.303186887543326 ] } },
{ "type": "Feature", "properties": { "surname": "Harriet", "given": "huckster", "occupation": "", "house_no": 243, "street_raw": "N. Gay st", "street_matched": "GAY, (N)", "side": "left", "confidence": "single_anchor", "anchors_on_street": 9 }, "geometry": { "type": "Point", "coordinates": [ -76.601308965441916, 39.298082117436834 ] } },
{ "type": "Feature", "properties": { "surname": "Meads", "given": "Zachariah", "occupation": "drayman", "house_no": 46, "street_raw": "Centre st", "street_matched": "CENTRE, (W)", "side": "left", "confidence": "extrapolated", "anchors_on_street": 4 }, "geometry": { "type": "Point", "coordinates": [ -76.61561127001282, 39.296304955378602 ] } },
{ "type": "Feature", "properties": { "surname": "Mears", "given": "James", "occupation": "laborer", "house_no": 20, "street_raw": "Welcome al", "street_matched": "WELCOME", "side": "", "confidence": "street_proportional", "anchors_on_street": 0 }, "geometry": { "type": "Point", "coordinates": [ -76.614992211553755, 39.282674818907559 ] } },
{ "type": "Feature", "properties": { "surname": "Merritt", "given": "George", "occupation": "laborer", "house_no": 54, "street_raw": "Orleans st", "street_matched": "ORLEANS", "side": "left", "confidence": "bracketed", "anchors_on_street": 10 }, "geometry": { "type": "Point", "coordinates": [ -76.600667647314637, 39.294939208853869 ] } },
{ "type": "Feature", "properties": { "surname": "Milbourn", "given": "Frances", "occupation": "washerwoman", "house_no": 76, "street_raw": "N. Front", "street_matched": "FRONT (N)", "side": "left", "confidence": "single_anchor", "anchors_on_street": 1 }, "geometry": { "type": "Point", "coordinates": [ -76.609297052551, 39.294171046848568 ] } },
{ "type": "Feature", "properties": { "surname": "Miles", "given": "E", "occupation": "brickmaker", "house_no": 27, "street_raw": "Wayne st", "street_matched": "WAYNE", "side": "", "confidence": "street_proportional", "anchors_on_street": 0 }, "geometry": { "type": "Point", "coordinates": [ -76.618941116474687, 39.283484395411371 ] } },
{ "type": "Feature", "properties": { "surname": "Henry", "given": "laborer", "occupation": "", "house_no": 13, "street_raw": "Perry st", "street_matched": "PERRY", "side": "", "confidence": "street_proportional", "anchors_on_street": 0 }, "geometry": { "type": "Point", "coordinates": [ -76.613344560181687, 39.285003290589678 ] } },
{ "type": "Feature", "properties": { "surname": "Miller", "given": "John", "occupation": "carter", "house_no": 6, "street_raw": "Ropewalk al", "street_matched": "ROPEWALK", "side": "", "confidence": "street_proportional", "anchors_on_street": 0 }, "geometry": { "type": "Point", "coordinates": [ -76.614934739327396, 39.275336308704411 ] } },
{ "type": "Feature", "properties": { "surname": "Ellen", "given": "washerwoman", "occupation": "", "house_no": 102, "street_raw": "Jasper st", "street_matched": "JASPER", "side": "", "confidence": "street_proportional", "anchors_on_street": 0 }, "geometry": { "type": "Point", "coordinates": [ -76.621823305984705, 39.292723891043771 ] } },
{ "type": "Feature", "properties": { "surname": "James", "given": "caulker", "occupation": "", "house_no": 184, "street_raw": "Happy al", "street_matched": "DURHAM (S)", "side": "left", "confidence": "bracketed", "anchors_on_street": 9 }, "geometry": { "type": "Point", "coordinates": [ -76.590773322340084, 39.286586221940844 ] } },
{ "type": "Feature", "properties": { "surname": "Asbury", "given": "caulker", "occupation": "", "house_no": 213, "street_raw": "Happy al", "street_matched": "DURHAM (S)", "side": "left", "confidence": "bracketed", "anchors_on_street": 9 }, "geometry": { "type": "Point", "coordinates": [ -76.590701188704188, 39.285572278221053 ] } },
{ "type": "Feature", "properties": { "surname": "Sarah", "given": "washerwoman", "occupation": "", "house_no": 299, "street_raw": "Forrest st", "street_matched": "FORREST", "side": "", "confidence": "street_proportional", "anchors_on_street": 0 }, "geometry": { "type": "Point", "coordinates": [ -76.607266914421217, 39.298351774711065 ] } },
{ "type": "Feature", "properties": { "surname": "Henry", "given": "laborer", "occupation": "", "house_no": 97, "street_raw": "S. Spring st", "street_matched": "SPRING (S.)", "side": "left", "confidence": "bracketed", "anchors_on_street": 8 }, "geometry": { "type": "Point", "coordinates": [ -76.597712057093062, 39.288109188028521 ] } },
{ "type": "Feature", "properties": { "surname": "Emory", "given": "carter", "occupation": "", "house_no": 94, "street_raw": "York st", "street_matched": "YORK", "side": "", "confidence": "street_proportional", "anchors_on_street": 0 }, "geometry": { "type": "Point", "coordinates": [ -76.610385702873543, 39.281513775429822 ] } },
{ "type": "Feature", "properties": { "surname": "James", "given": "brickmaker", "occupation": "", "house_no": 14, "street_raw": "Welcome al", "street_matched": "WELCOME", "side": "", "confidence": "street_proportional", "anchors_on_street": 0 }, "geometry": { "type": "Point", "coordinates": [ -76.61425684636562, 39.282700313014239 ] } },
{ "type": "Feature", "properties": { "surname": "Rebecca", "given": "washerwoman", "occupation": "", "house_no": 33, "street_raw": "Star al", "street_matched": "CHAPEL", "side": "", "confidence": "street_proportional", "anchors_on_street": 0 }, "geometry": { "type": "Point", "coordinates": [ -76.59018146531912, 39.297539203218591 ] } },
{ "type": "Feature", "properties": { "surname": "Mills", "given": "Thomas", "occupation": "laborer", "house_no": 202, "street_raw": "Happy al", "street_matched": "DURHAM (S)", "side": "left", "confidence": "bracketed", "anchors_on_street": 9 }, "geometry": { "type": "Point", "coordinates": [ -76.590730412345579, 39.285972683752632 ] } },
{ "type": "Feature", "properties": { "surname": "Robert", "given": "laborer", "occupation": "", "house_no": 255, "street_raw": "Happy al", "street_matched": "DURHAM (S)", "side": "right", "confidence": "bracketed", "anchors_on_street": 9 }, "geometry": { "type": "Point", "coordinates": [ -76.590608035743159, 39.284299950111269 ] } },
{ "type": "Feature", "properties": { "surname": "Mingo", "given": "James", "occupation": "sawyer", "house_no": 150, "street_raw": "Happy al", "street_matched": "DURHAM (S)", "side": "left", "confidence": "bracketed", "anchors_on_street": 9 }, "geometry": { "type": "Point", "coordinates": [ -76.590849591373527, 39.287778223533806 ] } },
{ "type": "Feature", "properties": { "surname": "Elisha", "given": "laborer", "occupation": "", "house_no": 92, "street_raw": "Lancaster st", "street_matched": "LANCASTER", "side": "", "confidence": "street_proportional", "anchors_on_street": 0 }, "geometry": { "type": "Point", "coordinates": [ -76.596398085884374, 39.282412939080402 ] } },
{ "type": "Feature", "properties": { "surname": "Samuel", "given": "blacksmith", "occupation": "", "house_no": 67, "street_raw": "Lewis st", "street_matched": "LEWIS", "side": "", "confidence": "street_proportional", "anchors_on_street": 0 }, "geometry": { "type": "Point", "coordinates": [ -76.600396180318469, 39.296889322905351 ] } },
{ "type": "Feature", "properties": { "surname": "Wm.", "given": "carter", "occupation": "", "house_no": 220, "street_raw": "Hanover st", "street_matched": "HANOVER", "side": "left", "confidence": "bracketed", "anchors_on_street": 12 }, "geometry": { "type": "Point", "coordinates": [ -76.61579532215454, 39.280518493289058 ] } },
{ "type": "Feature", "properties": { "surname": "Allen", "given": "blacksmith", "occupation": "", "house_no": 63, "street_raw": "S. Spring st", "street_matched": "SPRING (S.)", "side": "left", "confidence": "bracketed", "anchors_on_street": 8 }, "geometry": { "type": "Point", "coordinates": [ -76.597762396866841, 39.288905500707045 ] } },
{ "type": "Feature", "properties": { "surname": "Moale", "given": "John", "occupation": "laborer", "house_no": 206, "street_raw": "S. Strawberry al", "street_matched": "DALLAS (S)", "side": "left", "confidence": "bracketed", "anchors_on_street": 9 }, "geometry": { "type": "Point", "coordinates": [ -76.596013275897519, 39.284999707333888 ] } },
{ "type": "Feature", "properties": { "surname": "Charles", "given": "sawyer", "occupation": "", "house_no": 103, "street_raw": "Stirling st", "street_matched": "STIRLING", "side": "", "confidence": "street_proportional", "anchors_on_street": 0 }, "geometry": { "type": "Point", "coordinates": [ -76.602802325274538, 39.301020465628199 ] } },
{ "type": "Feature", "properties": { "surname": "Montgomery", "given": "James", "occupation": "barber", "house_no": 76, "street_raw": "S. Charles st", "street_matched": "CHARLES (S.)", "side": "left", "confidence": "bracketed", "anchors_on_street": 12 }, "geometry": { "type": "Point", "coordinates": [ -76.614885464851383, 39.286525055034915 ] } },
{ "type": "Feature", "properties": { "surname": "Rachel", "given": "huckster", "occupation": "", "house_no": 53, "street_raw": "Lewis st", "street_matched": "LEWIS", "side": "", "confidence": "street_proportional", "anchors_on_street": 0 }, "geometry": { "type": "Point", "coordinates": [ -76.600359677169223, 39.296319877761086 ] } },
{ "type": "Feature", "properties": { "surname": "Mary", "given": "washerwoman", "occupation": "", "house_no": 191, "street_raw": "S. Spring st", "street_matched": "SPRING (S.)", "side": "right", "confidence": "bracketed", "anchors_on_street": 8 }, "geometry": { "type": "Point", "coordinates": [ -76.597475774281946, 39.284371524784277 ] } },
{ "type": "Feature", "properties": { "surname": "Martin", "given": "caulker", "occupation": "", "house_no": 194, "street_raw": "S. Spring st", "street_matched": "SPRING (S.)", "side": "left", "confidence": "extrapolated", "anchors_on_street": 8 }, "geometry": { "type": "Point", "coordinates": [ -76.597460749311594, 39.284133846089013 ] } },
{ "type": "Feature", "properties": { "surname": "Mooney", "given": "Wm", "occupation": "blacksmith", "house_no": 43, "street_raw": "Douglass st", "street_matched": "LEXINGTON", "side": "left", "confidence": "extrapolated", "anchors_on_street": 21 }, "geometry": { "type": "Point", "coordinates": [ -76.615245353193259, 39.291065717826946 ] } },
{ "type": "Feature", "properties": { "surname": "Rebecca", "given": "washerwoman", "occupation": "2 Lloyd st. j Moore Hannah, washerwoman", "house_no": 191, "street_raw": "Apple al", "street_matched": "BETHEL, (S)", "side": "left", "confidence": "bracketed", "anchors_on_street": 9 }, "geometry": { "type": "Point", "coordinates": [ -76.594360447548226, 39.284107385604962 ] } },
{ "type": "Feature", "properties": { "surname": "James", "given": "laborer", "occupation": "", "house_no": 61, "street_raw": "Argyle al", "street_matched": "ARGYLE", "side": "", "confidence": "street_proportional", "anchors_on_street": 0 }, "geometry": { "type": "Point", "coordinates": [ -76.627534354336973, 39.296311069611527 ] } },
{ "type": "Feature", "properties": { "surname": "Matthew", "given": "laborer", "occupation": "", "house_no": 195, "street_raw": "Happy al", "street_matched": "DURHAM (S)", "side": "left", "confidence": "bracketed", "anchors_on_street": 9 }, "geometry": { "type": "Point", "coordinates": [ -76.590747099477468, 39.286211281952092 ] } },
{ "type": "Feature", "properties": { "surname": "Lloyd", "given": "coachman", "occupation": "", "house_no": 49, "street_raw": "N. Sharp st", "street_matched": "SHARP, (S)", "side": "left", "confidence": "extrapolated", "anchors_on_street": 5 }, "geometry": { "type": "Point", "coordinates": [ -76.617515642871879, 39.280923535799914 ] } },
{ "type": "Feature", "properties": { "surname": "Wm.", "given": "cook", "occupation": "", "house_no": 37, "street_raw": "Douglass st", "street_matched": "LEXINGTON", "side": "left", "confidence": "extrapolated", "anchors_on_street": 21 }, "geometry": { "type": "Point", "coordinates": [ -76.615245353193259, 39.291065717826946 ] } },
{ "type": "Feature", "properties": { "surname": "Ann", "given": "washerwoman", "occupation": "", "house_no": 9, "street_raw": "Short st", "street_matched": "SHORT", "side": "", "confidence": "street_proportional", "anchors_on_street": 0 }, "geometry": { "type": "Point", "coordinates": [ -76.597718572058866, 39.295883894167119 ] } },
{ "type": "Feature", "properties": { "surname": "Benson", "given": "laborer", "occupation": "", "house_no": 216, "street_raw": "Hanover st", "street_matched": "HANOVER", "side": "left", "confidence": "bracketed", "anchors_on_street": 12 }, "geometry": { "type": "Point", "coordinates": [ -76.615803330833316, 39.28063929476329 ] } },
{ "type": "Feature", "properties": { "surname": "Daniel", "given": "teacher", "occupation": "", "house_no": 117, "street_raw": "Montgomery st", "street_matched": "MONTGOMERY", "side": "left", "confidence": "extrapolated", "anchors_on_street": 7 }, "geometry": { "type": "Point", "coordinates": [ -76.60985412508326, 39.280059233318184 ] } },
{ "type": "Feature", "properties": { "surname": "Hamlet", "given": "tavern keeper", "occupation": "", "house_no": 343, "street_raw": "S. Bond st", "street_matched": "BOND,(S)", "side": "right", "confidence": "bracketed", "anchors_on_street": 9 }, "geometry": { "type": "Point", "coordinates": [ -76.595038555381919, 39.281152820696164 ] } },
{ "type": "Feature", "properties": { "surname": "Vincent", "given": "stevedore", "occupation": "", "house_no": 218, "street_raw": "Hanover st", "street_matched": "HANOVER", "side": "left", "confidence": "bracketed", "anchors_on_street": 12 }, "geometry": { "type": "Point", "coordinates": [ -76.615799326490531, 39.280578894026782 ] } },
{ "type": "Feature", "properties": { "surname": "John", "given": "caulker", "occupation": "", "house_no": 21, "street_raw": "Argyle al", "street_matched": "ARGYLE", "side": "", "confidence": "street_proportional", "anchors_on_street": 0 }, "geometry": { "type": "Point", "coordinates": [ -76.635833997651574, 39.30301918058683 ] } },
{ "type": "Feature", "properties": { "surname": "George", "given": "laborer", "occupation": "", "house_no": 39, "street_raw": "Forrest st", "street_matched": "FORREST", "side": "", "confidence": "street_proportional", "anchors_on_street": 0 }, "geometry": { "type": "Point", "coordinates": [ -76.607953221732558, 39.300937091654482 ] } },
{ "type": "Feature", "properties": { "surname": "John", "given": "laborer", "occupation": "", "house_no": 116, "street_raw": "Ann st", "street_matched": "ANN, (S)", "side": "left", "confidence": "bracketed", "anchors_on_street": 10 }, "geometry": { "type": "Point", "coordinates": [ -76.591524010936055, 39.28782072775563 ] } },
{ "type": "Feature", "properties": { "surname": "Maria", "given": "washerwoman", "occupation": "", "house_no": 69, "street_raw": "S. Strawberry al", "street_matched": "DALLAS (S)", "side": "left", "confidence": "bracketed", "anchors_on_street": 9 }, "geometry": { "type": "Point", "coordinates": [ -76.596281515620845, 39.289435544477357 ] } },
{ "type": "Feature", "properties": { "surname": "Esau", "given": "laborer", "occupation": "", "house_no": 194, "street_raw": "S. Strawberry al", "street_matched": "DALLAS (S)", "side": "left", "confidence": "bracketed", "anchors_on_street": 9 }, "geometry": { "type": "Point", "coordinates": [ -76.59603186299114, 39.285307082021859 ] } },
{ "type": "Feature", "properties": { "surname": "Charles", "given": "barber", "occupation": "", "house_no": 5, "street_raw": "Mercer st", "street_matched": "MERCER", "side": "", "confidence": "street_proportional", "anchors_on_street": 0 }, "geometry": { "type": "Point", "coordinates": [ -76.613264224945667, 39.28849670887805 ] } },
{ "type": "Feature", "properties": { "surname": "Wm.", "given": "tavern keeper", "occupation": "", "house_no": 19, "street_raw": "Saratoga st", "street_matched": "SARATOGA", "side": "left", "confidence": "extrapolated", "anchors_on_street": 16 }, "geometry": { "type": "Point", "coordinates": [ -76.62388484106431, 39.29281628110099 ] } },
{ "type": "Feature", "properties": { "surname": "Nathan", "given": "stone cutter", "occupation": "", "house_no": 66, "street_raw": "Centre st", "street_matched": "CENTRE, (W)", "side": "left", "confidence": "extrapolated", "anchors_on_street": 4 }, "geometry": { "type": "Point", "coordinates": [ -76.61561127001282, 39.296304955378602 ] } },
{ "type": "Feature", "properties": { "surname": "Ellen", "given": "washerwoman", "occupation": "", "house_no": 75, "street_raw": "Pearl st", "street_matched": "PEARL", "side": "", "confidence": "street_proportional", "anchors_on_street": 0 }, "geometry": { "type": "Point", "coordinates": [ -76.624571423855912, 39.290563406901192 ] } },
{ "type": "Feature", "properties": { "surname": "Myers", "given": "Robert", "occupation": "cook", "house_no": 148, "street_raw": "Apple al", "street_matched": "BETHEL, (S)", "side": "left", "confidence": "bracketed", "anchors_on_street": 9 }, "geometry": { "type": "Point", "coordinates": [ -76.594488491772395, 39.2858973533979 ] } },
{ "type": "Feature", "properties": { "surname": "Daniel", "given": "carter", "occupation": "", "house_no": 8, "street_raw": "Bank st", "street_matched": "BANK", "side": "left", "confidence": "extrapolated", "anchors_on_street": 11 }, "geometry": { "type": "Point", "coordinates": [ -76.597180636260774, 39.286437372746605 ] } },
{ "type": "Feature", "properties": { "surname": "Benjamin", "given": "drayman", "occupation": "23 Short st. -' — Henry, carter", "house_no": 65, "street_raw": "Lewis st", "street_matched": "LEWIS", "side": "", "confidence": "street_proportional", "anchors_on_street": 0 }, "geometry": { "type": "Point", "coordinates": [ -76.600390965546978, 39.296807973605674 ] } },
{ "type": "Feature", "properties": { "surname": "Frederick", "given": "waiter", "occupation": "", "house_no": 54, "street_raw": "Lewis st", "street_matched": "LEWIS", "side": "", "confidence": "street_proportional", "anchors_on_street": 0 }, "geometry": { "type": "Point", "coordinates": [ -76.600362284517587, 39.296360552417866 ] } },
{ "type": "Feature", "properties": { "surname": "Peter", "given": "sawyer", "occupation": "", "house_no": 63, "street_raw": "Lewis st", "street_matched": "LEWIS", "side": "", "confidence": "street_proportional", "anchors_on_street": 0 }, "geometry": { "type": "Point", "coordinates": [ -76.600385750787439, 39.296726624303773 ] } },
{ "type": "Feature", "properties": { "surname": "Samuel", "given": "coachman", "occupation": "", "house_no": 8, "street_raw": "Vine st", "street_matched": "VINE", "side": "", "confidence": "street_proportional", "anchors_on_street": 0 }, "geometry": { "type": "Point", "coordinates": [ -76.62522981083238, 39.290757519361584 ] } },
{ "type": "Feature", "properties": { "surname": "Henrietta", "given": "washerwoman", "occupation": "", "house_no": 3, "street_raw": "Allen al", "street_matched": "ALLEN", "side": "", "confidence": "street_proportional", "anchors_on_street": 0 }, "geometry": { "type": "Point", "coordinates": [ -76.599383502576529, 39.288274410013017 ] } },
{ "type": "Feature", "properties": { "surname": "Milly", "given": "washerwoman", "occupation": "", "house_no": 38, "street_raw": "Lewis st", "street_matched": "LEWIS", "side": "", "confidence": "street_proportional", "anchors_on_street": 0 }, "geometry": { "type": "Point", "coordinates": [ -76.600320567258919, 39.295709757844755 ] } },
{ "type": "Feature", "properties": { "surname": "George", "given": "laborer", "occupation": "", "house_no": 76, "street_raw": "Orchard st", "street_matched": "ORCHARD", "side": "", "confidence": "street_proportional", "anchors_on_street": 0 }, "geometry": { "type": "Point", "coordinates": [ -76.624533835713422, 39.296902254250142 ] } },
{ "type": "Feature", "properties": { "surname": "John", "given": "AV", "occupation": "carter", "house_no": 297, "street_raw": "Light st", "street_matched": "LIGHT-ST. WHF", "side": "right", "confidence": "extrapolated", "anchors_on_street": 4 }, "geometry": { "type": "Point", "coordinates": [ -76.612577857737193, 39.278394207769061 ] } },
{ "type": "Feature", "properties": { "surname": "Osier", "given": "Wm", "occupation": "porter", "house_no": 43, "street_raw": "Pleasant st", "street_matched": "PLEASANT", "side": "left", "confidence": "single_anchor", "anchors_on_street": 1 }, "geometry": { "type": "Point", "coordinates": [ -76.615412575632334, 39.293460026263617 ] } },
{ "type": "Feature", "properties": { "surname": "Mary", "given": "Ann", "occupation": "washer", "house_no": 41, "street_raw": "Tyson st", "street_matched": "TYSON", "side": "", "confidence": "street_proportional", "anchors_on_street": 0 }, "geometry": { "type": "Point", "coordinates": [ -76.61933190438215, 39.299832301523708 ] } },
{ "type": "Feature", "properties": { "surname": "Owens", "given": "Nelly", "occupation": "washerwoman", "house_no": 81, "street_raw": "Perry st", "street_matched": "PERRY", "side": "", "confidence": "street_proportional", "anchors_on_street": 0 }, "geometry": { "type": "Point", "coordinates": [ -76.61917436079456, 39.284761792719223 ] } },
{ "type": "Feature", "properties": { "surname": "Benjamin", "given": "laborer", "occupation": "183 Apple al. — Esther, washerwoman", "house_no": 23, "street_raw": "Douglass st", "street_matched": "LEXINGTON", "side": "left", "confidence": "extrapolated", "anchors_on_street": 21 }, "geometry": { "type": "Point", "coordinates": [ -76.615245353193259, 39.291065717826946 ] } },
{ "type": "Feature", "properties": { "surname": "Owings", "given": "Basil", "occupation": "cooper, 279 Raborg st. — Richard, drayman", "house_no": 35, "street_raw": "N. Sharp st", "street_matched": "SHARP, (S)", "side": "left", "confidence": "extrapolated", "anchors_on_street": 5 }, "geometry": { "type": "Point", "coordinates": [ -76.617515642871879, 39.280923535799914 ] } },
{ "type": "Feature", "properties": { "surname": "Oxlbrd", "given": "Asa. laborer", "occupation": "", "house_no": 95, "street_raw": "Happy al", "street_matched": "DURHAM (S)", "side": "left", "confidence": "bracketed", "anchors_on_street": 9 }, "geometry": { "type": "Point", "coordinates": [ -76.590914790176981, 39.288861839137162 ] } },
{ "type": "Feature", "properties": { "surname": "NAYLOR", "given": "John", "occupation": "porter, 9 Welcome al. • Samson, laborer", "house_no": 39, "street_raw": "Guilford al", "street_matched": "GUILFORD", "side": "", "confidence": "street_proportional", "anchors_on_street": 0 }, "geometry": { "type": "Point", "coordinates": [ -76.611298504323628, 39.294603840322345 ] } },
{ "type": "Feature", "properties": { "surname": "Neal", "given": "John", "occupation": "carter", "house_no": 25, "street_raw": "Argyle al", "street_matched": "ARGYLE", "side": "", "confidence": "street_proportional", "anchors_on_street": 0 }, "geometry": { "type": "Point", "coordinates": [ -76.635004017245706, 39.302348355723026 ] } },
{ "type": "Feature", "properties": { "surname": "Richard", "given": "laborer", "occupation": "", "house_no": 33, "street_raw": "Star al", "street_matched": "CHAPEL", "side": "", "confidence": "street_proportional", "anchors_on_street": 0 }, "geometry": { "type": "Point", "coordinates": [ -76.59018146531912, 39.297539203218591 ] } },
{ "type": "Feature", "properties": { "surname": "Neavitt", "given": "John", "occupation": "laborer", "house_no": 100, "street_raw": "Happy al", "street_matched": "DURHAM (S)", "side": "left", "confidence": "bracketed", "anchors_on_street": 9 }, "geometry": { "type": "Point", "coordinates": [ -76.590908862930732, 39.288763328643725 ] } },
{ "type": "Feature", "properties": { "surname": "Nelson", "given": "Wm", "occupation": "blacksmith", "house_no": 42, "street_raw": "S. Caroline st", "street_matched": "CAROLINE (S.)", "side": "left", "confidence": "bracketed", "anchors_on_street": 10 }, "geometry": { "type": "Point", "coordinates": [ -76.597058635079804, 39.28986962014595 ] } },
{ "type": "Feature", "properties": { "surname": "Newell", "given": "Sarah", "occupation": "washerwoman", "house_no": 4, "street_raw": "State st. court", "street_matched": "STATE", "side": "", "confidence": "street_proportional", "anchors_on_street": 0 }, "geometry": { "type": "Point", "coordinates": [ -76.620385325182042, 39.294749808529559 ] } },
{ "type": "Feature", "properties": { "surname": "Newman", "given": "Moses", "occupation": "laborer", "house_no": 88, "street_raw": "S. Spring st", "street_matched": "SPRING (S.)", "side": "left", "confidence": "bracketed", "anchors_on_street": 8 }, "geometry": { "type": "Point", "coordinates": [ -76.597725382453802, 39.288319976690154 ] } },
{ "type": "Feature", "properties": { "surname": "Henry", "given": "scowman", "occupation": "", "house_no": 54, "street_raw": "N. High st", "street_matched": "HIGH (N)", "side": "left", "confidence": "bracketed", "anchors_on_street": 5 }, "geometry": { "type": "Point", "coordinates": [ -76.605041609878583, 39.29196229137235 ] } },
{ "type": "Feature", "properties": { "surname": "Mary", "given": "huckster", "occupation": "", "house_no": 202, "street_raw": "S. Charles st", "street_matched": "CHARLES (S.)", "side": "left", "confidence": "bracketed", "anchors_on_street": 12 }, "geometry": { "type": "Point", "coordinates": [ -76.614679421408027, 39.281322953304503 ] } },
{ "type": "Feature", "properties": { "surname": "Henry", "given": "laborer", "occupation": "", "house_no": 19, "street_raw": "Jefferson st", "street_matched": "JEFFERSON", "side": "", "confidence": "street_proportional", "anchors_on_street": 0 }, "geometry": { "type": "Point", "coordinates": [ -76.595960359151206, 39.296168862941968 ] } },
{ "type": "Feature", "properties": { "surname": "Nichols", "given": "Jeremiah", "occupation": "stevedore", "house_no": 45, "street_raw": "Bank st", "street_matched": "BANK", "side": "left", "confidence": "extrapolated", "anchors_on_street": 11 }, "geometry": { "type": "Point", "coordinates": [ -76.597180636260774, 39.286437372746605 ] } },
{ "type": "Feature", "properties": { "surname": "John", "given": "AV", "occupation": "barber", "house_no": 114, "street_raw": "N. Gay st", "street_matched": "GAY, (N)", "side": "left", "confidence": "single_anchor", "anchors_on_street": 9 }, "geometry": { "type": "Point", "coordinates": [ -76.601308965441916, 39.298082117436834 ] } },
{ "type": "Feature", "properties": { "surname": "Henry", "given": "waiter", "occupation": "", "house_no": 47, "street_raw": "N. Sharp st", "street_matched": "SHARP, (S)", "side": "left", "confidence": "extrapolated", "anchors_on_street": 5 }, "geometry": { "type": "Point", "coordinates": [ -76.617515642871879, 39.280923535799914 ] } },
{ "type": "Feature", "properties": { "surname": "Philip", "given": "whitewasher", "occupation": "", "house_no": 301, "street_raw": "Saratoga st", "street_matched": "SARATOGA", "side": "left", "confidence": "bracketed", "anchors_on_street": 16 }, "geometry": { "type": "Point", "coordinates": [ -76.628186595121591, 39.292672831788757 ] } },
{ "type": "Feature", "properties": { "surname": "Nicholas", "given": "John", "occupation": "laborer", "house_no": 77, "street_raw": "Stirling st", "street_matched": "STIRLING", "side": "", "confidence": "street_proportional", "anchors_on_street": 0 }, "geometry": { "type": "Point", "coordinates": [ -76.602767978587678, 39.301445683063982 ] } },
{ "type": "Feature", "properties": { "surname": "Nicholson", "given": "Paris", "occupation": "sawyer", "house_no": 217, "street_raw": "Happy al", "street_matched": "DURHAM (S)", "side": "left", "confidence": "bracketed", "anchors_on_street": 9 }, "geometry": { "type": "Point", "coordinates": [ -76.590687651733134, 39.285401982410256 ] } },
{ "type": "Feature", "properties": { "surname": "Adam", "given": "waiter", "occupation": "", "house_no": 34, "street_raw": "Tyson st", "street_matched": "TYSON", "side": "", "confidence": "street_proportional", "anchors_on_street": 0 }, "geometry": { "type": "Point", "coordinates": [ -76.619341928829726, 39.29998742309423 ] } },
{ "type": "Feature", "properties": { "surname": "Noblet", "given": "John H", "occupation": "seaman", "house_no": 136, "street_raw": "Fleet st", "street_matched": "CANTON AV", "side": "left", "confidence": "bracketed", "anchors_on_street": 16 }, "geometry": { "type": "Point", "coordinates": [ -76.59926236848338, 39.284284933261901 ] } },
{ "type": "Feature", "properties": { "surname": "PAGE", "given": "Cyrus", "occupation": "shoemaker", "house_no": 49, "street_raw": "S. Caroline st", "street_matched": "CAROLINE (S.)", "side": "left", "confidence": "bracketed", "anchors_on_street": 10 }, "geometry": { "type": "Point", "coordinates": [ -76.597043390807499, 39.289645632980843 ] } },
{ "type": "Feature", "properties": { "surname": "Samuel", "given": "laborer", "occupation": "", "house_no": 243, "street_raw": "S. Charles st", "street_matched": "CHARLES (S.)", "side": "left", "confidence": "bracketed", "anchors_on_street": 12 }, "geometry": { "type": "Point", "coordinates": [ -76.614589453849177, 39.279964705284499 ] } },
{ "type": "Feature", "properties": { "surname": "Paine", "given": "Philip", "occupation": "carpenter, 16 Johnson st. i Pakelar Vachel, sawyer", "house_no": 152, "street_raw": "Low st", "street_matched": "LOW", "side": "", "confidence": "street_proportional", "anchors_on_street": 0 }, "geometry": { "type": "Point", "coordinates": [ -76.607381659186572, 39.292351686468955 ] } },
{ "type": "Feature", "properties": { "surname": "Palmer", "given": "Eliza", "occupation": "", "house_no": 192, "street_raw": "S. Caroline st", "street_matched": "CAROLINE (S.)", "side": "left", "confidence": "bracketed", "anchors_on_street": 10 }, "geometry": { "type": "Point", "coordinates": [ -76.596785575742899, 39.285857521813597 ] } },
{ "type": "Feature", "properties": { "surname": "Faraway", "given": "Maria", "occupation": "washerwoman, 70 N. Liberty st. > Parker Charles, laborer, 191 AA'^olf st. \\ Ann washerwoman, 115 S. Spring st. I James, 60 Peirce st. I John, laborer, 131 Tyson st. \\ Nathan, whitewasher, 30 Dover st. 5 Thomas, laborer, 9 Scott st. ( Jesse, laborer", "house_no": 216, "street_raw": "Stirling st", "street_matched": "STIRLING", "side": "", "confidence": "street_proportional", "anchors_on_street": 0 }, "geometry": { "type": "Point", "coordinates": [ -76.602743365062636, 39.299158575125425 ] } },
{ "type": "Feature", "properties": { "surname": "Wm.", "given": "laborer", "occupation": "", "house_no": 140, "street_raw": "Low st", "street_matched": "LOW", "side": "", "confidence": "street_proportional", "anchors_on_street": 0 }, "geometry": { "type": "Point", "coordinates": [ -76.606935077901227, 39.292697460961065 ] } },
{ "type": "Feature", "properties": { "surname": "Parran", "given": "Jeremiah", "occupation": "brickmaker", "house_no": 155, "street_raw": "S. Howard st", "street_matched": "HOWARD (N)", "side": "left", "confidence": "single_anchor", "anchors_on_street": 2 }, "geometry": { "type": "Point", "coordinates": [ -76.619458177682532, 39.289354713598044 ] } },
{ "type": "Feature", "properties": { "surname": "Parrish", "given": "Nicholas", "occupation": "laborer", "house_no": 242, "street_raw": "Happy al", "street_matched": "DURHAM (S)", "side": "right", "confidence": "bracketed", "anchors_on_street": 9 }, "geometry": { "type": "Point", "coordinates": [ -76.590632658456514, 39.284710155574231 ] } },
{ "type": "Feature", "properties": { "surname": "Paschal", "given": "Alexander", "occupation": "paper carrier", "house_no": 31, "street_raw": "Jefferson st", "street_matched": "JEFFERSON", "side": "", "confidence": "street_proportional", "anchors_on_street": 0 }, "geometry": { "type": "Point", "coordinates": [ -76.578430613161174, 39.296878697917215 ] } },
{ "type": "Feature", "properties": { "surname": "Patterson", "given": "Joshua", "occupation": "sawyer", "house_no": 144, "street_raw": "S. Caroline st", "street_matched": "CAROLINE (S.)", "side": "left", "confidence": "bracketed", "anchors_on_street": 10 }, "geometry": { "type": "Point", "coordinates": [ -76.596873074509674, 39.287143150137176 ] } },
{ "type": "Feature", "properties": { "surname": "Daniel", "given": "caulker", "occupation": "113 S. Strawberry al. ■ AVm., sawyer", "house_no": 54, "street_raw": "Forrest st", "street_matched": "FORREST", "side": "", "confidence": "street_proportional", "anchors_on_street": 0 }, "geometry": { "type": "Point", "coordinates": [ -76.607913918812855, 39.300787892097205 ] } },
{ "type": "Feature", "properties": { "surname": "John", "given": "shoemaker", "occupation": "", "house_no": 43, "street_raw": "Guilford al", "street_matched": "GUILFORD", "side": "", "confidence": "street_proportional", "anchors_on_street": 0 }, "geometry": { "type": "Point", "coordinates": [ -76.611166009734944, 39.292640564109149 ] } },
{ "type": "Feature", "properties": { "surname": "Peach", "given": "Charles", "occupation": "laborer", "house_no": 85, "street_raw": "Stirling st", "street_matched": "STIRLING", "side": "", "confidence": "street_proportional", "anchors_on_street": 0 }, "geometry": { "type": "Point", "coordinates": [ -76.602800886042132, 39.301316330538278 ] } },
{ "type": "Feature", "properties": { "surname": "Alexander", "given": "brickmaker", "occupation": "", "house_no": 175, "street_raw": "S. Sharp st", "street_matched": "SHARP, (S)", "side": "left", "confidence": "extrapolated", "anchors_on_street": 5 }, "geometry": { "type": "Point", "coordinates": [ -76.617515642871879, 39.280923535799914 ] } },
{ "type": "Feature", "properties": { "surname": "John", "given": "brickmaker", "occupation": "", "house_no": 175, "street_raw": "S. Sharp st", "street_matched": "SHARP, (S)", "side": "left", "confidence": "extrapolated", "anchors_on_street": 5 }, "geometry": { "type": "Point", "coordinates": [ -76.617515642871879, 39.280923535799914 ] } },
{ "type": "Feature", "properties": { "surname": "Joseph", "given": "brickmaker", "occupation": "25 Perry st. .John, oysterman, 129 Montgomery st. ■ Charles, laborer", "house_no": 34, "street_raw": "Long al", "street_matched": "BALTIMORE, (W)", "side": "left", "confidence": "extrapolated", "anchors_on_street": 19 }, "geometry": { "type": "Point", "coordinates": [ -76.642152235980973, 39.288378939324993 ] } },
{ "type": "Feature", "properties": { "surname": "Peale", "given": "James", "occupation": "sawyer", "house_no": 234, "street_raw": "Apple al", "street_matched": "BETHEL, (S)", "side": "right", "confidence": "bracketed", "anchors_on_street": 9 }, "geometry": { "type": "Point", "coordinates": [ -76.594283132932631, 39.283080243146649 ] } },
{ "type": "Feature", "properties": { "surname": "Noel", "given": "John", "occupation": "barber", "house_no": 4, "street_raw": "McClellan al", "street_matched": "MCCLELLAN", "side": "", "confidence": "street_proportional", "anchors_on_street": 0 }, "geometry": { "type": "Point", "coordinates": [ -76.616916828775132, 39.289784825373516 ] } },
{ "type": "Feature", "properties": { "surname": "Nimrod", "given": "laborer", "occupation": "", "house_no": 137, "street_raw": "N. Spring st", "street_matched": "SPRING (N.)", "side": "left", "confidence": "bracketed", "anchors_on_street": 3 }, "geometry": { "type": "Point", "coordinates": [ -76.598382493174753, 39.298768945589913 ] } },
{ "type": "Feature", "properties": { "surname": "Selah", "given": "huckster", "occupation": "", "house_no": 202, "street_raw": "S. Charles st", "street_matched": "CHARLES (S.)", "side": "left", "confidence": "bracketed", "anchors_on_street": 12 }, "geometry": { "type": "Point", "coordinates": [ -76.614679421408027, 39.281322953304503 ] } },
{ "type": "Feature", "properties": { "surname": "OCHERMAN", "given": "James", "occupation": "caulker", "house_no": 101, "street_raw": "S. Strawberry alley", "street_matched": "DALLAS (S)", "side": "left", "confidence": "bracketed", "anchors_on_street": 9 }, "geometry": { "type": "Point", "coordinates": [ -76.596222588487535, 39.288461093642567 ] } },
{ "type": "Feature", "properties": { "surname": "Offer", "given": "Jane", "occupation": "", "house_no": 197, "street_raw": "S. Eden st", "street_matched": "EDEN (S)", "side": "left", "confidence": "single_anchor", "anchors_on_street": 3 }, "geometry": { "type": "Point", "coordinates": [ -76.598675762548382, 39.291379042428993 ] } },
{ "type": "Feature", "properties": { "surname": "Joseph", "given": "laborer", "occupation": "81 Happy al. I Hammond, laborer, 132 Low st. I Peck Levin, laborer, 54 Sugar al. I Pennington John, laborer, 147 N. Cove st. \\ Pepper Peter, laborer", "house_no": 82, "street_raw": "Salisbury st", "street_matched": "SALISBURY", "side": "", "confidence": "street_proportional", "anchors_on_street": 0 }, "geometry": { "type": "Point", "coordinates": [ -76.602770489176336, 39.289514392211657 ] } },
{ "type": "Feature", "properties": { "surname": "Perkins", "given": "Emory", "occupation": "laborer", "house_no": 38, "street_raw": "Hill st", "street_matched": "HILL", "side": "left", "confidence": "bracketed", "anchors_on_street": 5 }, "geometry": { "type": "Point", "coordinates": [ -76.614320574534858, 39.281019947603703 ] } },
{ "type": "Feature", "properties": { "surname": "James", "given": "mariner", "occupation": "", "house_no": 7, "street_raw": "Granby st", "street_matched": "GRANBY", "side": "", "confidence": "street_proportional", "anchors_on_street": 0 }, "geometry": { "type": "Point", "coordinates": [ -76.604235093622663, 39.287697569119537 ] } },
{ "type": "Feature", "properties": { "surname": "Wm.", "given": "seaman", "occupation": "", "house_no": 21, "street_raw": "Star al", "street_matched": "CHAPEL", "side": "", "confidence": "street_proportional", "anchors_on_street": 0 }, "geometry": { "type": "Point", "coordinates": [ -76.59018146531912, 39.297539203218591 ] } },
{ "type": "Feature", "properties": { "surname": "Peters", "given": "Susan", "occupation": "washerwoman", "house_no": 132, "street_raw": "Stirling st", "street_matched": "STIRLING", "side": "", "confidence": "street_proportional", "anchors_on_street": 0 }, "geometry": { "type": "Point", "coordinates": [ -76.602787193648311, 39.300542635423696 ] } },
{ "type": "Feature", "properties": { "surname": "Phebe", "given": "washerwoman", "occupation": "", "house_no": 117, "street_raw": "S. Strawberry al", "street_matched": "DALLAS (S)", "side": "left", "confidence": "bracketed", "anchors_on_street": 9 }, "geometry": { "type": "Point", "coordinates": [ -76.5961943282107, 39.28799374689531 ] } },
{ "type": "Feature", "properties": { "surname": "Peters", "given": "Edward", "occupation": "laborer", "house_no": 7, "street_raw": "Mott st", "street_matched": "MOTT", "side": "", "confidence": "street_proportional", "anchors_on_street": 0 }, "geometry": { "type": "Point", "coordinates": [ -76.604317767659182, 39.296997610708225 ] } },
{ "type": "Feature", "properties": { "surname": "Phelps", "given": "Flora", "occupation": "washerw'n", "house_no": 105, "street_raw": "S. Strawberry al", "street_matched": "DALLAS (S)", "side": "left", "confidence": "bracketed", "anchors_on_street": 9 }, "geometry": { "type": "Point", "coordinates": [ -76.596215523383421, 39.288344256962489 ] } },
{ "type": "Feature", "properties": { "surname": "Sarah", "given": "Ann", "occupation": "washerwoman", "house_no": 47, "street_raw": "S. Caroline", "street_matched": "CAROLINE (S.)", "side": "left", "confidence": "bracketed", "anchors_on_street": 10 }, "geometry": { "type": "Point", "coordinates": [ -76.597047746304042, 39.289709629315453 ] } },
{ "type": "Feature", "properties": { "surname": "Theresa", "given": "washerwoman", "occupation": "", "house_no": 223, "street_raw": "Fleet st", "street_matched": "CANTON AV", "side": "left", "confidence": "bracketed", "anchors_on_street": 16 }, "geometry": { "type": "Point", "coordinates": [ -76.594607647717979, 39.284503245397147 ] } },
{ "type": "Feature", "properties": { "surname": "Levin", "given": "carter", "occupation": "46 Argyle al. • Bristow^, stevedore", "house_no": 4, "street_raw": "Short al", "street_matched": "SHORT", "side": "", "confidence": "street_proportional", "anchors_on_street": 0 }, "geometry": { "type": "Point", "coordinates": [ -76.597518375907285, 39.295892345852231 ] } },
{ "type": "Feature", "properties": { "surname": "Pindell", "given": "Elijah", "occupation": "laborer", "house_no": 31, "street_raw": "Silver st", "street_matched": "SILVER", "side": "", "confidence": "street_proportional", "anchors_on_street": 0 }, "geometry": { "type": "Point", "coordinates": [ -76.599159591620818, 39.294194026081868 ] } },
{ "type": "Feature", "properties": { "surname": "John", "given": "laborer", "occupation": "", "house_no": 106, "street_raw": "S. Spring st", "street_matched": "SPRING (S.)", "side": "left", "confidence": "bracketed", "anchors_on_street": 8 }, "geometry": { "type": "Point", "coordinates": [ -76.597698731811505, 39.287898399352123 ] } },
{ "type": "Feature", "properties": { "surname": "Henry", "given": "laborer", "occupation": "", "house_no": 39, "street_raw": "Tyson st", "street_matched": "TYSON", "side": "", "confidence": "street_proportional", "anchors_on_street": 0 }, "geometry": { "type": "Point", "coordinates": [ -76.619334768505567, 39.299876621973247 ] } },
{ "type": "Feature", "properties": { "surname": "Piper", "given": "Elizabeth", "occupation": "washerwoman", "house_no": 59, "street_raw": "Salisbury st", "street_matched": "SALISBURY", "side": "", "confidence": "street_proportional", "anchors_on_street": 0 }, "geometry": { "type": "Point", "coordinates": [ -76.602347183476752, 39.289654011976737 ] } },
{ "type": "Feature", "properties": { "surname": "James", "given": "carter", "occupation": "", "house_no": 46, "street_raw": "S. Strawberry al", "street_matched": "DALLAS (S)", "side": "left", "confidence": "bracketed", "anchors_on_street": 9 }, "geometry": { "type": "Point", "coordinates": [ -76.596328285177435, 39.290208957841145 ] } },
{ "type": "Feature", "properties": { "surname": "Pitt", "given": "Archibald", "occupation": "drayman", "house_no": 112, "street_raw": "Hughes st", "street_matched": "HUGHES", "side": "", "confidence": "street_proportional", "anchors_on_street": 0 }, "geometry": { "type": "Point", "coordinates": [ -76.6112505190885, 39.280671516596627 ] } },
{ "type": "Feature", "properties": { "surname": "Adeline", "given": "washerwoman", "occupation": "", "house_no": 43, "street_raw": "Davis st", "street_matched": "DAVIS", "side": "", "confidence": "street_proportional", "anchors_on_street": 0 }, "geometry": { "type": "Point", "coordinates": [ -76.611966438257738, 39.291670866155556 ] } },
{ "type": "Feature", "properties": { "surname": "Plyman", "given": "John P", "occupation": "barber", "house_no": 46, "street_raw": "Camden st", "street_matched": "CAMDEN", "side": "left", "confidence": "bracketed", "anchors_on_street": 6 }, "geometry": { "type": "Point", "coordinates": [ -76.616331515657834, 39.285386261234507 ] } },
{ "type": "Feature", "properties": { "surname": "Pontee", "given": "Philip", "occupation": "blacksmith", "house_no": 222, "street_raw": "Hanover st", "street_matched": "HANOVER", "side": "left", "confidence": "bracketed", "anchors_on_street": 12 }, "geometry": { "type": "Point", "coordinates": [ -76.615791317825384, 39.280458092550134 ] } },
{ "type": "Feature", "properties": { "surname": "Porter", "given": "Handes", "occupation": "laborer, 128 Montgomery st. • Lemuel, sawyer", "house_no": 193, "street_raw": "Happy al", "street_matched": "DURHAM (S)", "side": "left", "confidence": "bracketed", "anchors_on_street": 9 }, "geometry": { "type": "Point", "coordinates": [ -76.590751867250049, 39.286279452862665 ] } },
{ "type": "Feature", "properties": { "surname": "Posey", "given": "Lydia", "occupation": "washerwoman", "house_no": 2, "street_raw": "Hamilton st", "street_matched": "HAMILTON", "side": "", "confidence": "street_proportional", "anchors_on_street": 0 }, "geometry": { "type": "Point", "coordinates": [ -76.613298121734246, 39.295747964040146 ] } },
{ "type": "Feature", "properties": { "surname": "Powell", "given": "Joshua", "occupation": "drayman", "house_no": 134, "street_raw": "Hill st", "street_matched": "HILL", "side": "left", "confidence": "bracketed", "anchors_on_street": 5 }, "geometry": { "type": "Point", "coordinates": [ -76.618402362564495, 39.280895375516693 ] } },
{ "type": "Feature", "properties": { "surname": "Jordan", "given": "laborer", "occupation": "", "house_no": 21, "street_raw": "Forrest st", "street_matched": "FORREST", "side": "", "confidence": "street_proportional", "anchors_on_street": 0 }, "geometry": { "type": "Point", "coordinates": [ -76.608000385454446, 39.301116131097011 ] } },
{ "type": "Feature", "properties": { "surname": "Wm.", "given": "whitewasher", "occupation": "", "house_no": 263, "street_raw": "Happy al", "street_matched": "DURHAM (S)", "side": "right", "confidence": "bracketed", "anchors_on_street": 9 }, "geometry": { "type": "Point", "coordinates": [ -76.590592936771841, 39.284047782585283 ] } },
{ "type": "Feature", "properties": { "surname": "James", "given": "drayman", "occupation": "", "house_no": 46, "street_raw": "Vine st", "street_matched": "VINE", "side": "", "confidence": "street_proportional", "anchors_on_street": 0 }, "geometry": { "type": "Point", "coordinates": [ -76.63186533536215, 39.290498477950862 ] } },
{ "type": "Feature", "properties": { "surname": "Pratt", "given": "Frederick", "occupation": "laborer", "house_no": 203, "street_raw": "Biddle al", "street_matched": "BIDDLE, (W)", "side": "left", "confidence": "bracketed", "anchors_on_street": 11 }, "geometry": { "type": "Point", "coordinates": [ -76.62484042521254, 39.29788383058969 ] } },
{ "type": "Feature", "properties": { "surname": "Jeremiah", "given": "sawyer", "occupation": "", "house_no": 21, "street_raw": "Mott st", "street_matched": "MOTT", "side": "", "confidence": "street_proportional", "anchors_on_street": 0 }, "geometry": { "type": "Point", "coordinates": [ -76.603701718520142, 39.296407716395926 ] } },
{ "type": "Feature", "properties": { "surname": "David", "given": "caulker", "occupation": "", "house_no": 87, "street_raw": "Stirling st", "street_matched": "STIRLING", "side": "", "confidence": "street_proportional", "anchors_on_street": 0 }, "geometry": { "type": "Point", "coordinates": [ -76.602809112887002, 39.301283992404606 ] } },
{ "type": "Feature", "properties": { "surname": "Samuel", "given": "laborer", "occupation": "", "house_no": 41, "street_raw": "Star al", "street_matched": "CHAPEL", "side": "", "confidence": "street_proportional", "anchors_on_street": 0 }, "geometry": { "type": "Point", "coordinates": [ -76.59018146531912, 39.297539203218591 ] } },
{ "type": "Feature", "properties": { "surname": "Preston", "given": "Peter", "occupation": "boarding house", "house_no": 4, "street_raw": "Pleasant st", "street_matched": "PLEASANT", "side": "left", "confidence": "single_anchor", "anchors_on_street": 1 }, "geometry": { "type": "Point", "coordinates": [ -76.615412575632334, 39.293460026263617 ] } },
{ "type": "Feature", "properties": { "surname": "George", "given": "laborer", "occupation": "", "house_no": 16, "street_raw": "Forrest st", "street_matched": "FORREST", "side": "", "confidence": "street_proportional", "anchors_on_street": 0 }, "geometry": { "type": "Point", "coordinates": [ -76.608013486530567, 39.301165864270388 ] } },
{ "type": "Feature", "properties": { "surname": "Diana", "given": "washerwoman", "occupation": "", "house_no": 28, "street_raw": "Douglass st", "street_matched": "LEXINGTON", "side": "left", "confidence": "extrapolated", "anchors_on_street": 21 }, "geometry": { "type": "Point", "coordinates": [ -76.615245353193259, 39.291065717826946 ] } },
{ "type": "Feature", "properties": { "surname": "Henry", "given": "laborer", "occupation": "", "house_no": 62, "street_raw": "Orchard st", "street_matched": "ORCHARD", "side": "", "confidence": "street_proportional", "anchors_on_street": 0 }, "geometry": { "type": "Point", "coordinates": [ -76.623532116080568, 39.297726463067939 ] } },
{ "type": "Feature", "properties": { "surname": "Philip", "given": "barber", "occupation": "", "house_no": 2, "street_raw": "St. Paul st", "street_matched": "PAUL", "side": "", "confidence": "street_proportional", "anchors_on_street": 0 }, "geometry": { "type": "Point", "coordinates": [ -76.613555436003466, 39.292770928691574 ] } },
{ "type": "Feature", "properties": { "surname": "Romeo", "given": "waiter", "occupation": "", "house_no": 17, "street_raw": "Hamilton st", "street_matched": "HAMILTON", "side": "", "confidence": "street_proportional", "anchors_on_street": 0 }, "geometry": { "type": "Point", "coordinates": [ -76.617702070394699, 39.295553844492069 ] } },
{ "type": "Feature", "properties": { "surname": "Daniel", "given": "carter", "occupation": "", "house_no": 73, "street_raw": "S. Strawberry al", "street_matched": "DALLAS (S)", "side": "left", "confidence": "bracketed", "anchors_on_street": 9 }, "geometry": { "type": "Point", "coordinates": [ -76.59627338188902, 39.289301037785272 ] } },
{ "type": "Feature", "properties": { "surname": "John", "given": "grain measurer", "occupation": "", "house_no": 145, "street_raw": "S. Howard st", "street_matched": "HOWARD (N)", "side": "left", "confidence": "single_anchor", "anchors_on_street": 2 }, "geometry": { "type": "Point", "coordinates": [ -76.619458177682532, 39.289354713598044 ] } },
{ "type": "Feature", "properties": { "surname": "Primrose", "given": "Greenbury", "occupation": "grain measurer", "house_no": 36, "street_raw": "Forrest", "street_matched": "FORREST", "side": "", "confidence": "street_proportional", "anchors_on_street": 0 }, "geometry": { "type": "Point", "coordinates": [ -76.607961082336331, 39.300966931563565 ] } },
{ "type": "Feature", "properties": { "surname": "Prout", "given": "Isaac", "occupation": "laborer", "house_no": 38, "street_raw": "Dover st", "street_matched": "DOVER", "side": "", "confidence": "street_proportional", "anchors_on_street": 0 }, "geometry": { "type": "Point", "coordinates": [ -76.619241005545788, 39.285949257159679 ] } },
{ "type": "Feature", "properties": { "surname": "John", "given": "sawyer", "occupation": "", "house_no": 41, "street_raw": "Guilford al", "street_matched": "GUILFORD", "side": "", "confidence": "street_proportional", "anchors_on_street": 0 }, "geometry": { "type": "Point", "coordinates": [ -76.611232257396736, 39.293622202326347 ] } },
{ "type": "Feature", "properties": { "surname": "Jacob", "given": "grain measurer", "occupation": "", "house_no": 17, "street_raw": "Welcome al", "street_matched": "WELCOME", "side": "", "confidence": "street_proportional", "anchors_on_street": 0 }, "geometry": { "type": "Point", "coordinates": [ -76.61462453933359, 39.28268774449247 ] } },
{ "type": "Feature", "properties": { "surname": "Thomas", "given": "seaman", "occupation": "", "house_no": 188, "street_raw": "S. Strawberry al", "street_matched": "DALLAS (S)", "side": "left", "confidence": "bracketed", "anchors_on_street": 9 }, "geometry": { "type": "Point", "coordinates": [ -76.596041156598346, 39.285460769354223 ] } },
{ "type": "Feature", "properties": { "surname": "Charity", "given": "washerwoman", "occupation": "", "house_no": 230, "street_raw": "German st", "street_matched": "PRATT, (W)", "side": "left", "confidence": "bracketed", "anchors_on_street": 22 }, "geometry": { "type": "Point", "coordinates": [ -76.617680970142644, 39.286379729740503 ] } },
{ "type": "Feature", "properties": { "surname": "Edward", "given": "blacksmith", "occupation": "", "house_no": 212, "street_raw": "Apple al", "street_matched": "BETHEL, (S)", "side": "left", "confidence": "bracketed", "anchors_on_street": 9 }, "geometry": { "type": "Point", "coordinates": [ -76.594288903612693, 39.283157681067067 ] } },
{ "type": "Feature", "properties": { "surname": "Pumphrey", "given": "John", "occupation": "brickmaker", "house_no": 22, "street_raw": "Cross st", "street_matched": "CROSS", "side": "", "confidence": "street_proportional", "anchors_on_street": 0 }, "geometry": { "type": "Point", "coordinates": [ -76.608790738168338, 39.277419723601383 ] } },
{ "type": "Feature", "properties": { "surname": "Purdy", "given": "Louisa", "occupation": "", "house_no": 76, "street_raw": "Jasper st", "street_matched": "JASPER", "side": "", "confidence": "street_proportional", "anchors_on_street": 0 }, "geometry": { "type": "Point", "coordinates": [ -76.621899328190707, 39.293904174189286 ] } },
{ "type": "Feature", "properties": { "surname": "Stephen", "given": "S", "occupation": "barber", "house_no": 100, "street_raw": "N. Gay st", "street_matched": "GAY, (N)", "side": "left", "confidence": "single_anchor", "anchors_on_street": 9 }, "geometry": { "type": "Point", "coordinates": [ -76.601308965441916, 39.298082117436834 ] } },
{ "type": "Feature", "properties": { "surname": "QUEEN", "given": "Stephen", "occupation": "Thompsonian practitioner", "house_no": 42, "street_raw": "Hill St", "street_matched": "HILL", "side": "left", "confidence": "bracketed", "anchors_on_street": 5 }, "geometry": { "type": "Point", "coordinates": [ -76.614489601362834, 39.281014495290684 ] } },
{ "type": "Feature", "properties": { "surname": "Emily", "given": "washwoman", "occupation": "", "house_no": 92, "street_raw": "Hughes st", "street_matched": "HUGHES", "side": "", "confidence": "street_proportional", "anchors_on_street": 0 }, "geometry": { "type": "Point", "coordinates": [ -76.610222687284661, 39.280701819412691 ] } },
{ "type": "Feature", "properties": { "surname": "Thomas", "given": "H", "occupation": "", "house_no": 241, "street_raw": "S. Bond st", "street_matched": "BOND,(S)", "side": "left", "confidence": "bracketed", "anchors_on_street": 9 }, "geometry": { "type": "Point", "coordinates": [ -76.595259701850395, 39.284509124531603 ] } },
{ "type": "Feature", "properties": { "surname": "James", "given": "rope maker", "occupation": "", "house_no": 106, "street_raw": "Hughes st", "street_matched": "HUGHES", "side": "", "confidence": "street_proportional", "anchors_on_street": 0 }, "geometry": { "type": "Point", "coordinates": [ -76.610942169639543, 39.280680608385829 ] } },
{ "type": "Feature", "properties": { "surname": "Thomas", "given": "rope maker", "occupation": "", "house_no": 106, "street_raw": "Hughes st", "street_matched": "HUGHES", "side": "", "confidence": "street_proportional", "anchors_on_street": 0 }, "geometry": { "type": "Point", "coordinates": [ -76.610942169639543, 39.280680608385829 ] } },
{ "type": "Feature", "properties": { "surname": "Sarah", "given": "shopkeeper", "occupation": "", "house_no": 47, "street_raw": "Park st", "street_matched": "PARK", "side": "left", "confidence": "bracketed", "anchors_on_street": 9 }, "geometry": { "type": "Point", "coordinates": [ -76.6180895226438, 39.292274868507754 ] } },
{ "type": "Feature", "properties": { "surname": "RAINBOW", "given": "Charles", "occupation": "laborer", "house_no": 29, "street_raw": "Short al", "street_matched": "SHORT", "side": "", "confidence": "street_proportional", "anchors_on_street": 0 }, "geometry": { "type": "Point", "coordinates": [ -76.598519356207959, 39.295850084299069 ] } },
{ "type": "Feature", "properties": { "surname": "Ramsey", "given": "Charles", "occupation": "laborer", "house_no": 7, "street_raw": "S. Spring st", "street_matched": "SPRING (S.)", "side": "left", "confidence": "extrapolated", "anchors_on_street": 8 }, "geometry": { "type": "Point", "coordinates": [ -76.59787268040246, 39.290650054869602 ] } },
{ "type": "Feature", "properties": { "surname": "Raymond", "given": "Priscilla", "occupation": "washerwoman", "house_no": 32, "street_raw": "Wayne st", "street_matched": "WAYNE", "side": "", "confidence": "street_proportional", "anchors_on_street": 0 }, "geometry": { "type": "Point", "coordinates": [ -76.618871184054044, 39.283487756909793 ] } },
{ "type": "Feature", "properties": { "surname": "Reaney", "given": "Wm", "occupation": "seaman", "house_no": 49, "street_raw": "Hughes st", "street_matched": "HUGHES", "side": "", "confidence": "street_proportional", "anchors_on_street": 0 }, "geometry": { "type": "Point", "coordinates": [ -76.608013374672865, 39.280775436606895 ] } },
{ "type": "Feature", "properties": { "surname": "Reason", "given": "George", "occupation": "whitewasher", "house_no": 200, "street_raw": "N. Exeter st", "street_matched": "EXETER", "side": "left", "confidence": "extrapolated", "anchors_on_street": 9 }, "geometry": { "type": "Point", "coordinates": [ -76.600226631459705, 39.283497120166643 ] } },
{ "type": "Feature", "properties": { "surname": "George", "given": "laborer", "occupation": "", "house_no": 215, "street_raw": "Forrest st", "street_matched": "FORREST", "side": "", "confidence": "street_proportional", "anchors_on_street": 0 }, "geometry": { "type": "Point", "coordinates": [ -76.607488932801203, 39.299186984678059 ] } },
{ "type": "Feature", "properties": { "surname": "Felix", "given": "laborer", "occupation": "", "house_no": 253, "street_raw": "Happy al", "street_matched": "DURHAM (S)", "side": "right", "confidence": "bracketed", "anchors_on_street": 9 }, "geometry": { "type": "Point", "coordinates": [ -76.590611810502764, 39.284362991989518 ] } },
{ "type": "Feature", "properties": { "surname": "Thomas", "given": "hackman", "occupation": "", "house_no": 144, "street_raw": "Hill st", "street_matched": "HILL", "side": "left", "confidence": "bracketed", "anchors_on_street": 5 }, "geometry": { "type": "Point", "coordinates": [ -76.618845722117811, 39.28088129227605 ] } },
{ "type": "Feature", "properties": { "surname": "James", "given": "laborer", "occupation": "", "house_no": 130, "street_raw": "Montgomery st", "street_matched": "MONTGOMERY", "side": "left", "confidence": "extrapolated", "anchors_on_street": 7 }, "geometry": { "type": "Point", "coordinates": [ -76.60985412508326, 39.280059233318184 ] } },
{ "type": "Feature", "properties": { "surname": "Sarah", "given": "washerwoman", "occupation": "", "house_no": 135, "street_raw": "Low st", "street_matched": "LOW", "side": "", "confidence": "street_proportional", "anchors_on_street": 0 }, "geometry": { "type": "Point", "coordinates": [ -76.606749002070032, 39.292841533926058 ] } },
{ "type": "Feature", "properties": { "surname": "James", "given": "barber", "occupation": "", "house_no": 185, "street_raw": "Light st", "street_matched": "LIGHT-ST. WHF", "side": "right", "confidence": "bracketed", "anchors_on_street": 4 }, "geometry": { "type": "Point", "coordinates": [ -76.612974313142217, 39.28233169226823 ] } },
{ "type": "Feature", "properties": { "surname": "Perry", "given": "laborer", "occupation": "", "house_no": 4, "street_raw": "Welcome al", "street_matched": "WELCOME", "side": "", "confidence": "street_proportional", "anchors_on_street": 0 }, "geometry": { "type": "Point", "coordinates": [ -76.613031202198229, 39.282742199773935 ] } },
{ "type": "Feature", "properties": { "surname": "Rebecca", "given": "washerwoman", "occupation": "", "house_no": 21, "street_raw": "Jefferson st", "street_matched": "JEFFERSON", "side": "", "confidence": "street_proportional", "anchors_on_street": 0 }, "geometry": { "type": "Point", "coordinates": [ -76.593039078063256, 39.296292045573765 ] } },
{ "type": "Feature", "properties": { "surname": "Philip", "given": "laborer", "occupation": "", "house_no": 44, "street_raw": "Star al", "street_matched": "CHAPEL", "side": "", "confidence": "street_proportional", "anchors_on_street": 0 }, "geometry": { "type": "Point", "coordinates": [ -76.59018146531912, 39.297539203218591 ] } },
{ "type": "Feature", "properties": { "surname": "Reese", "given": "James", "occupation": "brickmaker", "house_no": 31, "street_raw": "Guilford al", "street_matched": "GUILFORD", "side": "", "confidence": "street_proportional", "anchors_on_street": 0 }, "geometry": { "type": "Point", "coordinates": [ -76.611563493911689, 39.298530389712376 ] } },
{ "type": "Feature", "properties": { "surname": "Reynolds", "given": "James H", "occupation": "barber", "house_no": 4, "street_raw": "Mott st", "street_matched": "MOTT", "side": "", "confidence": "street_proportional", "anchors_on_street": 0 }, "geometry": { "type": "Point", "coordinates": [ -76.60444977815051, 39.297124017063226 ] } },
{ "type": "Feature", "properties": { "surname": "Rice", "given": "John", "occupation": "musician", "house_no": 6, "street_raw": "Marion st", "street_matched": "MARION", "side": "", "confidence": "street_proportional", "anchors_on_street": 0 }, "geometry": { "type": "Point", "coordinates": [ -76.618207753416513, 39.291011671927961 ] } },
{ "type": "Feature", "properties": { "surname": "Richardson", "given": "Vachel", "occupation": "laborer", "house_no": 42, "street_raw": "Long al", "street_matched": "BALTIMORE, (W)", "side": "left", "confidence": "bracketed", "anchors_on_street": 19 }, "geometry": { "type": "Point", "coordinates": [ -76.642166489693921, 39.288378316900541 ] } },
{ "type": "Feature", "properties": { "surname": "Mary", "given": "Ann", "occupation": "washerwoman", "house_no": 11, "street_raw": "Peach al", "street_matched": "PEACH", "side": "", "confidence": "street_proportional", "anchors_on_street": 0 }, "geometry": { "type": "Point", "coordinates": [ -76.618122789334677, 39.277993015667512 ] } },
{ "type": "Feature", "properties": { "surname": "Hester", "given": "washeiw'n", "occupation": "", "house_no": 233, "street_raw": "S. Strawberry al", "street_matched": "DALLAS (S)", "side": "left", "confidence": "bracketed", "anchors_on_street": 9 }, "geometry": { "type": "Point", "coordinates": [ -76.595967309568522, 39.284239561651411 ] } },
{ "type": "Feature", "properties": { "surname": "Hiram", "given": "seaman", "occupation": "", "house_no": 116, "street_raw": "S. Spring st", "street_matched": "SPRING (S.)", "side": "left", "confidence": "bracketed", "anchors_on_street": 8 }, "geometry": { "type": "Point", "coordinates": [ -76.597683926035998, 39.287664189694397 ] } },
{ "type": "Feature", "properties": { "surname": "Samuel", "given": "whitewasher", "occupation": "", "house_no": 5, "street_raw": "State st. court", "street_matched": "STATE", "side": "", "confidence": "street_proportional", "anchors_on_street": 0 }, "geometry": { "type": "Point", "coordinates": [ -76.620382499176316, 39.294703171327825 ] } },
{ "type": "Feature", "properties": { "surname": "Charles", "given": "laborer", "occupation": "", "house_no": 27, "street_raw": "Jefferson st", "street_matched": "JEFFERSON", "side": "", "confidence": "street_proportional", "anchors_on_street": 0 }, "geometry": { "type": "Point", "coordinates": [ -76.584274167580887, 39.296646309201819 ] } },
{ "type": "Feature", "properties": { "surname": "Henry", "given": "farrier", "occupation": "", "house_no": 87, "street_raw": "Stirling st", "street_matched": "STIRLING", "side": "", "confidence": "street_proportional", "anchors_on_street": 0 }, "geometry": { "type": "Point", "coordinates": [ -76.602809112887002, 39.301283992404606 ] } },
{ "type": "Feature", "properties": { "surname": "Rideout", "given": "Eve", "occupation": "washerwoman", "house_no": 9, "street_raw": "N. Spring st", "street_matched": "SPRING (N.)", "side": "left", "confidence": "extrapolated", "anchors_on_street": 3 }, "geometry": { "type": "Point", "coordinates": [ -76.598077493839497, 39.294032312293979 ] } },
{ "type": "Feature", "properties": { "surname": "Harriet", "given": "washerwoman", "occupation": "", "house_no": 7, "street_raw": "N. Spring st", "street_matched": "SPRING (N.)", "side": "left", "confidence": "extrapolated", "anchors_on_street": 3 }, "geometry": { "type": "Point", "coordinates": [ -76.598072658511811, 39.293957225314379 ] } },
{ "type": "Feature", "properties": { "surname": "Ridgely", "given": "Charlotte", "occupation": "washerwoman", "house_no": 47, "street_raw": "Douglass", "street_matched": "LEXINGTON", "side": "left", "confidence": "extrapolated", "anchors_on_street": 21 }, "geometry": { "type": "Point", "coordinates": [ -76.615245353193259, 39.291065717826946 ] } },
{ "type": "Feature", "properties": { "surname": "Mary", "given": "grocer", "occupation": "", "house_no": 10, "street_raw": "S. Liberty st", "street_matched": "LIBERTY, (S)", "side": "left", "confidence": "bracketed", "anchors_on_street": 2 }, "geometry": { "type": "Point", "coordinates": [ -76.618309193708015, 39.288939599233501 ] } },
{ "type": "Feature", "properties": { "surname": "Diana", "given": "washerwoman", "occupation": "", "house_no": 43, "street_raw": "Tyson st", "street_matched": "TYSON", "side": "", "confidence": "street_proportional", "anchors_on_street": 0 }, "geometry": { "type": "Point", "coordinates": [ -76.619329040262329, 39.299787981073493 ] } },
{ "type": "Feature", "properties": { "surname": "Riley", "given": "Wilson", "occupation": "laborer", "house_no": 50, "street_raw": "Mulberry st", "street_matched": "MULBERRY", "side": "", "confidence": "street_proportional", "anchors_on_street": 0 }, "geometry": { "type": "Point", "coordinates": [ -76.651501150747308, 39.292745518170172 ] } },
{ "type": "Feature", "properties": { "surname": "Ringgold", "given": "James", "occupation": "laborer, 2 State st. court. ^ Jacob, laborer", "house_no": 25, "street_raw": "Forrest st", "street_matched": "FORREST", "side": "", "confidence": "street_proportional", "anchors_on_street": 0 }, "geometry": { "type": "Point", "coordinates": [ -76.607989904606796, 39.301076344556705 ] } },
{ "type": "Feature", "properties": { "surname": "Edith", "given": "washerwoman", "occupation": "", "house_no": 26, "street_raw": "Hargrove al", "street_matched": "HARGROVE", "side": "", "confidence": "street_proportional", "anchors_on_street": 0 }, "geometry": { "type": "Point", "coordinates": [ -76.613473569244078, 39.297602338867982 ] } },
{ "type": "Feature", "properties": { "surname": "Jane", "given": "washerwoman", "occupation": "", "house_no": 24, "street_raw": "Lee st", "street_matched": "LEE", "side": "left", "confidence": "bracketed", "anchors_on_street": 7 }, "geometry": { "type": "Point", "coordinates": [ -76.613808367841798, 39.282189525992436 ] } },
{ "type": "Feature", "properties": { "surname": "Isaac", "given": "laborer", "occupation": "", "house_no": 243, "street_raw": "Light st", "street_matched": "LIGHT-ST. WHF", "side": "right", "confidence": "extrapolated", "anchors_on_street": 4 }, "geometry": { "type": "Point", "coordinates": [ -76.612716874634216, 39.280295968660795 ] } },
{ "type": "Feature", "properties": { "surname": "Roach", "given": "Emily", "occupation": "washerwoman", "house_no": 56, "street_raw": "Forrest st", "street_matched": "FORREST", "side": "", "confidence": "street_proportional", "anchors_on_street": 0 }, "geometry": { "type": "Point", "coordinates": [ -76.607908678436061, 39.300767998821392 ] } },
{ "type": "Feature", "properties": { "surname": "Hannah", "given": "washerw'n", "occupation": "", "house_no": 253, "street_raw": "S. Strawberry al", "street_matched": "DALLAS (S)", "side": "left", "confidence": "bracketed", "anchors_on_street": 9 }, "geometry": { "type": "Point", "coordinates": [ -76.595919749576737, 39.283453060125886 ] } },
{ "type": "Feature", "properties": { "surname": "York", "given": "drayman", "occupation": "", "house_no": 24, "street_raw": "N. Spring st", "street_matched": "SPRING (N.)", "side": "left", "confidence": "extrapolated", "anchors_on_street": 3 }, "geometry": { "type": "Point", "coordinates": [ -76.598113755264535, 39.294595464730648 ] } },
{ "type": "Feature", "properties": { "surname": "George", "given": "laborer", "occupation": "", "house_no": 23, "street_raw": "Block st", "street_matched": "BLOCK", "side": "", "confidence": "street_proportional", "anchors_on_street": 0 }, "geometry": { "type": "Point", "coordinates": [ -76.595887224446386, 39.280118175347681 ] } },
{ "type": "Feature", "properties": { "surname": "Stephen", "given": "drayman", "occupation": "", "house_no": 32, "street_raw": "Welcome al", "street_matched": "WELCOME", "side": "", "confidence": "street_proportional", "anchors_on_street": 0 }, "geometry": { "type": "Point", "coordinates": [ -76.616462845636093, 39.282622182469972 ] } },
{ "type": "Feature", "properties": { "surname": "Roberts", "given": "Bradley", "occupation": "stevedore", "house_no": 96, "street_raw": "Tyson st", "street_matched": "TYSON", "side": "", "confidence": "street_proportional", "anchors_on_street": 0 }, "geometry": { "type": "Point", "coordinates": [ -76.619253142391202, 39.298613488901857 ] } },
{ "type": "Feature", "properties": { "surname": "George", "given": "stevedore", "occupation": "", "house_no": 204, "street_raw": "Happy al", "street_matched": "DURHAM (S)", "side": "left", "confidence": "bracketed", "anchors_on_street": 9 }, "geometry": { "type": "Point", "coordinates": [ -76.59072564461421, 39.285904512834961 ] } },
{ "type": "Feature", "properties": { "surname": "Robinson", "given": "Thomas", "occupation": "carter", "house_no": 8, "street_raw": "N. Strawberry al", "street_matched": "DALLAS (N)", "side": "left", "confidence": "bracketed", "anchors_on_street": 4 }, "geometry": { "type": "Point", "coordinates": [ -76.596424946647602, 39.291807431369797 ] } },
{ "type": "Feature", "properties": { "surname": "Harriet", "given": "washerwoman", "occupation": "", "house_no": 182, "street_raw": "S. Caroline st", "street_matched": "CAROLINE (S.)", "side": "left", "confidence": "bracketed", "anchors_on_street": 10 }, "geometry": { "type": "Point", "coordinates": [ -76.596803804333376, 39.286125361095927 ] } },
{ "type": "Feature", "properties": { "surname": "Julia", "given": "Ann", "occupation": "", "house_no": 3, "street_raw": "Granby st", "street_matched": "GRANBY", "side": "", "confidence": "street_proportional", "anchors_on_street": 0 }, "geometry": { "type": "Point", "coordinates": [ -76.604594542133768, 39.287558132728911 ] } },
{ "type": "Feature", "properties": { "surname": "Ann", "given": "washerw'n", "occupation": "", "house_no": 122, "street_raw": "S. Strawberry al", "street_matched": "DALLAS (S)", "side": "left", "confidence": "bracketed", "anchors_on_street": 9 }, "geometry": { "type": "Point", "coordinates": [ -76.596185496950554, 39.287847701022052 ] } },
{ "type": "Feature", "properties": { "surname": "Charles", "given": "sawyer", "occupation": "", "house_no": 173, "street_raw": "S. Strawberry al", "street_matched": "DALLAS (S)", "side": "left", "confidence": "bracketed", "anchors_on_street": 9 }, "geometry": { "type": "Point", "coordinates": [ -76.596068491966179, 39.285912814717868 ] } },
{ "type": "Feature", "properties": { "surname": "Alexander", "given": "laborer", "occupation": "", "house_no": 157, "street_raw": "S. Strawberry al", "street_matched": "DALLAS (S)", "side": "left", "confidence": "bracketed", "anchors_on_street": 9 }, "geometry": { "type": "Point", "coordinates": [ -76.596097650075848, 39.286394996365189 ] } },
{ "type": "Feature", "properties": { "surname": "Sarah", "given": "washerwoman", "occupation": "", "house_no": 168, "street_raw": "S. Strawberry al", "street_matched": "DALLAS (S)", "side": "left", "confidence": "bracketed", "anchors_on_street": 9 }, "geometry": { "type": "Point", "coordinates": [ -76.596077603832882, 39.286063496490847 ] } },
{ "type": "Feature", "properties": { "surname": "David", "given": "laborer", "occupation": "", "house_no": 9, "street_raw": "N. Spring st", "street_matched": "SPRING (N.)", "side": "left", "confidence": "extrapolated", "anchors_on_street": 3 }, "geometry": { "type": "Point", "coordinates": [ -76.598077493839497, 39.294032312293979 ] } },
{ "type": "Feature", "properties": { "surname": "Susanna", "given": "washerwoman", "occupation": "", "house_no": 47, "street_raw": "Perry st", "street_matched": "PERRY", "side": "", "confidence": "street_proportional", "anchors_on_street": 0 }, "geometry": { "type": "Point", "coordinates": [ -76.616259308307548, 39.284880330695557 ] } },
{ "type": "Feature", "properties": { "surname": "Samuel", "given": "laborer", "occupation": "", "house_no": 93, "street_raw": "Jasper al", "street_matched": "JASPER", "side": "", "confidence": "street_proportional", "anchors_on_street": 0 }, "geometry": { "type": "Point", "coordinates": [ -76.621849621171791, 39.29313245064322 ] } },
{ "type": "Feature", "properties": { "surname": "Thomas", "given": "segar maker", "occupation": "", "house_no": 74, "street_raw": "Orchard st", "street_matched": "ORCHARD", "side": "", "confidence": "street_proportional", "anchors_on_street": 0 }, "geometry": { "type": "Point", "coordinates": [ -76.624390733670921, 39.297019998415841 ] } },
{ "type": "Feature", "properties": { "surname": "Joseph", "given": "laborer", "occupation": "", "house_no": 136, "street_raw": "N. Strawberry al", "street_matched": "DALLAS (N)", "side": "left", "confidence": "extrapolated", "anchors_on_street": 4 }, "geometry": { "type": "Point", "coordinates": [ -76.596877470350265, 39.299290803901869 ] } },
{ "type": "Feature", "properties": { "surname": "Peter", "given": "carter", "occupation": "", "house_no": 16, "street_raw": "Star al", "street_matched": "CHAPEL", "side": "", "confidence": "street_proportional", "anchors_on_street": 0 }, "geometry": { "type": "Point", "coordinates": [ -76.59018146531912, 39.297539203218591 ] } },
{ "type": "Feature", "properties": { "surname": "John", "given": "laborer", "occupation": "", "house_no": 149, "street_raw": "Washington st", "street_matched": "WASHINGTON", "side": "", "confidence": "street_proportional", "anchors_on_street": 0 }, "geometry": { "type": "Point", "coordinates": [ -76.590164749671374, 39.308036451682533 ] } },
{ "type": "Feature", "properties": { "surname": "James", "given": "laborer", "occupation": "", "house_no": 149, "street_raw": "Washington st", "street_matched": "WASHINGTON", "side": "", "confidence": "street_proportional", "anchors_on_street": 0 }, "geometry": { "type": "Point", "coordinates": [ -76.590164749671374, 39.308036451682533 ] } },
{ "type": "Feature", "properties": { "surname": "Rock", "given": "Catharine", "occupation": "", "house_no": 58, "street_raw": "N. Front st", "street_matched": "FRONT (N)", "side": "left", "confidence": "single_anchor", "anchors_on_street": 1 }, "geometry": { "type": "Point", "coordinates": [ -76.609297052551, 39.294171046848568 ] } },
{ "type": "Feature", "properties": { "surname": "Rodney", "given": "Ste])hen", "occupation": "laborer", "house_no": 5, "street_raw": "Guilford al", "street_matched": "GUILFORD", "side": "", "confidence": "street_proportional", "anchors_on_street": 0 }, "geometry": { "type": "Point", "coordinates": [ -76.612436919613955, 39.311291073144034 ] } },
{ "type": "Feature", "properties": { "surname": "Rogers", "given": "Andrew", "occupation": "laborer", "house_no": 4, "street_raw": "Apple al", "street_matched": "BETHEL, (S)", "side": "left", "confidence": "bracketed", "anchors_on_street": 9 }, "geometry": { "type": "Point", "coordinates": [ -76.594887630268786, 39.291432155043978 ] } },
{ "type": "Feature", "properties": { "surname": "Wm.", "given": "porter", "occupation": "", "house_no": 38, "street_raw": "N. Sharp st", "street_matched": "SHARP, (S)", "side": "left", "confidence": "extrapolated", "anchors_on_street": 5 }, "geometry": { "type": "Point", "coordinates": [ -76.617515642871879, 39.280923535799914 ] } },
{ "type": "Feature", "properties": { "surname": "Darius", "given": "laborer", "occupation": "", "house_no": 182, "street_raw": "Apple al", "street_matched": "BETHEL, (S)", "side": "left", "confidence": "bracketed", "anchors_on_street": 9 }, "geometry": { "type": "Point", "coordinates": [ -76.594391267470314, 39.28451439458771 ] } },
{ "type": "Feature", "properties": { "surname": "Rogerson", "given": "Henry", "occupation": "teacher", "house_no": 368, "street_raw": "S. Charles st", "street_matched": "CHARLES (S.)", "side": "left", "confidence": "extrapolated", "anchors_on_street": 12 }, "geometry": { "type": "Point", "coordinates": [ -76.614346905499531, 39.276302962368931 ] } },
{ "type": "Feature", "properties": { "surname": "Rollins", "given": "Emeline", "occupation": "whitewasher", "house_no": 294, "street_raw": "N. Gay st", "street_matched": "GAY, (N)", "side": "left", "confidence": "single_anchor", "anchors_on_street": 9 }, "geometry": { "type": "Point", "coordinates": [ -76.601308965441916, 39.298082117436834 ] } },
{ "type": "Feature", "properties": { "surname": "Jesse", "given": "laborer", "occupation": "", "house_no": 296, "street_raw": "N. Gay st", "street_matched": "GAY, (N)", "side": "left", "confidence": "single_anchor", "anchors_on_street": 9 }, "geometry": { "type": "Point", "coordinates": [ -76.601308965441916, 39.298082117436834 ] } },
{ "type": "Feature", "properties": { "surname": "Edward", "given": "porter", "occupation": "", "house_no": 27, "street_raw": "Stirling st", "street_matched": "STIRLING", "side": "", "confidence": "street_proportional", "anchors_on_street": 0 }, "geometry": { "type": "Point", "coordinates": [ -76.602457771812325, 39.302233262331804 ] } },
{ "type": "Feature", "properties": { "surname": "Ross", "given": "Daniel", "occupation": "grain measurer", "house_no": 115, "street_raw": "Montgomery", "street_matched": "MONTGOMERY", "side": "left", "confidence": "extrapolated", "anchors_on_street": 7 }, "geometry": { "type": "Point", "coordinates": [ -76.60985412508326, 39.280059233318184 ] } },
{ "type": "Feature", "properties": { "surname": "Robert", "given": "huckster", "occupation": "", "house_no": 19, "street_raw": "President st", "street_matched": "PRESIDENT", "side": "", "confidence": "street_proportional", "anchors_on_street": 0 }, "geometry": { "type": "Point", "coordinates": [ -76.603949727954827, 39.287027504568883 ] } },
{ "type": "Feature", "properties": { "surname": "Augustus", "given": "waiter", "occupation": "", "house_no": 3, "street_raw": "Pitt st", "street_matched": "FAYETTE (E)", "side": "left", "confidence": "extrapolated", "anchors_on_street": 11 }, "geometry": { "type": "Point", "coordinates": [ -76.60651669395736, 39.290665150343948 ] } },
{ "type": "Feature", "properties": { "surname": "Wm.", "given": "laborer", "occupation": "", "house_no": 5, "street_raw": "Jew al", "street_matched": "JEW", "side": "", "confidence": "street_proportional", "anchors_on_street": 0 }, "geometry": { "type": "Point", "coordinates": [ -76.621569693688912, 39.291130236066394 ] } },
{ "type": "Feature", "properties": { "surname": "Rowles", "given": "Isaac", "occupation": "huckster", "house_no": 24, "street_raw": "Argyle al", "street_matched": "ARGYLE", "side": "", "confidence": "street_proportional", "anchors_on_street": 0 }, "geometry": { "type": "Point", "coordinates": [ -76.635211511411001, 39.302516062101255 ] } },
{ "type": "Feature", "properties": { "surname": "Rucklin", "given": "James", "occupation": "blacksmith", "house_no": 124, "street_raw": "Jasper st", "street_matched": "JASPER", "side": "", "confidence": "street_proportional", "anchors_on_street": 0 }, "geometry": { "type": "Point", "coordinates": [ -76.621758979128714, 39.291725189648133 ] } },
{ "type": "Feature", "properties": { "surname": "Rushton", "given": "Aaron", "occupation": "laborer", "house_no": 4, "street_raw": "Long al", "street_matched": "BALTIMORE, (W)", "side": "left", "confidence": "extrapolated", "anchors_on_street": 19 }, "geometry": { "type": "Point", "coordinates": [ -76.642098784558002, 39.288381273439612 ] } },
{ "type": "Feature", "properties": { "surname": "Russell", "given": "Aaron", "occupation": "laborer", "house_no": 80, "street_raw": "Long al", "street_matched": "BALTIMORE, (W)", "side": "left", "confidence": "bracketed", "anchors_on_street": 19 }, "geometry": { "type": "Point", "coordinates": [ -76.64223419485154, 39.288375360700606 ] } },
{ "type": "Feature", "properties": { "surname": "SADLER", "given": "Maria", "occupation": "washerwoman", "house_no": 81, "street_raw": "Mulberry", "street_matched": "MULBERRY", "side": "", "confidence": "street_proportional", "anchors_on_street": 0 }, "geometry": { "type": "Point", "coordinates": [ -76.648015646714896, 39.292861359682846 ] } },
{ "type": "Feature", "properties": { "surname": "Benjamin", "given": "drayman", "occupation": "", "house_no": 93, "street_raw": "Stirling st", "street_matched": "STIRLING", "side": "", "confidence": "street_proportional", "anchors_on_street": 0 }, "geometry": { "type": "Point", "coordinates": [ -76.602807543007444, 39.301185234650035 ] } },
{ "type": "Feature", "properties": { "surname": "Henry", "given": "laborer", "occupation": "", "house_no": 136, "street_raw": "Stirling st", "street_matched": "STIRLING", "side": "", "confidence": "street_proportional", "anchors_on_street": 0 }, "geometry": { "type": "Point", "coordinates": [ -76.602785106405108, 39.300476727806377 ] } },
{ "type": "Feature", "properties": { "surname": "Sampson", "given": "James", "occupation": "laborer", "house_no": 80, "street_raw": "Jasper st", "street_matched": "JASPER", "side": "", "confidence": "street_proportional", "anchors_on_street": 0 }, "geometry": { "type": "Point", "coordinates": [ -76.621887632344581, 39.293722592195579 ] } },
{ "type": "Feature", "properties": { "surname": "Jacob", "given": "stevedore", "occupation": "", "house_no": 37, "street_raw": "N. Canal st", "street_matched": "CANAL", "side": "", "confidence": "street_proportional", "anchors_on_street": 0 }, "geometry": { "type": "Point", "coordinates": [ -76.596097088452026, 39.296929155261246 ] } },
{ "type": "Feature", "properties": { "surname": "Clara", "given": "seamstress", "occupation": "", "house_no": 21, "street_raw": "N. Sharp st", "street_matched": "SHARP, (S)", "side": "left", "confidence": "extrapolated", "anchors_on_street": 5 }, "geometry": { "type": "Point", "coordinates": [ -76.617515642871879, 39.280923535799914 ] } },
{ "type": "Feature", "properties": { "surname": "Samuel", "given": "Wm", "occupation": "waiter", "house_no": 8, "street_raw": "Salisbury al", "street_matched": "SALISBURY", "side": "", "confidence": "street_proportional", "anchors_on_street": 0 }, "geometry": { "type": "Point", "coordinates": [ -76.601390475293101, 39.289931194214226 ] } },
{ "type": "Feature", "properties": { "surname": "Wm.", "given": "shoemaker", "occupation": "", "house_no": 289, "street_raw": "Forrest .st", "street_matched": "FORREST", "side": "", "confidence": "street_proportional", "anchors_on_street": 0 }, "geometry": { "type": "Point", "coordinates": [ -76.607293345176231, 39.298451204458772 ] } },
{ "type": "Feature", "properties": { "surname": "Saucer", "given": "John", "occupation": "laborer", "house_no": 175, "street_raw": "S. Caroline st", "street_matched": "CAROLINE (S.)", "side": "left", "confidence": "bracketed", "anchors_on_street": 10 }, "geometry": { "type": "Point", "coordinates": [ -76.596816564428593, 39.286312848579207 ] } },
{ "type": "Feature", "properties": { "surname": "Savoy", "given": "Samuel", "occupation": "laborer", "house_no": 212, "street_raw": "Fayette st", "street_matched": "FAYETTE (E)", "side": "left", "confidence": "bracketed", "anchors_on_street": 11 }, "geometry": { "type": "Point", "coordinates": [ -76.596972193787252, 39.293272965502602 ] } },
{ "type": "Feature", "properties": { "surname": "Basil", "given": "brickmaker", "occupation": "", "house_no": 117, "street_raw": "Montgomery st", "street_matched": "MONTGOMERY", "side": "left", "confidence": "extrapolated", "anchors_on_street": 7 }, "geometry": { "type": "Point", "coordinates": [ -76.60985412508326, 39.280059233318184 ] } },
{ "type": "Feature", "properties": { "surname": "Wm.", "given": "drayman", "occupation": "", "house_no": 85, "street_raw": "Jasper st", "street_matched": "JASPER", "side": "", "confidence": "street_proportional", "anchors_on_street": 0 }, "geometry": { "type": "Point", "coordinates": [ -76.621873012587898, 39.293495614689249 ] } },
{ "type": "Feature", "properties": { "surname": "Sawter", "given": "Charles", "occupation": "caulker", "house_no": 1, "street_raw": "S. Spring st", "street_matched": "SPRING (S.)", "side": "left", "confidence": "extrapolated", "anchors_on_street": 8 }, "geometry": { "type": "Point", "coordinates": [ -76.597884915873522, 39.290843598577688 ] } },
{ "type": "Feature", "properties": { "surname": "Scotland", "given": "Lewis", "occupation": "laborer", "house_no": 19, "street_raw": "N. Sharp st", "street_matched": "SHARP, (S)", "side": "left", "confidence": "extrapolated", "anchors_on_street": 5 }, "geometry": { "type": "Point", "coordinates": [ -76.617515642871879, 39.280923535799914 ] } },
{ "type": "Feature", "properties": { "surname": "Scott", "given": "Isaac", "occupation": "barber", "house_no": 133, "street_raw": "Camden st", "street_matched": "CAMDEN", "side": "left", "confidence": "bracketed", "anchors_on_street": 6 }, "geometry": { "type": "Point", "coordinates": [ -76.621069241347399, 39.285195873703131 ] } },
{ "type": "Feature", "properties": { "surname": "Scott", "given": "Henry", "occupation": "porter", "house_no": 72, "street_raw": "Camden st", "street_matched": "CAMDEN", "side": "left", "confidence": "bracketed", "anchors_on_street": 6 }, "geometry": { "type": "Point", "coordinates": [ -76.617715436929828, 39.285330646095922 ] } },
{ "type": "Feature", "properties": { "surname": "Timothy", "given": "sawyer", "occupation": "", "house_no": 45, "street_raw": "McElderry st", "street_matched": "MCELDERRY", "side": "", "confidence": "street_proportional", "anchors_on_street": 0 }, "geometry": { "type": "Point", "coordinates": [ -76.58171621278639, 39.297771117365656 ] } },
{ "type": "Feature", "properties": { "surname": "Andrew", "given": "shoemaker", "occupation": "", "house_no": 78, "street_raw": "N. Strawberry al", "street_matched": "DALLAS (N)", "side": "right", "confidence": "bracketed", "anchors_on_street": 4 }, "geometry": { "type": "Point", "coordinates": [ -76.59660452815865, 39.294777166629984 ] } },
{ "type": "Feature", "properties": { "surname": "Dennis", "given": "laborer", "occupation": "", "house_no": 229, "street_raw": "Apple al", "street_matched": "BETHEL, (S)", "side": "right", "confidence": "bracketed", "anchors_on_street": 9 }, "geometry": { "type": "Point", "coordinates": [ -76.594296937097681, 39.283265483738759 ] } },
{ "type": "Feature", "properties": { "surname": "Lewis", "given": "laborer", "occupation": "", "house_no": 23, "street_raw": "Wayne st", "street_matched": "WAYNE", "side": "", "confidence": "street_proportional", "anchors_on_street": 0 }, "geometry": { "type": "Point", "coordinates": [ -76.618997062406436, 39.28348170618267 ] } },
{ "type": "Feature", "properties": { "surname": "John", "given": "steward of steamboat", "occupation": "", "house_no": 51, "street_raw": "Ross st", "street_matched": "ROSS", "side": "left", "confidence": "bracketed", "anchors_on_street": 8 }, "geometry": { "type": "Point", "coordinates": [ -76.622807074128261, 39.297440052822836 ] } },
{ "type": "Feature", "properties": { "surname": "Mary", "given": "Ann", "occupation": "washerwoman", "house_no": 147, "street_raw": "S. Howard", "street_matched": "HOWARD (N)", "side": "left", "confidence": "single_anchor", "anchors_on_street": 2 }, "geometry": { "type": "Point", "coordinates": [ -76.619458177682532, 39.289354713598044 ] } },
{ "type": "Feature", "properties": { "surname": "Lewis", "given": "whitewasher", "occupation": "", "house_no": 36, "street_raw": "N. Sharp st", "street_matched": "SHARP, (S)", "side": "left", "confidence": "extrapolated", "anchors_on_street": 5 }, "geometry": { "type": "Point", "coordinates": [ -76.617515642871879, 39.280923535799914 ] } },
{ "type": "Feature", "properties": { "surname": "Rezin", "given": "laborer", "occupation": "", "house_no": 18, "street_raw": "Short al", "street_matched": "SHORT", "side": "", "confidence": "street_proportional", "anchors_on_street": 0 }, "geometry": { "type": "Point", "coordinates": [ -76.598078925011478, 39.295868680274182 ] } },
{ "type": "Feature", "properties": { "surname": "Horace", "given": "sawyer", "occupation": "", "house_no": 40, "street_raw": "Short al", "street_matched": "SHORT", "side": "", "confidence": "street_proportional", "anchors_on_street": 0 }, "geometry": { "type": "Point", "coordinates": [ -76.598959787180618, 39.295831486774894 ] } },
{ "type": "Feature", "properties": { "surname": "Robert", "given": "rope maker", "occupation": "", "house_no": 25, "street_raw": "Biddle al", "street_matched": "BIDDLE, (W)", "side": "right", "confidence": "bracketed", "anchors_on_street": 11 }, "geometry": { "type": "Point", "coordinates": [ -76.61913350196717, 39.302662359223575 ] } },
{ "type": "Feature", "properties": { "surname": "George", "given": "rope maker", "occupation": "", "house_no": 13, "street_raw": "Cross st", "street_matched": "CROSS", "side": "", "confidence": "street_proportional", "anchors_on_street": 0 }, "geometry": { "type": "Point", "coordinates": [ -76.605081175897681, 39.277812380139615 ] } },
{ "type": "Feature", "properties": { "surname": "Wm.", "given": "sawyer", "occupation": "", "house_no": 59, "street_raw": "Davis st", "street_matched": "DAVIS", "side": "", "confidence": "street_proportional", "anchors_on_street": 0 }, "geometry": { "type": "Point", "coordinates": [ -76.612023508257138, 39.292570925450129 ] } },
{ "type": "Feature", "properties": { "surname": "George", "given": "laborer", "occupation": "", "house_no": 216, "street_raw": "Happy al", "street_matched": "DURHAM (S)", "side": "left", "confidence": "bracketed", "anchors_on_street": 9 }, "geometry": { "type": "Point", "coordinates": [ -76.590691035969797, 39.285444556363913 ] } },
{ "type": "Feature", "properties": { "surname": "Jane", "given": "midwife", "occupation": "", "house_no": 7, "street_raw": "Scott st", "street_matched": "SCOTT", "side": "", "confidence": "street_proportional", "anchors_on_street": 0 }, "geometry": { "type": "Point", "coordinates": [ -76.629068920478304, 39.286971971118341 ] } },
{ "type": "Feature", "properties": { "surname": "Henry", "given": "laborer", "occupation": "", "house_no": 7, "street_raw": "Scott st", "street_matched": "SCOTT", "side": "", "confidence": "street_proportional", "anchors_on_street": 0 }, "geometry": { "type": "Point", "coordinates": [ -76.629068920478304, 39.286971971118341 ] } },
{ "type": "Feature", "properties": { "surname": "Sears", "given": "Wm", "occupation": "laborer", "house_no": 77, "street_raw": "Forrest st", "street_matched": "FORREST", "side": "", "confidence": "street_proportional", "anchors_on_street": 0 }, "geometry": { "type": "Point", "coordinates": [ -76.607853654657134, 39.300559119404134 ] } },
{ "type": "Feature", "properties": { "surname": "Mary", "given": "111 Perry st. K", "occupation": "washerwoman", "house_no": 40, "street_raw": "Orchard st", "street_matched": "ORCHARD", "side": "", "confidence": "street_proportional", "anchors_on_street": 0 }, "geometry": { "type": "Point", "coordinates": [ -76.621957979003483, 39.299021660628171 ] } },
{ "type": "Feature", "properties": { "surname": "Selby", "given": "Joshua", "occupation": "sawyer", "house_no": 47, "street_raw": "Guilford al", "street_matched": "GUILFORD", "side": "", "confidence": "street_proportional", "anchors_on_street": 0 }, "geometry": { "type": "Point", "coordinates": [ -76.611033514934874, 39.290677286901136 ] } },
{ "type": "Feature", "properties": { "surname": "Sellman", "given": "Elizabeth", "occupation": "cakeshop", "house_no": 59, "street_raw": "Mulberry st", "street_matched": "MULBERRY", "side": "", "confidence": "street_proportional", "anchors_on_street": 0 }, "geometry": { "type": "Point", "coordinates": [ -76.650489230770617, 39.292779148895391 ] } },
{ "type": "Feature", "properties": { "surname": "Wm.", "given": "porter", "occupation": "", "house_no": 184, "street_raw": "S. Howard st", "street_matched": "HOWARD (N)", "side": "left", "confidence": "single_anchor", "anchors_on_street": 2 }, "geometry": { "type": "Point", "coordinates": [ -76.619458177682532, 39.289354713598044 ] } },
{ "type": "Feature", "properties": { "surname": "Sharp", "given": "Sylvia", "occupation": "washerwoman", "house_no": 207, "street_raw": "Forrest st", "street_matched": "FORREST", "side": "", "confidence": "street_proportional", "anchors_on_street": 0 }, "geometry": { "type": "Point", "coordinates": [ -76.607510077305818, 39.299266528511893 ] } },
{ "type": "Feature", "properties": { "surname": "Henry", "given": "caulker", "occupation": "", "house_no": 192, "street_raw": "S. Strawberry al", "street_matched": "DALLAS (S)", "side": "left", "confidence": "bracketed", "anchors_on_street": 9 }, "geometry": { "type": "Point", "coordinates": [ -76.596034960855732, 39.2853583111335 ] } },
{ "type": "Feature", "properties": { "surname": "James", "given": "laborer", "occupation": "", "house_no": 4, "street_raw": "Apple al", "street_matched": "BETHEL, (S)", "side": "left", "confidence": "bracketed", "anchors_on_street": 9 }, "geometry": { "type": "Point", "coordinates": [ -76.594887630268786, 39.291432155043978 ] } },
{ "type": "Feature", "properties": { "surname": "Sidney", "given": "washerwoman", "occupation": "", "house_no": 33, "street_raw": "Jefferson st", "street_matched": "JEFFERSON", "side": "", "confidence": "street_proportional", "anchors_on_street": 0 }, "geometry": { "type": "Point", "coordinates": [ -76.575508828715073, 39.296994891404452 ] } },
{ "type": "Feature", "properties": { "surname": "Mary", "given": "washerwoman", "occupation": "", "house_no": 31, "street_raw": "Haw st", "street_matched": "HAW", "side": "", "confidence": "street_proportional", "anchors_on_street": 0 }, "geometry": { "type": "Point", "coordinates": [ -76.626504232138672, 39.284672054721341 ] } },
{ "type": "Feature", "properties": { "surname": "James", "given": "stevedore", "occupation": "", "house_no": 151, "street_raw": "Happy al", "street_matched": "DURHAM (S)", "side": "left", "confidence": "bracketed", "anchors_on_street": 9 }, "geometry": { "type": "Point", "coordinates": [ -76.590848405959164, 39.287758521428373 ] } },
{ "type": "Feature", "properties": { "surname": "Sheaf", "given": "Perry", "occupation": "grain measurer", "house_no": 14, "street_raw": "Short st", "street_matched": "SHORT", "side": "", "confidence": "street_proportional", "anchors_on_street": 0 }, "geometry": { "type": "Point", "coordinates": [ -76.597918768162742, 39.295875442140847 ] } },
{ "type": "Feature", "properties": { "surname": "Joseph", "given": "grain measurer", "occupation": "", "house_no": 26, "street_raw": "Short st", "street_matched": "SHORT", "side": "", "confidence": "street_proportional", "anchors_on_street": 0 }, "geometry": { "type": "Point", "coordinates": [ -76.598399238629867, 39.295855156064547 ] } },
{ "type": "Feature", "properties": { "surname": "Shepperd", "given": "Eliza", "occupation": "washerwoman", "house_no": 81, "street_raw": "Hill st", "street_matched": "HILL", "side": "left", "confidence": "bracketed", "anchors_on_street": 5 }, "geometry": { "type": "Point", "coordinates": [ -76.61618755992734, 39.280961223046624 ] } },
{ "type": "Feature", "properties": { "surname": "John", "given": "drayman", "occupation": "55 Chesnut al. 1 Sheridan Julia", "house_no": 46, "street_raw": "Forrest st", "street_matched": "FORREST", "side": "", "confidence": "street_proportional", "anchors_on_street": 0 }, "geometry": { "type": "Point", "coordinates": [ -76.607934880349447, 39.30086746519688 ] } },
{ "type": "Feature", "properties": { "surname": "Benjamin", "given": "chair maker", "occupation": "", "house_no": 50, "street_raw": "Forrest st", "street_matched": "FORREST", "side": "", "confidence": "street_proportional", "anchors_on_street": 0 }, "geometry": { "type": "Point", "coordinates": [ -76.607924399575282, 39.30082767864775 ] } },
{ "type": "Feature", "properties": { "surname": "Shipley", "given": "Ann", "occupation": "washerwoman", "house_no": 81, "street_raw": "Perry st", "street_matched": "PERRY", "side": "", "confidence": "street_proportional", "anchors_on_street": 0 }, "geometry": { "type": "Point", "coordinates": [ -76.61917436079456, 39.284761792719223 ] } },
{ "type": "Feature", "properties": { "surname": "John", "given": "laborer", "occupation": "", "house_no": 61, "street_raw": "Biddle al", "street_matched": "BIDDLE, (W)", "side": "right", "confidence": "bracketed", "anchors_on_street": 11 }, "geometry": { "type": "Point", "coordinates": [ -76.620059956608785, 39.301886618327849 ] } },
{ "type": "Feature", "properties": { "surname": "Sarah", "given": "washerwoman", "occupation": "", "house_no": 26, "street_raw": "Forrest st", "street_matched": "FORREST", "side": "", "confidence": "street_proportional", "anchors_on_street": 0 }, "geometry": { "type": "Point", "coordinates": [ -76.607987284396714, 39.301066397921396 ] } },
{ "type": "Feature", "properties": { "surname": "Simms", "given": "Ellen", "occupation": "", "house_no": 31, "street_raw": "Biddle al", "street_matched": "BIDDLE, (W)", "side": "right", "confidence": "bracketed", "anchors_on_street": 11 }, "geometry": { "type": "Point", "coordinates": [ -76.619287911513467, 39.302533068896359 ] } },
{ "type": "Feature", "properties": { "surname": "Henry", "given": "porter", "occupation": "", "house_no": 32, "street_raw": "Park st", "street_matched": "PARK", "side": "left", "confidence": "bracketed", "anchors_on_street": 9 }, "geometry": { "type": "Point", "coordinates": [ -76.618046739456574, 39.291578074911314 ] } },
{ "type": "Feature", "properties": { "surname": "Simpson", "given": "Agnes", "occupation": "cake shop", "house_no": 112, "street_raw": "Camden st", "street_matched": "CAMDEN", "side": "left", "confidence": "bracketed", "anchors_on_street": 6 }, "geometry": { "type": "Point", "coordinates": [ -76.619883423347702, 39.285243526315611 ] } },
{ "type": "Feature", "properties": { "surname": "Henry", "given": "drayman", "occupation": "195 Wolf st. ^^ James, laborer", "house_no": 141, "street_raw": "Washington st.-", "street_matched": "WASHINGTON", "side": "", "confidence": "street_proportional", "anchors_on_street": 0 }, "geometry": { "type": "Point", "coordinates": [ -76.590433000336574, 39.312333999716742 ] } },
{ "type": "Feature", "properties": { "surname": "Wm.", "given": "laborer", "occupation": "", "house_no": 30, "street_raw": "Star al", "street_matched": "CHAPEL", "side": "", "confidence": "street_proportional", "anchors_on_street": 0 }, "geometry": { "type": "Point", "coordinates": [ -76.59018146531912, 39.297539203218591 ] } },
{ "type": "Feature", "properties": { "surname": "Skinner", "given": "John", "occupation": "drayman", "house_no": 19, "street_raw": "Welcome al", "street_matched": "WELCOME", "side": "", "confidence": "street_proportional", "anchors_on_street": 0 }, "geometry": { "type": "Point", "coordinates": [ -76.614869658634362, 39.282679204772116 ] } },
{ "type": "Feature", "properties": { "surname": "Wm.", "given": "seaman", "occupation": "", "house_no": 13, "street_raw": "Comb al", "street_matched": "COMB", "side": "", "confidence": "street_proportional", "anchors_on_street": 0 }, "geometry": { "type": "Point", "coordinates": [ -76.616275167618809, 39.281239479460623 ] } },
{ "type": "Feature", "properties": { "surname": "Benson", "given": "laborer", "occupation": "", "house_no": 44, "street_raw": "S. Strawberry al", "street_matched": "DALLAS (S)", "side": "left", "confidence": "bracketed", "anchors_on_street": 9 }, "geometry": { "type": "Point", "coordinates": [ -76.596332351817622, 39.290276211179702 ] } },
{ "type": "Feature", "properties": { "surname": "Thomas", "given": "brickmaker", "occupation": "", "house_no": 145, "street_raw": "Happy al", "street_matched": "DURHAM (S)", "side": "left", "confidence": "bracketed", "anchors_on_street": 9 }, "geometry": { "type": "Point", "coordinates": [ -76.590855518455157, 39.287876734059161 ] } },
{ "type": "Feature", "properties": { "surname": "Slater", "given": "John", "occupation": "ship carpenter", "house_no": 125, "street_raw": "Montgomery st", "street_matched": "MONTGOMERY", "side": "left", "confidence": "extrapolated", "anchors_on_street": 7 }, "geometry": { "type": "Point", "coordinates": [ -76.60985412508326, 39.280059233318184 ] } },
{ "type": "Feature", "properties": { "surname": "Robert", "given": "ship carpenter", "occupation": "", "house_no": 127, "street_raw": "Montgomery st", "street_matched": "MONTGOMERY", "side": "left", "confidence": "extrapolated", "anchors_on_street": 7 }, "geometry": { "type": "Point", "coordinates": [ -76.60985412508326, 39.280059233318184 ] } },
{ "type": "Feature", "properties": { "surname": "Small", "given": "George", "occupation": "hackman, 125 Low st. -« John, carter", "house_no": 45, "street_raw": "Pleasant st", "street_matched": "PLEASANT", "side": "left", "confidence": "single_anchor", "anchors_on_street": 1 }, "geometry": { "type": "Point", "coordinates": [ -76.615412575632334, 39.293460026263617 ] } },
{ "type": "Feature", "properties": { "surname": "Ellen", "given": "washerwoman", "occupation": "", "house_no": 221, "street_raw": "Conway st", "street_matched": "CONWAY", "side": "", "confidence": "street_proportional", "anchors_on_street": 0 }, "geometry": { "type": "Point", "coordinates": [ -76.619057552500308, 39.28398206903146 ] } },
{ "type": "Feature", "properties": { "surname": "Smallvvood", "given": "David", "occupation": "drayman", "house_no": 28, "street_raw": "Biddle al", "street_matched": "BIDDLE, (W)", "side": "right", "confidence": "bracketed", "anchors_on_street": 11 }, "geometry": { "type": "Point", "coordinates": [ -76.619210706810691, 39.302597714085977 ] } },
{ "type": "Feature", "properties": { "surname": "Mary", "given": "washerwoman", "occupation": "", "house_no": 165, "street_raw": "Fleet st", "street_matched": "CANTON AV", "side": "left", "confidence": "bracketed", "anchors_on_street": 16 }, "geometry": { "type": "Point", "coordinates": [ -76.598323561870998, 39.284330675660243 ] } },
{ "type": "Feature", "properties": { "surname": "Casmer", "given": "caulker", "occupation": "", "house_no": 179, "street_raw": "Happy al", "street_matched": "DURHAM (S)", "side": "left", "confidence": "bracketed", "anchors_on_street": 9 }, "geometry": { "type": "Point", "coordinates": [ -76.590785157099631, 39.286758858573485 ] } },
{ "type": "Feature", "properties": { "surname": "John", "given": "boot blacker", "occupation": "", "house_no": 13, "street_raw": "Marion st", "street_matched": "MARION", "side": "", "confidence": "street_proportional", "anchors_on_street": 0 }, "geometry": { "type": "Point", "coordinates": [ -76.619359742742233, 39.290964674713706 ] } },
{ "type": "Feature", "properties": { "surname": "Samuel", "given": "cooper", "occupation": "", "house_no": 30, "street_raw": "Park st", "street_matched": "PARK", "side": "left", "confidence": "bracketed", "anchors_on_street": 9 }, "geometry": { "type": "Point", "coordinates": [ -76.618039411739275, 39.291458730172309 ] } },
{ "type": "Feature", "properties": { "surname": "Nancy", "given": "washerwoman", "occupation": "", "house_no": 104, "street_raw": "Jasper st", "street_matched": "JASPER", "side": "", "confidence": "street_proportional", "anchors_on_street": 0 }, "geometry": { "type": "Point", "coordinates": [ -76.621817458024367, 39.292633100021185 ] } },
{ "type": "Feature", "properties": { "surname": "Wm. H.", "given": "porter", "occupation": "", "house_no": 112, "street_raw": "Jasper st", "street_matched": "JASPER", "side": "", "confidence": "street_proportional", "anchors_on_street": 0 }, "geometry": { "type": "Point", "coordinates": [ -76.621794066332711, 39.292269935903207 ] } },
{ "type": "Feature", "properties": { "surname": "Peter", "given": "M", "occupation": "porter", "house_no": 51, "street_raw": "Conway st", "street_matched": "CONWAY", "side": "", "confidence": "street_proportional", "anchors_on_street": 0 }, "geometry": { "type": "Point", "coordinates": [ -76.613241635733786, 39.284260636884348 ] } },
{ "type": "Feature", "properties": { "surname": "Ann", "given": "huckster", "occupation": "122 S. Eutaw st., laborer", "house_no": 105, "street_raw": "Happy al", "street_matched": "DURHAM (S)", "side": "left", "confidence": "bracketed", "anchors_on_street": 9 }, "geometry": { "type": "Point", "coordinates": [ -76.590902935700925, 39.288664818147076 ] } },
{ "type": "Feature", "properties": { "surname": "Peter", "given": "laborer", "occupation": "", "house_no": 143, "street_raw": "Happy al", "street_matched": "DURHAM (S)", "side": "left", "confidence": "bracketed", "anchors_on_street": 9 }, "geometry": { "type": "Point", "coordinates": [ -76.590857889292437, 39.287916138268393 ] } },
{ "type": "Feature", "properties": { "surname": "James", "given": "laborer", "occupation": "", "house_no": 144, "street_raw": "Happy al", "street_matched": "DURHAM (S)", "side": "left", "confidence": "bracketed", "anchors_on_street": 9 }, "geometry": { "type": "Point", "coordinates": [ -76.59085670387347, 39.287896436163848 ] } },
{ "type": "Feature", "properties": { "surname": "Ann", "given": "washerwoman", "occupation": "", "house_no": 24, "street_raw": "Short st", "street_matched": "SHORT", "side": "", "confidence": "street_proportional", "anchors_on_street": 0 }, "geometry": { "type": "Point", "coordinates": [ -76.598319160234936, 39.295858537173302 ] } },
{ "type": "Feature", "properties": { "surname": "Solomon", "given": "laborer", "occupation": "", "house_no": 40, "street_raw": "Low st", "street_matched": "LOW", "side": "", "confidence": "street_proportional", "anchors_on_street": 0 }, "geometry": { "type": "Point", "coordinates": [ -76.603213527597831, 39.295578948812789 ] } },
{ "type": "Feature", "properties": { "surname": "Jacob", "given": "laborer", "occupation": "", "house_no": 150, "street_raw": "Low st", "street_matched": "LOW", "side": "", "confidence": "street_proportional", "anchors_on_street": 0 }, "geometry": { "type": "Point", "coordinates": [ -76.607307229206654, 39.292409315618286 ] } },
{ "type": "Feature", "properties": { "surname": "Thomas", "given": "drayman", "occupation": "", "house_no": 155, "street_raw": "Low st", "street_matched": "LOW", "side": "", "confidence": "street_proportional", "anchors_on_street": 0 }, "geometry": { "type": "Point", "coordinates": [ -76.607493303929672, 39.292265242654651 ] } },
{ "type": "Feature", "properties": { "surname": "Jonathan", "given": "caulker", "occupation": "", "house_no": 97, "street_raw": "York st", "street_matched": "YORK", "side": "", "confidence": "street_proportional", "anchors_on_street": 0 }, "geometry": { "type": "Point", "coordinates": [ -76.610707873885218, 39.281501604197338 ] } },
{ "type": "Feature", "properties": { "surname": "Alexander", "given": "brickmaker", "occupation": "", "house_no": 72, "street_raw": "Hughes st", "street_matched": "HUGHES", "side": "", "confidence": "street_proportional", "anchors_on_street": 0 }, "geometry": { "type": "Point", "coordinates": [ -76.609194854987877, 39.280732121122959 ] } },
{ "type": "Feature", "properties": { "surname": "John", "given": "brickmaker", "occupation": "", "house_no": 26, "street_raw": "Guilford al", "street_matched": "GUILFORD", "side": "", "confidence": "street_proportional", "anchors_on_street": 0 }, "geometry": { "type": "Point", "coordinates": [ -76.61172911143106, 39.300984481069584 ] } },
{ "type": "Feature", "properties": { "surname": "Sarah", "given": "washerwoman", "occupation": "", "house_no": 56, "street_raw": "Biddle al", "street_matched": "BIDDLE, (W)", "side": "right", "confidence": "bracketed", "anchors_on_street": 11 }, "geometry": { "type": "Point", "coordinates": [ -76.619931282155676, 39.301994359550697 ] } },
{ "type": "Feature", "properties": { "surname": "Joshua", "given": "whitewasher", "occupation": "", "house_no": 5, "street_raw": "Jew al", "street_matched": "JEW", "side": "", "confidence": "street_proportional", "anchors_on_street": 0 }, "geometry": { "type": "Point", "coordinates": [ -76.621569693688912, 39.291130236066394 ] } },
{ "type": "Feature", "properties": { "surname": "Benjamin", "given": "laborer", "occupation": "", "house_no": 51, "street_raw": "Dover st", "street_matched": "DOVER", "side": "", "confidence": "street_proportional", "anchors_on_street": 0 }, "geometry": { "type": "Point", "coordinates": [ -76.620574867705699, 39.285900251543239 ] } },
{ "type": "Feature", "properties": { "surname": "James", "given": "laborer", "occupation": "", "house_no": 61, "street_raw": "Dover st", "street_matched": "DOVER", "side": "", "confidence": "street_proportional", "anchors_on_street": 0 }, "geometry": { "type": "Point", "coordinates": [ -76.62160091489892, 39.285862554995447 ] } },
{ "type": "Feature", "properties": { "surname": "Samuel", "given": "laborer", "occupation": "", "house_no": 100, "street_raw": "Hughes st", "street_matched": "HUGHES", "side": "", "confidence": "street_proportional", "anchors_on_street": 0 }, "geometry": { "type": "Point", "coordinates": [ -76.610633820111545, 39.280689699365567 ] } },
{ "type": "Feature", "properties": { "surname": "Henry", "given": "drayman", "occupation": "", "house_no": 23, "street_raw": "Welcome al", "street_matched": "WELCOME", "side": "", "confidence": "street_proportional", "anchors_on_street": 0 }, "geometry": { "type": "Point", "coordinates": [ -76.615359870220985, 39.282661660546722 ] } },
{ "type": "Feature", "properties": { "surname": "AVashington", "given": "carter", "occupation": "", "house_no": 1, "street_raw": "Hargrove alley", "street_matched": "HARGROVE", "side": "", "confidence": "street_proportional", "anchors_on_street": 0 }, "geometry": { "type": "Point", "coordinates": [ -76.614004034387207, 39.305585377405386 ] } },
{ "type": "Feature", "properties": { "surname": "Darkey", "given": "washerwoman", "occupation": "", "house_no": 99, "street_raw": "Salisbury al", "street_matched": "SALISBURY", "side": "", "confidence": "street_proportional", "anchors_on_street": 0 }, "geometry": { "type": "Point", "coordinates": [ -76.603075323569598, 39.289396770448349 ] } },
{ "type": "Feature", "properties": { "surname": "John", "given": "hackman", "occupation": "", "house_no": 132, "street_raw": "St. Paul st", "street_matched": "PAUL", "side": "", "confidence": "street_proportional", "anchors_on_street": 0 }, "geometry": { "type": "Point", "coordinates": [ -76.613808399983455, 39.296322196014167 ] } },
{ "type": "Feature", "properties": { "surname": "Charles", "given": "drayman", "occupation": "", "house_no": 12, "street_raw": "Forrest st", "street_matched": "FORREST", "side": "", "confidence": "street_proportional", "anchors_on_street": 0 }, "geometry": { "type": "Point", "coordinates": [ -76.608023967404705, 39.301205650807518 ] } },
{ "type": "Feature", "properties": { "surname": "Nathan", "given": "drayman", "occupation": "", "house_no": 27, "street_raw": "Short st", "street_matched": "SHORT", "side": "", "confidence": "street_proportional", "anchors_on_street": 0 }, "geometry": { "type": "Point", "coordinates": [ -76.598439277824468, 39.295853465489699 ] } },
{ "type": "Feature", "properties": { "surname": "Charles", "given": "baker", "occupation": "", "house_no": 170, "street_raw": "N. Canal st", "street_matched": "CANAL", "side": "", "confidence": "street_proportional", "anchors_on_street": 0 }, "geometry": { "type": "Point", "coordinates": [ -76.595224990615776, 39.296959107273864 ] } },
{ "type": "Feature", "properties": { "surname": "Adam", "given": "scowman", "occupation": "", "house_no": 4, "street_raw": "S. Eden st", "street_matched": "EDEN (S)", "side": "left", "confidence": "single_anchor", "anchors_on_street": 3 }, "geometry": { "type": "Point", "coordinates": [ -76.598675762548382, 39.291379042428993 ] } },
{ "type": "Feature", "properties": { "surname": "Francis", "given": "huckster", "occupation": "", "house_no": 1, "street_raw": "Granby st", "street_matched": "GRANBY", "side": "", "confidence": "street_proportional", "anchors_on_street": 0 }, "geometry": { "type": "Point", "coordinates": [ -76.604774265859433, 39.287488414119032 ] } },
{ "type": "Feature", "properties": { "surname": "Jane", "given": "washerwoman", "occupation": "", "house_no": 69, "street_raw": "S. Spring st", "street_matched": "SPRING (S.)", "side": "left", "confidence": "bracketed", "anchors_on_street": 8 }, "geometry": { "type": "Point", "coordinates": [ -76.597753513623204, 39.288764974943028 ] } },
{ "type": "Feature", "properties": { "surname": "Shadrach", "given": "laborer", "occupation": "", "house_no": 77, "street_raw": "S. Spring st", "street_matched": "SPRING (S.)", "side": "left", "confidence": "bracketed", "anchors_on_street": 8 }, "geometry": { "type": "Point", "coordinates": [ -76.597741669028494, 39.288577607259832 ] } },
{ "type": "Feature", "properties": { "surname": "John", "given": "laborer", "occupation": "", "house_no": 53, "street_raw": "S. Strawberry al", "street_matched": "DALLAS (S)", "side": "left", "confidence": "bracketed", "anchors_on_street": 9 }, "geometry": { "type": "Point", "coordinates": [ -76.596314050856606, 39.289973571186067 ] } },
{ "type": "Feature", "properties": { "surname": "Margaret", "given": "washer", "occupation": "186 S. Strawberry al. ■ Joicy, washerwoman", "house_no": 244, "street_raw": "S. Strawberry al", "street_matched": "DALLAS (S)", "side": "left", "confidence": "bracketed", "anchors_on_street": 9 }, "geometry": { "type": "Point", "coordinates": [ -76.595941151442545, 39.283806985837444 ] } },
{ "type": "Feature", "properties": { "surname": "Henry", "given": "stevedore", "occupation": "", "house_no": 144, "street_raw": "Apple al", "street_matched": "BETHEL, (S)", "side": "left", "confidence": "bracketed", "anchors_on_street": 9 }, "geometry": { "type": "Point", "coordinates": [ -76.594499988201036, 39.286043513283424 ] } },
{ "type": "Feature", "properties": { "surname": "Henry", "given": "laborer", "occupation": "", "house_no": 153, "street_raw": "Apple al", "street_matched": "BETHEL, (S)", "side": "left", "confidence": "bracketed", "anchors_on_street": 9 }, "geometry": { "type": "Point", "coordinates": [ -76.594471457373203, 39.285714792318657 ] } },
{ "type": "Feature", "properties": { "surname": "Maria", "given": "washerwoman", "occupation": "", "house_no": 51, "street_raw": "Davis st", "street_matched": "DAVIS", "side": "", "confidence": "street_proportional", "anchors_on_street": 0 }, "geometry": { "type": "Point", "coordinates": [ -76.611994973238893, 39.292120895830351 ] } },
{ "type": "Feature", "properties": { "surname": "Samuel", "given": "cooper", "occupation": "", "house_no": 38, "street_raw": "Park st", "street_matched": "PARK", "side": "left", "confidence": "bracketed", "anchors_on_street": 9 }, "geometry": { "type": "Point", "coordinates": [ -76.618063852577293, 39.291856792371149 ] } },
{ "type": "Feature", "properties": { "surname": "Ephraim", "given": "laborer", "occupation": "", "house_no": 49, "street_raw": "Boyd st", "street_matched": "BOYD", "side": "", "confidence": "street_proportional", "anchors_on_street": 0 }, "geometry": { "type": "Point", "coordinates": [ -76.631639966175001, 39.287314235911836 ] } },
{ "type": "Feature", "properties": { "surname": "Sneeds", "given": "AVm", "occupation": "laborer", "house_no": 39, "street_raw": "Perry st", "street_matched": "PERRY", "side": "", "confidence": "street_proportional", "anchors_on_street": 0 }, "geometry": { "type": "Point", "coordinates": [ -76.615573412940606, 39.284908222632851 ] } },
{ "type": "Feature", "properties": { "surname": "Snowden", "given": "Ephraim", "occupation": "drayman, 63 Chesnut al. I Snowden Rezin, laborer, 29 Chesnut al. I John, drayman", "house_no": 82, "street_raw": "Jasper st", "street_matched": "JASPER", "side": "", "confidence": "street_proportional", "anchors_on_street": 0 }, "geometry": { "type": "Point", "coordinates": [ -76.621881784430684, 39.293631801195112 ] } },
{ "type": "Feature", "properties": { "surname": "AVra.", "given": "laborer", "occupation": "", "house_no": 38, "street_raw": "Forrest st", "street_matched": "FORREST", "side": "", "confidence": "street_proportional", "anchors_on_street": 0 }, "geometry": { "type": "Point", "coordinates": [ -76.607955841933077, 39.300947038290929 ] } },
{ "type": "Feature", "properties": { "surname": "James", "given": "laborer", "occupation": "", "house_no": 20, "street_raw": "Tyson al", "street_matched": "TYSON", "side": "", "confidence": "street_proportional", "anchors_on_street": 0 }, "geometry": { "type": "Point", "coordinates": [ -76.619361977856414, 39.300297666210973 ] } },
{ "type": "Feature", "properties": { "surname": "Diana", "given": "washerwoman", "occupation": "", "house_no": 218, "street_raw": "Saratoga st", "street_matched": "SARATOGA", "side": "left", "confidence": "bracketed", "anchors_on_street": 16 }, "geometry": { "type": "Point", "coordinates": [ -76.624695002965012, 39.292790261231595 ] } },
{ "type": "Feature", "properties": { "surname": "Somerville", "given": "Samuel", "occupation": "stevedore", "house_no": 90, "street_raw": "S. Spring st", "street_matched": "SPRING (S.)", "side": "left", "confidence": "bracketed", "anchors_on_street": 8 }, "geometry": { "type": "Point", "coordinates": [ -76.597722421255682, 39.288273134766634 ] } },
{ "type": "Feature", "properties": { "surname": "Anthony", "given": "rope maker", "occupation": "", "house_no": 242, "street_raw": "Happy al", "street_matched": "DURHAM (S)", "side": "right", "confidence": "bracketed", "anchors_on_street": 9 }, "geometry": { "type": "Point", "coordinates": [ -76.590632658456514, 39.284710155574231 ] } },
{ "type": "Feature", "properties": { "surname": "Sorrel", "given": "Walter", "occupation": "mariner", "house_no": 22, "street_raw": "Welcome al", "street_matched": "WELCOME", "side": "", "confidence": "street_proportional", "anchors_on_street": 0 }, "geometry": { "type": "Point", "coordinates": [ -76.615237317347052, 39.282666046794866 ] } },
{ "type": "Feature", "properties": { "surname": "Charles", "given": "laborer", "occupation": "", "house_no": 59, "street_raw": "S. Strawberry al", "street_matched": "DALLAS (S)", "side": "left", "confidence": "bracketed", "anchors_on_street": 9 }, "geometry": { "type": "Point", "coordinates": [ -76.596301850085354, 39.289771811181467 ] } },
{ "type": "Feature", "properties": { "surname": "Deborah", "given": "washerwoman", "occupation": "", "house_no": 57, "street_raw": "N. Sharp st", "street_matched": "SHARP, (S)", "side": "left", "confidence": "extrapolated", "anchors_on_street": 5 }, "geometry": { "type": "Point", "coordinates": [ -76.617515642871879, 39.280923535799914 ] } },
{ "type": "Feature", "properties": { "surname": "James", "given": "laborer", "occupation": "", "house_no": 15, "street_raw": "N. Sharp st", "street_matched": "SHARP, (S)", "side": "left", "confidence": "extrapolated", "anchors_on_street": 5 }, "geometry": { "type": "Point", "coordinates": [ -76.617515642871879, 39.280923535799914 ] } },
{ "type": "Feature", "properties": { "surname": "Nancy", "given": "washerwoman", "occupation": "", "house_no": 60, "street_raw": "N. Sharp st", "street_matched": "SHARP, (S)", "side": "left", "confidence": "extrapolated", "anchors_on_street": 5 }, "geometry": { "type": "Point", "coordinates": [ -76.617515642871879, 39.280923535799914 ] } },
{ "type": "Feature", "properties": { "surname": "Spence", "given": "Isaac", "occupation": "brickmaker", "house_no": 1, "street_raw": "Johnson st", "street_matched": "JOHNSON", "side": "", "confidence": "street_proportional", "anchors_on_street": 0 }, "geometry": { "type": "Point", "coordinates": [ -76.609426234564992, 39.27174816508402 ] } },
{ "type": "Feature", "properties": { "surname": "Spry", "given": "Henrietta", "occupation": "washerwoman", "house_no": 78, "street_raw": "Harford av", "street_matched": "HARFORD", "side": "", "confidence": "street_proportional", "anchors_on_street": 0 }, "geometry": { "type": "Point", "coordinates": [ -76.602308831385201, 39.303523700602867 ] } },
{ "type": "Feature", "properties": { "surname": "Stanley", "given": "AA^m", "occupation": "seaman", "house_no": 61, "street_raw": "Forrest st", "street_matched": "FORREST", "side": "", "confidence": "street_proportional", "anchors_on_street": 0 }, "geometry": { "type": "Point", "coordinates": [ -76.607895577506923, 39.300718265630366 ] } },
{ "type": "Feature", "properties": { "surname": "Stewart", "given": "laborer", "occupation": "12 Chesnut al. i Washington, ship scraper, 163 Happy al. j Stansbury Jacob, blacksmith, 136 Hill st. I Robert, brickmaker, 57 AA'ayne st. I Sidney, 41 Carpenters al. \\ George, brick moulder, 21 Conway st. t Sterrett Elijah, brickmaker, 55 Perry st < Steth AA\"m., steamboat hand, 64 East st. 5 Stevens Priscilla, washerwoman, 46 Hill st. ^ Esther, washerwoman", "house_no": 18, "street_raw": "Guilford al", "street_matched": "GUILFORD", "side": "", "confidence": "street_proportional", "anchors_on_street": 0 }, "geometry": { "type": "Point", "coordinates": [ -76.611994100018322, 39.304911023923303 ] } },
{ "type": "Feature", "properties": { "surname": "Perry", "given": "drayman", "occupation": "", "house_no": 62, "street_raw": "S. Spring st", "street_matched": "SPRING (S.)", "side": "left", "confidence": "bracketed", "anchors_on_street": 8 }, "geometry": { "type": "Point", "coordinates": [ -76.597763877402727, 39.288928921667384 ] } },
{ "type": "Feature", "properties": { "surname": "Jacob", "given": "stevedore", "occupation": "", "house_no": 155, "street_raw": "Happy al", "street_matched": "DURHAM (S)", "side": "left", "confidence": "bracketed", "anchors_on_street": 9 }, "geometry": { "type": "Point", "coordinates": [ -76.590840336311047, 39.28762993437131 ] } },
{ "type": "Feature", "properties": { "surname": "AA'", "given": "m", "occupation": "hackman", "house_no": 295, "street_raw": "N. Gay st", "street_matched": "GAY, (N)", "side": "left", "confidence": "single_anchor", "anchors_on_street": 9 }, "geometry": { "type": "Point", "coordinates": [ -76.601308965441916, 39.298082117436834 ] } },
{ "type": "Feature", "properties": { "surname": "Henry", "given": "wagoner", "occupation": "", "house_no": 79, "street_raw": "Hughes st", "street_matched": "HUGHES", "side": "", "confidence": "street_proportional", "anchors_on_street": 0 }, "geometry": { "type": "Point", "coordinates": [ -76.609554596325623, 39.280721515194976 ] } },
{ "type": "Feature", "properties": { "surname": "Liicretia", "given": "washerwoman", "occupation": "", "house_no": 14, "street_raw": "Short al", "street_matched": "SHORT", "side": "", "confidence": "street_proportional", "anchors_on_street": 0 }, "geometry": { "type": "Point", "coordinates": [ -76.597918768162742, 39.295875442140847 ] } },
{ "type": "Feature", "properties": { "surname": "Tasker", "given": "Harriet", "occupation": "", "house_no": 56, "street_raw": "Lewis st", "street_matched": "LEWIS", "side": "", "confidence": "street_proportional", "anchors_on_street": 0 }, "geometry": { "type": "Point", "coordinates": [ -76.600367499223296, 39.296441901729729 ] } },
{ "type": "Feature", "properties": { "surname": "Taylor", "given": "George", "occupation": "drayman", "house_no": 90, "street_raw": "Orchard st", "street_matched": "ORCHARD", "side": "", "confidence": "street_proportional", "anchors_on_street": 0 }, "geometry": { "type": "Point", "coordinates": [ -76.625535543809164, 39.296078045303688 ] } },
{ "type": "Feature", "properties": { "surname": "Isaac", "given": "stevedore", "occupation": "", "house_no": 140, "street_raw": "Apple al", "street_matched": "BETHEL, (S)", "side": "left", "confidence": "bracketed", "anchors_on_street": 9 }, "geometry": { "type": "Point", "coordinates": [ -76.594511484677042, 39.286189673161488 ] } },
{ "type": "Feature", "properties": { "surname": "John", "given": "laborer", "occupation": "", "house_no": 95, "street_raw": "S. Spring st", "street_matched": "SPRING (S.)", "side": "left", "confidence": "bracketed", "anchors_on_street": 8 }, "geometry": { "type": "Point", "coordinates": [ -76.597715018277498, 39.288156029954607 ] } },
{ "type": "Feature", "properties": { "surname": "Isaac", "given": "seaman", "occupation": "", "house_no": 16, "street_raw": "Short al", "street_matched": "SHORT", "side": "", "confidence": "street_proportional", "anchors_on_street": 0 }, "geometry": { "type": "Point", "coordinates": [ -76.597998846590926, 39.295872061234803 ] } },
{ "type": "Feature", "properties": { "surname": "John", "given": "laborer", "occupation": "", "house_no": 59, "street_raw": "S. Caroline st", "street_matched": "CAROLINE (S.)", "side": "left", "confidence": "bracketed", "anchors_on_street": 10 }, "geometry": { "type": "Point", "coordinates": [ -76.597021613442593, 39.289325651287037 ] } },
{ "type": "Feature", "properties": { "surname": "Oscar", "given": "tailor", "occupation": "", "house_no": 139, "street_raw": "W. Lombard st", "street_matched": "LOMBARD, (W)", "side": "left", "confidence": "extrapolated", "anchors_on_street": 8 }, "geometry": { "type": "Point", "coordinates": [ -76.6278169831551, 39.287030180865059 ] } },
{ "type": "Feature", "properties": { "surname": "James", "given": "caulker", "occupation": "", "house_no": 140, "street_raw": "N. Strawberry al", "street_matched": "DALLAS (N)", "side": "left", "confidence": "extrapolated", "anchors_on_street": 4 }, "geometry": { "type": "Point", "coordinates": [ -76.596891514924607, 39.299523060079117 ] } },
{ "type": "Feature", "properties": { "surname": "Mary", "given": "Ann", "occupation": "washerwoman, 11 Star al. ■ Henrietta, washerwoman", "house_no": 39, "street_raw": "Davis st", "street_matched": "DAVIS", "side": "", "confidence": "street_proportional", "anchors_on_street": 0 }, "geometry": { "type": "Point", "coordinates": [ -76.61195217090291, 39.291445851292856 ] } },
{ "type": "Feature", "properties": { "surname": "John", "given": "steamboat hand", "occupation": "", "house_no": 21, "street_raw": "Hamburg st", "street_matched": "HAMBURG", "side": "", "confidence": "street_proportional", "anchors_on_street": 0 }, "geometry": { "type": "Point", "coordinates": [ -76.614455163585959, 39.277937340317742 ] } },
{ "type": "Feature", "properties": { "surname": "Abraham", "given": "caulker", "occupation": "", "house_no": 139, "street_raw": "S. Strawberry al", "street_matched": "DALLAS (S)", "side": "left", "confidence": "bracketed", "anchors_on_street": 9 }, "geometry": { "type": "Point", "coordinates": [ -76.596149005702074, 39.28724424455892 ] } },
{ "type": "Feature", "properties": { "surname": "Teackle", "given": "Mathias", "occupation": "carter", "house_no": 31, "street_raw": "Perry st", "street_matched": "PERRY", "side": "", "confidence": "street_proportional", "anchors_on_street": 0 }, "geometry": { "type": "Point", "coordinates": [ -76.614887517162785, 39.284936112472714 ] } },
{ "type": "Feature", "properties": { "surname": "Teeter", "given": "Charles", "occupation": "boat builder", "house_no": 29, "street_raw": "Apple al", "street_matched": "BETHEL, (S)", "side": "left", "confidence": "bracketed", "anchors_on_street": 9 }, "geometry": { "type": "Point", "coordinates": [ -76.594818314802623, 39.290501165045534 ] } },
{ "type": "Feature", "properties": { "surname": "Tender", "given": "Elizabeth", "occupation": "washer", "house_no": 75, "street_raw": "S. Strawberry al", "street_matched": "DALLAS (S)", "side": "left", "confidence": "bracketed", "anchors_on_street": 9 }, "geometry": { "type": "Point", "coordinates": [ -76.596269315034675, 39.289233784437023 ] } },
{ "type": "Feature", "properties": { "surname": "Thomas", "given": "Garrison", "occupation": "grain meas.", "house_no": 125, "street_raw": "S. Howard st", "street_matched": "HOWARD (N)", "side": "left", "confidence": "single_anchor", "anchors_on_street": 2 }, "geometry": { "type": "Point", "coordinates": [ -76.619458177682532, 39.289354713598044 ] } },
{ "type": "Feature", "properties": { "surname": "Charles", "given": "laborer", "occupation": "", "house_no": 217, "street_raw": "N. Exeter st", "street_matched": "EXETER", "side": "left", "confidence": "extrapolated", "anchors_on_street": 9 }, "geometry": { "type": "Point", "coordinates": [ -76.600193695638325, 39.283047140960811 ] } },
{ "type": "Feature", "properties": { "surname": "AVm.", "given": "seaman", "occupation": "", "house_no": 81, "street_raw": "Hill st", "street_matched": "HILL", "side": "left", "confidence": "bracketed", "anchors_on_street": 5 }, "geometry": { "type": "Point", "coordinates": [ -76.61618755992734, 39.280961223046624 ] } },
{ "type": "Feature", "properties": { "surname": "Wm.", "given": "laborer", "occupation": "", "house_no": 124, "street_raw": "Hill st", "street_matched": "HILL", "side": "left", "confidence": "bracketed", "anchors_on_street": 5 }, "geometry": { "type": "Point", "coordinates": [ -76.61795900283515, 39.280909457083787 ] } },
{ "type": "Feature", "properties": { "surname": "Walter", "given": "seaman", "occupation": "", "house_no": 37, "street_raw": "Welcome al", "street_matched": "WELCOME", "side": "", "confidence": "street_proportional", "anchors_on_street": 0 }, "geometry": { "type": "Point", "coordinates": [ -76.61707560959043, 39.28260025189293 ] } },
{ "type": "Feature", "properties": { "surname": "Sidney", "given": "seaman", "occupation": "", "house_no": 23, "street_raw": "Welcome al", "street_matched": "WELCOME", "side": "", "confidence": "street_proportional", "anchors_on_street": 0 }, "geometry": { "type": "Point", "coordinates": [ -76.615359870220985, 39.282661660546722 ] } },
{ "type": "Feature", "properties": { "surname": "John", "given": "laborer", "occupation": "", "house_no": 91, "street_raw": "Salisbury st", "street_matched": "SALISBURY", "side": "", "confidence": "street_proportional", "anchors_on_street": 0 }, "geometry": { "type": "Point", "coordinates": [ -76.602931872216345, 39.289452121965432 ] } },
{ "type": "Feature", "properties": { "surname": "Augustus", "given": "baker", "occupation": "", "house_no": 199, "street_raw": "German st", "street_matched": "PRATT, (W)", "side": "left", "confidence": "bracketed", "anchors_on_street": 22 }, "geometry": { "type": "Point", "coordinates": [ -76.616187575163835, 39.286435163719027 ] } },
{ "type": "Feature", "properties": { "surname": "Elizabeth", "given": "washer", "occupation": "", "house_no": 3, "street_raw": "Tyson st", "street_matched": "TYSON", "side": "", "confidence": "street_proportional", "anchors_on_street": 0 }, "geometry": { "type": "Point", "coordinates": [ -76.619386323338915, 39.300674389951965 ] } },
{ "type": "Feature", "properties": { "surname": "David", "given": "drayman", "occupation": "", "house_no": 33, "street_raw": "Tyson st", "street_matched": "TYSON", "side": "", "confidence": "street_proportional", "anchors_on_street": 0 }, "geometry": { "type": "Point", "coordinates": [ -76.619343360897247, 39.300009583317937 ] } },
{ "type": "Feature", "properties": { "surname": "John", "given": "waiter", "occupation": "", "house_no": 5, "street_raw": "Ross st", "street_matched": "ROSS", "side": "right", "confidence": "bracketed", "anchors_on_street": 8 }, "geometry": { "type": "Point", "coordinates": [ -76.620106477799652, 39.296662357059581 ] } },
{ "type": "Feature", "properties": { "surname": "Hagen", "given": "drayman", "occupation": "", "house_no": 13, "street_raw": "Vine st", "street_matched": "VINE", "side": "", "confidence": "street_proportional", "anchors_on_street": 0 }, "geometry": { "type": "Point", "coordinates": [ -76.626102903936726, 39.290723379005179 ] } },
{ "type": "Feature", "properties": { "surname": "Wm.", "given": "drayman", "occupation": "", "house_no": 104, "street_raw": "Tyson st", "street_matched": "TYSON", "side": "", "confidence": "street_proportional", "anchors_on_street": 0 }, "geometry": { "type": "Point", "coordinates": [ -76.619241686333396, 39.298436207024054 ] } },
{ "type": "Feature", "properties": { "surname": "Ephraim", "given": "laborer", "occupation": "", "house_no": 66, "street_raw": "S. Caroline st", "street_matched": "CAROLINE (S.)", "side": "left", "confidence": "bracketed", "anchors_on_street": 10 }, "geometry": { "type": "Point", "coordinates": [ -76.59700636940407, 39.28910166408081 ] } },
{ "type": "Feature", "properties": { "surname": "Philip", "given": "seaman", "occupation": "", "house_no": 190, "street_raw": "S. Strawberry al", "street_matched": "DALLAS (S)", "side": "left", "confidence": "bracketed", "anchors_on_street": 9 }, "geometry": { "type": "Point", "coordinates": [ -76.596038058724815, 39.285409540244295 ] } },
{ "type": "Feature", "properties": { "surname": "Rebecca", "given": "washerwoman", "occupation": "", "house_no": 167, "street_raw": "Apple al", "street_matched": "BETHEL, (S)", "side": "left", "confidence": "bracketed", "anchors_on_street": 9 }, "geometry": { "type": "Point", "coordinates": [ -76.594430438948024, 39.28515055737703 ] } },
{ "type": "Feature", "properties": { "surname": "John", "given": "laborer", "occupation": "", "house_no": 390, "street_raw": "S. Charles st", "street_matched": "CHARLES (S.)", "side": "left", "confidence": "extrapolated", "anchors_on_street": 12 }, "geometry": { "type": "Point", "coordinates": [ -76.614306538081792, 39.275693533127495 ] } },
{ "type": "Feature", "properties": { "surname": "Wm.", "given": "drayman", "occupation": "", "house_no": 26, "street_raw": "Tyson al", "street_matched": "TYSON", "side": "", "confidence": "street_proportional", "anchors_on_street": 0 }, "geometry": { "type": "Point", "coordinates": [ -76.61935338539493, 39.300164704879187 ] } },
{ "type": "Feature", "properties": { "surname": "Mary", "given": "washerwoman", "occupation": "", "house_no": 49, "street_raw": "Harford av", "street_matched": "HARFORD", "side": "", "confidence": "street_proportional", "anchors_on_street": 0 }, "geometry": { "type": "Point", "coordinates": [ -76.599646811775443, 39.311153055929132 ] } },
{ "type": "Feature", "properties": { "surname": "Richard", "given": "brickmaker", "occupation": "", "house_no": 9, "street_raw": "Burgundy al", "street_matched": "BURGUNDY", "side": "", "confidence": "street_proportional", "anchors_on_street": 0 }, "geometry": { "type": "Point", "coordinates": [ -76.62171390531455, 39.284226249370342 ] } },
{ "type": "Feature", "properties": { "surname": "Henry", "given": "laborer", "occupation": "", "house_no": 9, "street_raw": "Hargrove al", "street_matched": "HARGROVE", "side": "", "confidence": "street_proportional", "anchors_on_street": 0 }, "geometry": { "type": "Point", "coordinates": [ -76.61383358749238, 39.30303083459453 ] } },
{ "type": "Feature", "properties": { "surname": "Thompson", "given": "Edward", "occupation": "hackman", "house_no": 45, "street_raw": "S. Caroline st", "street_matched": "CAROLINE (S.)", "side": "left", "confidence": "bracketed", "anchors_on_street": 10 }, "geometry": { "type": "Point", "coordinates": [ -76.597052101808458, 39.289773625648692 ] } },
{ "type": "Feature", "properties": { "surname": "Ann", "given": "washerwoman", "occupation": "", "house_no": 120, "street_raw": "York st", "street_matched": "YORK", "side": "", "confidence": "street_proportional", "anchors_on_street": 0 }, "geometry": { "type": "Point", "coordinates": [ -76.613177849782289, 39.281408291046262 ] } },
{ "type": "Feature", "properties": { "surname": "James", "given": "brickmaker", "occupation": "", "house_no": 79, "street_raw": "Cross st", "street_matched": "CROSS", "side": "", "confidence": "street_proportional", "anchors_on_street": 0 }, "geometry": { "type": "Point", "coordinates": [ -76.630805330595692, 39.281620877814717 ] } },
{ "type": "Feature", "properties": { "surname": "Elizabeth", "given": "washerwoman", "occupation": "", "house_no": 109, "street_raw": "Hughes st", "street_matched": "HUGHES", "side": "", "confidence": "street_proportional", "anchors_on_street": 0 }, "geometry": { "type": "Point", "coordinates": [ -76.611096344373891, 39.280676062592399 ] } },
{ "type": "Feature", "properties": { "surname": "Nancy", "given": "washerwoman", "occupation": "", "house_no": 27, "street_raw": "Douglass st", "street_matched": "LEXINGTON", "side": "left", "confidence": "extrapolated", "anchors_on_street": 21 }, "geometry": { "type": "Point", "coordinates": [ -76.615245353193259, 39.291065717826946 ] } },
{ "type": "Feature", "properties": { "surname": "Cornelius", "given": "coachman", "occupation": "", "house_no": 82, "street_raw": "Tyson st", "street_matched": "TYSON", "side": "", "confidence": "street_proportional", "anchors_on_street": 0 }, "geometry": { "type": "Point", "coordinates": [ -76.619273190641181, 39.29892373216213 ] } },
{ "type": "Feature", "properties": { "surname": "Thompson", "given": "Nathaniel", "occupation": "hackman", "house_no": 76, "street_raw": "Park st", "street_matched": "PARK", "side": "left", "confidence": "bracketed", "anchors_on_street": 9 }, "geometry": { "type": "Point", "coordinates": [ -76.618235299159437, 39.294649089488153 ] } },
{ "type": "Feature", "properties": { "surname": "Mary", "given": "huckster", "occupation": "", "house_no": 70, "street_raw": "S. Howard st", "street_matched": "HOWARD (N)", "side": "left", "confidence": "single_anchor", "anchors_on_street": 2 }, "geometry": { "type": "Point", "coordinates": [ -76.619458177682532, 39.289354713598044 ] } },
{ "type": "Feature", "properties": { "surname": "Wm.", "given": "drayman", "occupation": "", "house_no": 4, "street_raw": "Forrest st", "street_matched": "FORREST", "side": "", "confidence": "street_proportional", "anchors_on_street": 0 }, "geometry": { "type": "Point", "coordinates": [ -76.60804492918821, 39.301285223877549 ] } },
{ "type": "Feature", "properties": { "surname": "Walter", "given": "waiter", "occupation": "", "house_no": 44, "street_raw": "Forrest st", "street_matched": "FORREST", "side": "", "confidence": "street_proportional", "anchors_on_street": 0 }, "geometry": { "type": "Point", "coordinates": [ -76.607940120740949, 39.300887358470938 ] } },
{ "type": "Feature", "properties": { "surname": "Alexander", "given": "oysterman", "occupation": "", "house_no": 8, "street_raw": "Ropewalk aL", "street_matched": "ROPEWALK", "side": "", "confidence": "street_proportional", "anchors_on_street": 0 }, "geometry": { "type": "Point", "coordinates": [ -76.612817452047906, 39.275590435483402 ] } },
{ "type": "Feature", "properties": { "surname": "Ann", "given": "Maria", "occupation": "washerwoman", "house_no": 35, "street_raw": "Davis st", "street_matched": "DAVIS", "side": "", "confidence": "street_proportional", "anchors_on_street": 0 }, "geometry": { "type": "Point", "coordinates": [ -76.611937903638619, 39.291220836413295 ] } },
{ "type": "Feature", "properties": { "surname": "Elijah", "given": "seaman", "occupation": "", "house_no": 171, "street_raw": "Washington st", "street_matched": "WASHINGTON", "side": "", "confidence": "street_proportional", "anchors_on_street": 0 }, "geometry": { "type": "Point", "coordinates": [ -76.589448053869532, 39.296217320785949 ] } },
{ "type": "Feature", "properties": { "surname": "Richard", "given": "laborer", "occupation": "", "house_no": 7, "street_raw": "Short st", "street_matched": "SHORT", "side": "", "confidence": "street_proportional", "anchors_on_street": 0 }, "geometry": { "type": "Point", "coordinates": [ -76.597638493603952, 39.295887274882119 ] } },
{ "type": "Feature", "properties": { "surname": "Alfred", "given": "porter", "occupation": "", "house_no": 70, "street_raw": "Long st", "street_matched": "BALTIMORE, (W)", "side": "left", "confidence": "bracketed", "anchors_on_street": 19 }, "geometry": { "type": "Point", "coordinates": [ -76.642216377705338, 39.288376138651735 ] } },
{ "type": "Feature", "properties": { "surname": "Levin", "given": "seaman", "occupation": "", "house_no": 5, "street_raw": "Lewis st", "street_matched": "LEWIS", "side": "", "confidence": "street_proportional", "anchors_on_street": 0 }, "geometry": { "type": "Point", "coordinates": [ -76.600234527532663, 39.294367493601257 ] } },
{ "type": "Feature", "properties": { "surname": "James", "given": "laborer", "occupation": "", "house_no": 81, "street_raw": "Pearl st", "street_matched": "PEARL", "side": "", "confidence": "street_proportional", "anchors_on_street": 0 }, "geometry": { "type": "Point", "coordinates": [ -76.624630252592738, 39.291623445824648 ] } },
{ "type": "Feature", "properties": { "surname": "Todd", "given": "Zachariah", "occupation": "sawyer", "house_no": 39, "street_raw": "Hughes st", "street_matched": "HUGHES", "side": "", "confidence": "street_proportional", "anchors_on_street": 0 }, "geometry": { "type": "Point", "coordinates": [ -76.607499977369741, 39.280798927230798 ] } },
{ "type": "Feature", "properties": { "surname": "Tolson", "given": "Harryman", "occupation": "hackman", "house_no": 113, "street_raw": "E. Lombard st", "street_matched": "LOMBARD, (E)", "side": "left", "confidence": "single_anchor", "anchors_on_street": 1 }, "geometry": { "type": "Point", "coordinates": [ -76.605011226926834, 39.288170059443566 ] } },
{ "type": "Feature", "properties": { "surname": "Julia", "given": "Ann", "occupation": "", "house_no": 58, "street_raw": "Dover st", "street_matched": "DOVER", "side": "", "confidence": "street_proportional", "anchors_on_street": 0 }, "geometry": { "type": "Point", "coordinates": [ -76.621293100831309, 39.285873864504282 ] } },
{ "type": "Feature", "properties": { "surname": "Mary", "given": "washerwoman", "occupation": "", "house_no": 11, "street_raw": "Welcome al", "street_matched": "WELCOME", "side": "", "confidence": "street_proportional", "anchors_on_street": 0 }, "geometry": { "type": "Point", "coordinates": [ -76.613889153267351, 39.282712880384999 ] } },
{ "type": "Feature", "properties": { "surname": "Wm.", "given": "caulker", "occupation": "", "house_no": 172, "street_raw": "S. Strawberry al", "street_matched": "DALLAS (S)", "side": "left", "confidence": "bracketed", "anchors_on_street": 9 }, "geometry": { "type": "Point", "coordinates": [ -76.59607031433643, 39.285942951073068 ] } },
{ "type": "Feature", "properties": { "surname": "Toppan", "given": "Charles", "occupation": "drayman", "house_no": 37, "street_raw": "Biddle al", "street_matched": "BIDDLE, (W)", "side": "right", "confidence": "bracketed", "anchors_on_street": 11 }, "geometry": { "type": "Point", "coordinates": [ -76.619442320578386, 39.302403778419972 ] } },
{ "type": "Feature", "properties": { "surname": "Toppings", "given": "Charles", "occupation": "drayman", "house_no": 231, "street_raw": "Biddle st", "street_matched": "BIDDLE, (W)", "side": "left", "confidence": "bracketed", "anchors_on_street": 11 }, "geometry": { "type": "Point", "coordinates": [ -76.625734101238081, 39.297135534405598 ] } },
{ "type": "Feature", "properties": { "surname": "Toy", "given": "Waiter", "occupation": "waiter", "house_no": 73, "street_raw": "Conway st", "street_matched": "CONWAY", "side": "", "confidence": "street_proportional", "anchors_on_street": 0 }, "geometry": { "type": "Point", "coordinates": [ -76.613994038981417, 39.284221568507803 ] } },
{ "type": "Feature", "properties": { "surname": "Caroline", "given": "washerwoman", "occupation": "", "house_no": 19, "street_raw": "Tyson st", "street_matched": "TYSON", "side": "", "confidence": "street_proportional", "anchors_on_street": 0 }, "geometry": { "type": "Point", "coordinates": [ -76.619363409936454, 39.30031982643235 ] } },
{ "type": "Feature", "properties": { "surname": "Francis", "given": "seaman", "occupation": "", "house_no": 5, "street_raw": "Welcome al", "street_matched": "WELCOME", "side": "", "confidence": "street_proportional", "anchors_on_street": 0 }, "geometry": { "type": "Point", "coordinates": [ -76.613153766680085, 39.282738011673466 ] } },
{ "type": "Feature", "properties": { "surname": "Trimble", "given": "JVIary Jane", "occupation": "", "house_no": 185, "street_raw": "N. Exeter st", "street_matched": "EXETER", "side": "left", "confidence": "extrapolated", "anchors_on_street": 9 }, "geometry": { "type": "Point", "coordinates": [ -76.6002556923833, 39.28389416060444 ] } },
{ "type": "Feature", "properties": { "surname": "Trusty", "given": "Stephen", "occupation": "laborer", "house_no": 58, "street_raw": "Lancaster st", "street_matched": "LANCASTER", "side": "", "confidence": "street_proportional", "anchors_on_street": 0 }, "geometry": { "type": "Point", "coordinates": [ -76.601784923045145, 39.28223247339794 ] } },
{ "type": "Feature", "properties": { "surname": "John", "given": "stevedore", "occupation": "", "house_no": 63, "street_raw": "Argyle al", "street_matched": "ARGYLE", "side": "", "confidence": "street_proportional", "anchors_on_street": 0 }, "geometry": { "type": "Point", "coordinates": [ -76.627119384198494, 39.29597567011362 ] } },
{ "type": "Feature", "properties": { "surname": "Aaron", "given": "porter", "occupation": "", "house_no": 39, "street_raw": "N. Sharp st", "street_matched": "SHARP, (S)", "side": "left", "confidence": "extrapolated", "anchors_on_street": 5 }, "geometry": { "type": "Point", "coordinates": [ -76.617515642871879, 39.280923535799914 ] } },
{ "type": "Feature", "properties": { "surname": "Samuel", "given": "laborer", "occupation": "", "house_no": 175, "street_raw": "Ensor st", "street_matched": "ENSOR", "side": "", "confidence": "street_proportional", "anchors_on_street": 0 }, "geometry": { "type": "Point", "coordinates": [ -76.603690271527839, 39.306078232370297 ] } },
{ "type": "Feature", "properties": { "surname": "Jesse", "given": "porter", "occupation": "", "house_no": 21, "street_raw": "Welcome al", "street_matched": "WELCOME", "side": "", "confidence": "street_proportional", "anchors_on_street": 0 }, "geometry": { "type": "Point", "coordinates": [ -76.615114764457985, 39.282670432915147 ] } },
{ "type": "Feature", "properties": { "surname": "Tucker", "given": "James", "occupation": "laborer", "house_no": 216, "street_raw": "German st", "street_matched": "PRATT, (W)", "side": "left", "confidence": "bracketed", "anchors_on_street": 22 }, "geometry": { "type": "Point", "coordinates": [ -76.617006533996459, 39.286404766903033 ] } },
{ "type": "Feature", "properties": { "surname": "Elizabeth", "given": "washerwoman", "occupation": "", "house_no": 88, "street_raw": "Wayne st", "street_matched": "WAYNE", "side": "", "confidence": "street_proportional", "anchors_on_street": 0 }, "geometry": { "type": "Point", "coordinates": [ -76.618087940490113, 39.283525402847367 ] } },
{ "type": "Feature", "properties": { "surname": "Turner", "given": "Perry", "occupation": "carter", "house_no": 200, "street_raw": "Light st", "street_matched": "LIGHT-ST. WHF", "side": "right", "confidence": "extrapolated", "anchors_on_street": 4 }, "geometry": { "type": "Point", "coordinates": [ -76.612901409048575, 39.281805616205183 ] } },
{ "type": "Feature", "properties": { "surname": "Henry", "given": "brickmaker", "occupation": "", "house_no": 101, "street_raw": "Hill st", "street_matched": "HILL", "side": "left", "confidence": "bracketed", "anchors_on_street": 5 }, "geometry": { "type": "Point", "coordinates": [ -76.616992458856501, 39.280938384221081 ] } },
{ "type": "Feature", "properties": { "surname": "Abraham", "given": "laborer", "occupation": "", "house_no": 56, "street_raw": "Perry st", "street_matched": "PERRY", "side": "", "confidence": "street_proportional", "anchors_on_street": 0 }, "geometry": { "type": "Point", "coordinates": [ -76.617030940462257, 39.284848955075823 ] } },
{ "type": "Feature", "properties": { "surname": "John", "given": "waiter", "occupation": "", "house_no": 1, "street_raw": "Marion st", "street_matched": "MARION", "side": "", "confidence": "street_proportional", "anchors_on_street": 0 }, "geometry": { "type": "Point", "coordinates": [ -76.61738490331544, 39.291045239655894 ] } },
{ "type": "Feature", "properties": { "surname": "Violet", "given": "washerwoman", "occupation": "", "house_no": 125, "street_raw": "S. Spring st", "street_matched": "SPRING (S.)", "side": "left", "confidence": "bracketed", "anchors_on_street": 8 }, "geometry": { "type": "Point", "coordinates": [ -76.597670600921617, 39.287453400986919 ] } },
{ "type": "Feature", "properties": { "surname": "Harriet", "given": "washerwoman", "occupation": "", "house_no": 88, "street_raw": "Orchard st", "street_matched": "ORCHARD", "side": "", "confidence": "street_proportional", "anchors_on_street": 0 }, "geometry": { "type": "Point", "coordinates": [ -76.625392442833672, 39.296195789061301 ] } },
{ "type": "Feature", "properties": { "surname": "Priscilla", "given": "washerwoman", "occupation": "", "house_no": 145, "street_raw": "Ensor st", "street_matched": "ENSOR", "side": "", "confidence": "street_proportional", "anchors_on_street": 0 }, "geometry": { "type": "Point", "coordinates": [ -76.60355186003396, 39.303770591907735 ] } },
{ "type": "Feature", "properties": { "surname": "Tyler", "given": "Isaac", "occupation": "laborer", "house_no": 27, "street_raw": "Scott st", "street_matched": "SCOTT", "side": "", "confidence": "street_proportional", "anchors_on_street": 0 }, "geometry": { "type": "Point", "coordinates": [ -76.628293055150891, 39.275224108303441 ] } },
{ "type": "Feature", "properties": { "surname": "Underwood", "given": "John", "occupation": "laborer", "house_no": 49, "street_raw": "Johnson st", "street_matched": "JOHNSON", "side": "", "confidence": "street_proportional", "anchors_on_street": 0 }, "geometry": { "type": "Point", "coordinates": [ -76.609083038763615, 39.266635651153585 ] } },
{ "type": "Feature", "properties": { "surname": "VALLET", "given": "George", "occupation": "laborer", "house_no": 226, "street_raw": "Apple al", "street_matched": "BETHEL, (S)", "side": "left", "confidence": "bracketed", "anchors_on_street": 9 }, "geometry": { "type": "Point", "coordinates": [ -76.594241720869945, 39.282524521299663 ] } },
{ "type": "Feature", "properties": { "surname": "Vandyke", "given": "Wm", "occupation": "waiter", "house_no": 6, "street_raw": "Ross st", "street_matched": "ROSS", "side": "right", "confidence": "bracketed", "anchors_on_street": 8 }, "geometry": { "type": "Point", "coordinates": [ -76.620155561715293, 39.296660769788197 ] } },
{ "type": "Feature", "properties": { "surname": "Vickers", "given": "George", "occupation": "coachman", "house_no": 76, "street_raw": "Tyson st", "street_matched": "TYSON", "side": "", "confidence": "street_proportional", "anchors_on_street": 0 }, "geometry": { "type": "Point", "coordinates": [ -76.619281782801991, 39.299056693549474 ] } },
{ "type": "Feature", "properties": { "surname": "Vincent", "given": "Thoroas^ laborer", "occupation": "", "house_no": 32, "street_raw": "Guilford al", "street_matched": "GUILFORD", "side": "", "confidence": "street_proportional", "anchors_on_street": 0 }, "geometry": { "type": "Point", "coordinates": [ -76.611530369916665, 39.298039571271353 ] } },
{ "type": "Feature", "properties": { "surname": "WALES", "given": "Richard", "occupation": "laborer", "house_no": 40, "street_raw": "Lewis st", "street_matched": "LEWIS", "side": "", "confidence": "street_proportional", "anchors_on_street": 0 }, "geometry": { "type": "Point", "coordinates": [ -76.600325781881878, 39.295791107173862 ] } },
{ "type": "Feature", "properties": { "surname": "Walker", "given": "John", "occupation": "drayman", "house_no": 11, "street_raw": "Marion st", "street_matched": "MARION", "side": "", "confidence": "street_proportional", "anchors_on_street": 0 }, "geometry": { "type": "Point", "coordinates": [ -76.61903060309065, 39.290978103641969 ] } },
{ "type": "Feature", "properties": { "surname": "Truman", "given": "brickmaker", "occupation": "", "house_no": 38, "street_raw": "Vine st", "street_matched": "VINE", "side": "", "confidence": "street_proportional", "anchors_on_street": 0 }, "geometry": { "type": "Point", "coordinates": [ -76.630468373029373, 39.290552830126209 ] } },
{ "type": "Feature", "properties": { "surname": "Wm.", "given": "Jr", "occupation": "teacher", "house_no": 114, "street_raw": "Camden st", "street_matched": "CAMDEN", "side": "left", "confidence": "bracketed", "anchors_on_street": 6 }, "geometry": { "type": "Point", "coordinates": [ -76.619996358435301, 39.285238988056875 ] } },
{ "type": "Feature", "properties": { "surname": "Henry", "given": "cooper", "occupation": "", "house_no": 48, "street_raw": "Centre st", "street_matched": "CENTRE, (W)", "side": "left", "confidence": "extrapolated", "anchors_on_street": 4 }, "geometry": { "type": "Point", "coordinates": [ -76.61561127001282, 39.296304955378602 ] } },
{ "type": "Feature", "properties": { "surname": "Wallace", "given": "Henry", "occupation": "caulker", "house_no": 92, "street_raw": "S. Spring st", "street_matched": "SPRING (S.)", "side": "left", "confidence": "bracketed", "anchors_on_street": 8 }, "geometry": { "type": "Point", "coordinates": [ -76.597719460061484, 39.28822629284236 ] } },
{ "type": "Feature", "properties": { "surname": "Grace", "given": "washerwoman", "occupation": "", "house_no": 65, "street_raw": "S. Spring st", "street_matched": "SPRING (S.)", "side": "left", "confidence": "bracketed", "anchors_on_street": 8 }, "geometry": { "type": "Point", "coordinates": [ -76.597759435798011, 39.288858658785813 ] } },
{ "type": "Feature", "properties": { "surname": "Caroline", "given": "washerw'n", "occupation": "", "house_no": 121, "street_raw": "S. Strawberry al", "street_matched": "DALLAS (S)", "side": "left", "confidence": "bracketed", "anchors_on_street": 9 }, "geometry": { "type": "Point", "coordinates": [ -76.596187263199667, 39.287876910197276 ] } },
{ "type": "Feature", "properties": { "surname": "Nathan", "given": "laborer", "occupation": "", "house_no": 98, "street_raw": "Conway st", "street_matched": "CONWAY", "side": "", "confidence": "street_proportional", "anchors_on_street": 0 }, "geometry": { "type": "Point", "coordinates": [ -76.614849111673649, 39.284178025332373 ] } },
{ "type": "Feature", "properties": { "surname": "James", "given": "laborer", "occupation": "", "house_no": 42, "street_raw": "Star al", "street_matched": "CHAPEL", "side": "", "confidence": "street_proportional", "anchors_on_street": 0 }, "geometry": { "type": "Point", "coordinates": [ -76.59018146531912, 39.297539203218591 ] } },
{ "type": "Feature", "properties": { "surname": "Cesar", "given": "drayman", "occupation": "", "house_no": 25, "street_raw": "Sarah Ann st", "street_matched": "SARAH ANN", "side": "", "confidence": "street_proportional", "anchors_on_street": 0 }, "geometry": { "type": "Point", "coordinates": [ -76.631138297562089, 39.293017951738591 ] } },
{ "type": "Feature", "properties": { "surname": "Nicholas", "given": "laborer", "occupation": "", "house_no": 98, "street_raw": "Happy al", "street_matched": "DURHAM (S)", "side": "left", "confidence": "bracketed", "anchors_on_street": 9 }, "geometry": { "type": "Point", "coordinates": [ -76.590911233827256, 39.288802732841475 ] } },
{ "type": "Feature", "properties": { "surname": "Henrietta", "given": "washerwoman", "occupation": "", "house_no": 135, "street_raw": "S. Green st", "street_matched": "EXETER", "side": "right", "confidence": "bracketed", "anchors_on_street": 9 }, "geometry": { "type": "Point", "coordinates": [ -76.600356323263625, 39.285268976567963 ] } },
{ "type": "Feature", "properties": { "surname": "Walter", "given": "C", "occupation": "laborer", "house_no": 91, "street_raw": "Biddle al", "street_matched": "BIDDLE, (W)", "side": "right", "confidence": "bracketed", "anchors_on_street": 11 }, "geometry": { "type": "Point", "coordinates": [ -76.620886966747818, 39.301194147832732 ] } },
{ "type": "Feature", "properties": { "surname": "Jane", "given": "washerwoman", "occupation": "", "house_no": 57, "street_raw": "Hill st", "street_matched": "HILL", "side": "left", "confidence": "bracketed", "anchors_on_street": 5 }, "geometry": { "type": "Point", "coordinates": [ -76.615152243089867, 39.280993149654655 ] } },
{ "type": "Feature", "properties": { "surname": "Ward", "given": "James", "occupation": "caulker", "house_no": 131, "street_raw": "S. Spring st", "street_matched": "SPRING (S.)", "side": "left", "confidence": "bracketed", "anchors_on_street": 8 }, "geometry": { "type": "Point", "coordinates": [ -76.597653798686977, 39.287187617337274 ] } },
{ "type": "Feature", "properties": { "surname": "Robert", "given": "laborer", "occupation": "", "house_no": 121, "street_raw": "Happy al", "street_matched": "DURHAM (S)", "side": "left", "confidence": "bracketed", "anchors_on_street": 9 }, "geometry": { "type": "Point", "coordinates": [ -76.590883968676195, 39.288349584536398 ] } },
{ "type": "Feature", "properties": { "surname": "George", "given": "caulker", "occupation": "", "house_no": 126, "street_raw": "S. Caroline st", "street_matched": "CAROLINE (S.)", "side": "left", "confidence": "bracketed", "anchors_on_street": 10 }, "geometry": { "type": "Point", "coordinates": [ -76.596905077687524, 39.287613385108358 ] } },
{ "type": "Feature", "properties": { "surname": "Wm.", "given": "oysterman", "occupation": "", "house_no": 54, "street_raw": "Perry st", "street_matched": "PERRY", "side": "", "confidence": "street_proportional", "anchors_on_street": 0 }, "geometry": { "type": "Point", "coordinates": [ -76.616859466709073, 39.284855927873828 ] } },
{ "type": "Feature", "properties": { "surname": "Daniel", "given": "laborer", "occupation": "", "house_no": 5, "street_raw": "Friendship st", "street_matched": "FORREST", "side": "", "confidence": "street_proportional", "anchors_on_street": 0 }, "geometry": { "type": "Point", "coordinates": [ -76.608042308962709, 39.301275277244102 ] } },
{ "type": "Feature", "properties": { "surname": "Henry", "given": "caulker", "occupation": "", "house_no": 196, "street_raw": "Washington st", "street_matched": "WASHINGTON", "side": "", "confidence": "street_proportional", "anchors_on_street": 0 }, "geometry": { "type": "Point", "coordinates": [ -76.588559512459057, 39.282789441833401 ] } },
{ "type": "Feature", "properties": { "surname": "Frederick", "given": "drayman", "occupation": "64 N. Strawberry al. . George, laborer", "house_no": 76, "street_raw": "Orchard st", "street_matched": "ORCHARD", "side": "", "confidence": "street_proportional", "anchors_on_street": 0 }, "geometry": { "type": "Point", "coordinates": [ -76.624533835713422, 39.296902254250142 ] } },
{ "type": "Feature", "properties": { "surname": "Waters", "given": "Samuel", "occupation": "laborer", "house_no": 40, "street_raw": "Perry st", "street_matched": "PERRY", "side": "", "confidence": "street_proportional", "anchors_on_street": 0 }, "geometry": { "type": "Point", "coordinates": [ -76.61565914987159, 39.28490473607205 ] } },
{ "type": "Feature", "properties": { "surname": "John", "given": "sawyer", "occupation": "", "house_no": 123, "street_raw": "S. Spring st", "street_matched": "SPRING (S.)", "side": "left", "confidence": "bracketed", "anchors_on_street": 8 }, "geometry": { "type": "Point", "coordinates": [ -76.597673562051298, 39.287500242923187 ] } },
{ "type": "Feature", "properties": { "surname": "Wm. J.", "given": "barber", "occupation": "", "house_no": 139, "street_raw": "Light st", "street_matched": "LIGHT-ST. WHF", "side": "right", "confidence": "bracketed", "anchors_on_street": 4 }, "geometry": { "type": "Point", "coordinates": [ -76.613197891039363, 39.283944991519036 ] } },
{ "type": "Feature", "properties": { "surname": "John", "given": "laborer", "occupation": "", "house_no": 11, "street_raw": "Wagon al", "street_matched": "WAGON", "side": "", "confidence": "street_proportional", "anchors_on_street": 0 }, "geometry": { "type": "Point", "coordinates": [ -76.632562183664334, 39.291677772907242 ] } },
{ "type": "Feature", "properties": { "surname": "Levin", "given": "brickmaker", "occupation": "", "house_no": 116, "street_raw": "York st", "street_matched": "YORK", "side": "", "confidence": "street_proportional", "anchors_on_street": 0 }, "geometry": { "type": "Point", "coordinates": [ -76.612748288944047, 39.281424518684425 ] } },
{ "type": "Feature", "properties": { "surname": "Watkins", "given": "Thomas", "occupation": "porter", "house_no": 17, "street_raw": "Jefferson st", "street_matched": "JEFFERSON", "side": "", "confidence": "street_proportional", "anchors_on_street": 0 }, "geometry": { "type": "Point", "coordinates": [ -76.598881628785833, 39.29604558897816 ] } },
{ "type": "Feature", "properties": { "surname": "Jonathan", "given": "laborer", "occupation": "", "house_no": 30, "street_raw": "Rock st", "street_matched": "ROCK", "side": "", "confidence": "street_proportional", "anchors_on_street": 0 }, "geometry": { "type": "Point", "coordinates": [ -76.63158396741342, 39.291798610020678 ] } },
{ "type": "Feature", "properties": { "surname": "John'", "given": "laborer", "occupation": "56 Orchard st. . Lloyd, cooper", "house_no": 223, "street_raw": "Conway st", "street_matched": "CONWAY", "side": "", "confidence": "street_proportional", "anchors_on_street": 0 }, "geometry": { "type": "Point", "coordinates": [ -76.61912598230596, 39.283978882355328 ] } },
{ "type": "Feature", "properties": { "surname": "Watson", "given": "John", "occupation": "carter", "house_no": 26, "street_raw": "N. Sharp st", "street_matched": "SHARP, (S)", "side": "left", "confidence": "extrapolated", "anchors_on_street": 5 }, "geometry": { "type": "Point", "coordinates": [ -76.617515642871879, 39.280923535799914 ] } },
{ "type": "Feature", "properties": { "surname": "Watts", "given": "Richard", "occupation": "seaman", "house_no": 139, "street_raw": "S. Spring st", "street_matched": "SPRING (S.)", "side": "left", "confidence": "bracketed", "anchors_on_street": 8 }, "geometry": { "type": "Point", "coordinates": [ -76.59762928406937, 39.286799837012992 ] } },
{ "type": "Feature", "properties": { "surname": "Weaver", "given": "Joseph", "occupation": "shoemaker", "house_no": 76, "street_raw": "N. Canal st", "street_matched": "CANAL", "side": "", "confidence": "street_proportional", "anchors_on_street": 0 }, "geometry": { "type": "Point", "coordinates": [ -76.595841360591407, 39.296937938853048 ] } },
{ "type": "Feature", "properties": { "surname": "Webb", "given": "Wm", "occupation": "laborer", "house_no": 22, "street_raw": "Welcome al", "street_matched": "WELCOME", "side": "", "confidence": "street_proportional", "anchors_on_street": 0 }, "geometry": { "type": "Point", "coordinates": [ -76.615237317347052, 39.282666046794866 ] } },
{ "type": "Feature", "properties": { "surname": "Henry", "given": "laborer", "occupation": "", "house_no": 123, "street_raw": "Holliday st", "street_matched": "HOLLIDAY", "side": "", "confidence": "street_proportional", "anchors_on_street": 0 }, "geometry": { "type": "Point", "coordinates": [ -76.61078527493153, 39.298789293110033 ] } },
{ "type": "Feature", "properties": { "surname": "Harrison", "given": "laborer", "occupation": "", "house_no": 145, "street_raw": "Holliday st", "street_matched": "HOLLIDAY", "side": "", "confidence": "street_proportional", "anchors_on_street": 0 }, "geometry": { "type": "Point", "coordinates": [ -76.610194971746751, 39.289726658248213 ] } },
{ "type": "Feature", "properties": { "surname": "Webster", "given": "Joseph", "occupation": "drayman, 83 Hill st. . Isaac, porter", "house_no": 15, "street_raw": "Hamilton st", "street_matched": "HAMILTON", "side": "", "confidence": "street_proportional", "anchors_on_street": 0 }, "geometry": { "type": "Point", "coordinates": [ -76.617114877936103, 39.295579727096182 ] } },
{ "type": "Feature", "properties": { "surname": "Sophia", "given": "washerwoman", "occupation": "130 North st. . . Daniel, drayman, 65 East st. . Charlotte, washerwoman", "house_no": 216, "street_raw": "Fayette st", "street_matched": "FAYETTE (E)", "side": "left", "confidence": "bracketed", "anchors_on_street": 11 }, "geometry": { "type": "Point", "coordinates": [ -76.596671464308557, 39.293355986598669 ] } },
{ "type": "Feature", "properties": { "surname": "Weeks", "given": "Jacob", "occupation": "laborer", "house_no": 96, "street_raw": "E. Madison st", "street_matched": "MADISON (E)", "side": "left", "confidence": "bracketed", "anchors_on_street": 16 }, "geometry": { "type": "Point", "coordinates": [ -76.606467247563543, 39.29893884894603 ] } },
{ "type": "Feature", "properties": { "surname": "George", "given": "A", "occupation": "waiter", "house_no": 49, "street_raw": "Pleasant st", "street_matched": "PLEASANT", "side": "left", "confidence": "single_anchor", "anchors_on_street": 1 }, "geometry": { "type": "Point", "coordinates": [ -76.615412575632334, 39.293460026263617 ] } },
{ "type": "Feature", "properties": { "surname": "Welch", "given": "Elizabeth", "occupation": "washerwoman", "house_no": 79, "street_raw": "Pearl st", "street_matched": "PEARL", "side": "", "confidence": "street_proportional", "anchors_on_street": 0 }, "geometry": { "type": "Point", "coordinates": [ -76.624610643040953, 39.291270099549934 ] } },
{ "type": "Feature", "properties": { "surname": "Wells", "given": "Mary", "occupation": "washerwoman", "house_no": 247, "street_raw": "S. Charles st", "street_matched": "CHARLES (S.)", "side": "left", "confidence": "bracketed", "anchors_on_street": 12 }, "geometry": { "type": "Point", "coordinates": [ -76.614580230667428, 39.27982546026751 ] } },
{ "type": "Feature", "properties": { "surname": "Wells", "given": "Perry", "occupation": "steamboat hand", "house_no": 83, "street_raw": "Cross st", "street_matched": "CROSS", "side": "", "confidence": "street_proportional", "anchors_on_street": 0 }, "geometry": { "type": "Point", "coordinates": [ -76.631995289976487, 39.282524848255846 ] } },
{ "type": "Feature", "properties": { "surname": "Ann", "given": "w-asherwoman", "occupation": "", "house_no": 126, "street_raw": "Camden st", "street_matched": "CAMDEN", "side": "left", "confidence": "bracketed", "anchors_on_street": 6 }, "geometry": { "type": "Point", "coordinates": [ -76.620673968675604, 39.28521175649874 ] } },
{ "type": "Feature", "properties": { "surname": "Nelson", "given": "laborer", "occupation": "", "house_no": 41, "street_raw": "Hamburg st", "street_matched": "HAMBURG", "side": "", "confidence": "street_proportional", "anchors_on_street": 0 }, "geometry": { "type": "Point", "coordinates": [ -76.629583373417233, 39.280692598273646 ] } },
{ "type": "Feature", "properties": { "surname": "James", "given": "brickmaker", "occupation": "", "house_no": 124, "street_raw": "Tyson st", "street_matched": "TYSON", "side": "", "confidence": "street_proportional", "anchors_on_street": 0 }, "geometry": { "type": "Point", "coordinates": [ -76.619213046566685, 39.297993002278325 ] } },
{ "type": "Feature", "properties": { "surname": "John", "given": "carter", "occupation": "", "house_no": 206, "street_raw": "Hanover st", "street_matched": "HANOVER", "side": "left", "confidence": "bracketed", "anchors_on_street": 12 }, "geometry": { "type": "Point", "coordinates": [ -76.615823352734409, 39.280941298424196 ] } },
{ "type": "Feature", "properties": { "surname": "Anthony", "given": "laborer", "occupation": "", "house_no": 4, "street_raw": "Biddle al", "street_matched": "BIDDLE, (W)", "side": "left", "confidence": "extrapolated", "anchors_on_street": 11 }, "geometry": { "type": "Point", "coordinates": [ -76.618488811082756, 39.3032021750371 ] } },
{ "type": "Feature", "properties": { "surname": "Ottoway", "given": "barber", "occupation": "", "house_no": 65, "street_raw": "Hanover st", "street_matched": "HANOVER", "side": "left", "confidence": "bracketed", "anchors_on_street": 12 }, "geometry": { "type": "Point", "coordinates": [ -76.616137762546998, 39.285683801548309 ] } },
{ "type": "Feature", "properties": { "surname": "Frances", "given": "washerwoman", "occupation": "", "house_no": 48, "street_raw": "Mulberry st", "street_matched": "MULBERRY", "side": "", "confidence": "street_proportional", "anchors_on_street": 0 }, "geometry": { "type": "Point", "coordinates": [ -76.651726021760823, 39.292738044180275 ] } },
{ "type": "Feature", "properties": { "surname": "Leath", "given": "washerw'n", "occupation": "", "house_no": 217, "street_raw": "S. Strawberry al", "street_matched": "DALLAS (S)", "side": "left", "confidence": "bracketed", "anchors_on_street": 9 }, "geometry": { "type": "Point", "coordinates": [ -76.595996237869841, 39.284717947176027 ] } },
{ "type": "Feature", "properties": { "surname": "Weston", "given": "Peter", "occupation": "coachman", "house_no": 65, "street_raw": "Mulberry st", "street_matched": "MULBERRY", "side": "", "confidence": "street_proportional", "anchors_on_street": 0 }, "geometry": { "type": "Point", "coordinates": [ -76.649814617220002, 39.292801569991212 ] } },
{ "type": "Feature", "properties": { "surname": "Wheatiey", "given": "Levin", "occupation": "seaman, 111 S. Spring st. ' Daniel, caulker, 111 S. Strawberry al. . Isabella, washerwoman", "house_no": 222, "street_raw": "Happy al", "street_matched": "DURHAM (S)", "side": "left", "confidence": "bracketed", "anchors_on_street": 9 }, "geometry": { "type": "Point", "coordinates": [ -76.590670730610711, 39.28518911263243 ] } },
{ "type": "Feature", "properties": { "surname": "Samuel", "given": "laborer", "occupation": "", "house_no": 8, "street_raw": "S. Spring st", "street_matched": "SPRING (S.)", "side": "left", "confidence": "extrapolated", "anchors_on_street": 8 }, "geometry": { "type": "Point", "coordinates": [ -76.59787064116378, 39.290617797583721 ] } },
{ "type": "Feature", "properties": { "surname": "Abraham", "given": "waiter", "occupation": "", "house_no": 13, "street_raw": "Marion st", "street_matched": "MARION", "side": "", "confidence": "street_proportional", "anchors_on_street": 0 }, "geometry": { "type": "Point", "coordinates": [ -76.619359742742233, 39.290964674713706 ] } },
{ "type": "Feature", "properties": { "surname": "Whitaker", "given": "Esau", "occupation": "laborer", "house_no": 127, "street_raw": "Hillen st", "street_matched": "HILLEN", "side": "left", "confidence": "bracketed", "anchors_on_street": 3 }, "geometry": { "type": "Point", "coordinates": [ -76.605687328213321, 39.296715864617539 ] } },
{ "type": "Feature", "properties": { "surname": "John", "given": "laborer", "occupation": "", "house_no": 4, "street_raw": "Ropewalk al", "street_matched": "ROPEWALK", "side": "", "confidence": "street_proportional", "anchors_on_street": 0 }, "geometry": { "type": "Point", "coordinates": [ -76.617053323921198, 39.275087389234194 ] } },
{ "type": "Feature", "properties": { "surname": "White", "given": "Wm. Henry", "occupation": "drayman", "house_no": 226, "street_raw": "Fayette st", "street_matched": "FAYETTE (E)", "side": "left", "confidence": "bracketed", "anchors_on_street": 11 }, "geometry": { "type": "Point", "coordinates": [ -76.596262493490187, 39.293468889717481 ] } },
{ "type": "Feature", "properties": { "surname": "George", "given": "laborer", "occupation": "", "house_no": 86, "street_raw": "Jasper st", "street_matched": "JASPER", "side": "", "confidence": "street_proportional", "anchors_on_street": 0 }, "geometry": { "type": "Point", "coordinates": [ -76.621870088647796, 39.2934502191859 ] } },
{ "type": "Feature", "properties": { "surname": "Reuben", "given": "whitewasher", "occupation": "", "house_no": 62, "street_raw": "S. Howard st", "street_matched": "HOWARD (N)", "side": "left", "confidence": "single_anchor", "anchors_on_street": 2 }, "geometry": { "type": "Point", "coordinates": [ -76.619458177682532, 39.289354713598044 ] } },
{ "type": "Feature", "properties": { "surname": "ElUen", "given": "washerwoman", "occupation": "", "house_no": 5, "street_raw": "Peach al", "street_matched": "PEACH", "side": "", "confidence": "street_proportional", "anchors_on_street": 0 }, "geometry": { "type": "Point", "coordinates": [ -76.619171252884939, 39.275760027065047 ] } },
{ "type": "Feature", "properties": { "surname": "Mary", "given": "washerwoman", "occupation": "", "house_no": 58, "street_raw": "Lewis st", "street_matched": "LEWIS", "side": "", "confidence": "street_proportional", "anchors_on_street": 0 }, "geometry": { "type": "Point", "coordinates": [ -76.600372713940956, 39.296523251039368 ] } },
{ "type": "Feature", "properties": { "surname": "Adam", "given": "carter", "occupation": "", "house_no": 67, "street_raw": "S. Strawberry -al", "street_matched": "DALLAS (S)", "side": "left", "confidence": "bracketed", "anchors_on_street": 9 }, "geometry": { "type": "Point", "coordinates": [ -76.596285582498339, 39.28950279782115 ] } },
{ "type": "Feature", "properties": { "surname": "Thomas", "given": "carter", "occupation": "", "house_no": 130, "street_raw": "N. Caroline st", "street_matched": "CAROLINE. (N.)", "side": "left", "confidence": "bracketed", "anchors_on_street": 10 }, "geometry": { "type": "Point", "coordinates": [ -76.59746448297949, 39.296324146708791 ] } },
{ "type": "Feature", "properties": { "surname": "John", "given": "caulker", "occupation": "", "house_no": 188, "street_raw": "Happy al", "street_matched": "DURHAM (S)", "side": "left", "confidence": "bracketed", "anchors_on_street": 9 }, "geometry": { "type": "Point", "coordinates": [ -76.59076378672161, 39.286449880132267 ] } },
{ "type": "Feature", "properties": { "surname": "Whittingdon", "given": "Wm", "occupation": "stevedore", "house_no": 181, "street_raw": "S. Spring st", "street_matched": "SPRING (S.)", "side": "right", "confidence": "bracketed", "anchors_on_street": 8 }, "geometry": { "type": "Point", "coordinates": [ -76.597491935712767, 39.284627176851785 ] } },
{ "type": "Feature", "properties": { "surname": "John", "given": "caulker", "occupation": "", "house_no": 157, "street_raw": "Happy al", "street_matched": "DURHAM (S)", "side": "left", "confidence": "bracketed", "anchors_on_street": 9 }, "geometry": { "type": "Point", "coordinates": [ -76.590835737991668, 39.287557344731084 ] } },
{ "type": "Feature", "properties": { "surname": "Wm.", "given": "laborer", "occupation": "", "house_no": 56, "street_raw": "Orchard st", "street_matched": "ORCHARD", "side": "", "confidence": "street_proportional", "anchors_on_street": 0 }, "geometry": { "type": "Point", "coordinates": [ -76.623102806933503, 39.29807969743257 ] } },
{ "type": "Feature", "properties": { "surname": "Wickes", "given": "Elizabeth", "occupation": "washerwoman", "house_no": 59, "street_raw": "Perry st", "street_matched": "PERRY", "side": "", "confidence": "street_proportional", "anchors_on_street": 0 }, "geometry": { "type": "Point", "coordinates": [ -76.617288151028816, 39.284838495409453 ] } },
{ "type": "Feature", "properties": { "surname": "Peter", "given": "laborer", "occupation": "", "house_no": 21, "street_raw": "Ross st", "street_matched": "ROSS", "side": "left", "confidence": "bracketed", "anchors_on_street": 8 }, "geometry": { "type": "Point", "coordinates": [ -76.621764515032083, 39.296844055098639 ] } },
{ "type": "Feature", "properties": { "surname": "Isaac", "given": "laborer", "occupation": "", "house_no": 52, "street_raw": "Forrest st", "street_matched": "FORREST", "side": "", "confidence": "street_proportional", "anchors_on_street": 0 }, "geometry": { "type": "Point", "coordinates": [ -76.607919159192591, 39.300807785372648 ] } },
{ "type": "Feature", "properties": { "surname": "Wilkinson", "given": "Wm", "occupation": "laborer", "house_no": 65, "street_raw": "S. Strawberry al", "street_matched": "DALLAS (S)", "side": "left", "confidence": "bracketed", "anchors_on_street": 9 }, "geometry": { "type": "Point", "coordinates": [ -76.596289649383522, 39.289570051163473 ] } },
{ "type": "Feature", "properties": { "surname": "Wilks", "given": "Wm", "occupation": "porter", "house_no": 114, "street_raw": "Lexington st", "street_matched": "LEXINGTON", "side": "left", "confidence": "bracketed", "anchors_on_street": 21 }, "geometry": { "type": "Point", "coordinates": [ -76.617964231346193, 39.291581126678039 ] } },
{ "type": "Feature", "properties": { "surname": "Willey", "given": "Winijate", "occupation": "seaman", "house_no": 124, "street_raw": "Aisquith st", "street_matched": "AISQUITH", "side": "left", "confidence": "bracketed", "anchors_on_street": 15 }, "geometry": { "type": "Point", "coordinates": [ -76.601827123556617, 39.296442970345929 ] } },
{ "type": "Feature", "properties": { "surname": "AVilliams", "given": "Nathaniel F", "occupation": "barber", "house_no": 166, "street_raw": "N.Gay st", "street_matched": "GAY, (N)", "side": "left", "confidence": "single_anchor", "anchors_on_street": 9 }, "geometry": { "type": "Point", "coordinates": [ -76.601308965441916, 39.298082117436834 ] } },
{ "type": "Feature", "properties": { "surname": "Walter", "given": "sawyer", "occupation": "", "house_no": 58, "street_raw": "Orleans st", "street_matched": "ORLEANS", "side": "left", "confidence": "bracketed", "anchors_on_street": 10 }, "geometry": { "type": "Point", "coordinates": [ -76.600469946764221, 39.294947568975452 ] } },
{ "type": "Feature", "properties": { "surname": "Thomas", "given": "sawyer", "occupation": "", "house_no": 10, "street_raw": "Short st", "street_matched": "SHORT", "side": "", "confidence": "street_proportional", "anchors_on_street": 0 }, "geometry": { "type": "Point", "coordinates": [ -76.597758611283453, 39.295882203789148 ] } },
{ "type": "Feature", "properties": { "surname": "Samuel", "given": "laborer", "occupation": "", "house_no": 44, "street_raw": "Centre st", "street_matched": "CENTRE, (W)", "side": "left", "confidence": "extrapolated", "anchors_on_street": 4 }, "geometry": { "type": "Point", "coordinates": [ -76.61561127001282, 39.296304955378602 ] } },
{ "type": "Feature", "properties": { "surname": "Milley", "given": "laborer", "occupation": "", "house_no": 68, "street_raw": "Mulberry st", "street_matched": "MULBERRY", "side": "", "confidence": "street_proportional", "anchors_on_street": 0 }, "geometry": { "type": "Point", "coordinates": [ -76.649477310374721, 39.292812780720581 ] } },
{ "type": "Feature", "properties": { "surname": "Frances", "given": "washerwoman", "occupation": "", "house_no": 114, "street_raw": "Jasper st", "street_matched": "JASPER", "side": "", "confidence": "street_proportional", "anchors_on_street": 0 }, "geometry": { "type": "Point", "coordinates": [ -76.621788218447207, 39.292179144866836 ] } },
{ "type": "Feature", "properties": { "surname": "Henry", "given": "drayman", "occupation": "", "house_no": 182, "street_raw": "S. Howard st", "street_matched": "HOWARD (N)", "side": "left", "confidence": "single_anchor", "anchors_on_street": 2 }, "geometry": { "type": "Point", "coordinates": [ -76.619458177682532, 39.289354713598044 ] } },
{ "type": "Feature", "properties": { "surname": "Lydia", "given": "washerwoman", "occupation": "", "house_no": 218, "street_raw": "Hanover st", "street_matched": "HANOVER", "side": "left", "confidence": "bracketed", "anchors_on_street": 12 }, "geometry": { "type": "Point", "coordinates": [ -76.615799326490531, 39.280578894026782 ] } },
{ "type": "Feature", "properties": { "surname": "Benjamin", "given": "brickmaker", "occupation": "", "house_no": 138, "street_raw": "Hill st", "street_matched": "HILL", "side": "left", "confidence": "bracketed", "anchors_on_street": 5 }, "geometry": { "type": "Point", "coordinates": [ -76.618579706406948, 39.280889742421252 ] } },
{ "type": "Feature", "properties": { "surname": "Abraham", "given": "laborer", "occupation": "", "house_no": 12, "street_raw": "Peach al", "street_matched": "PEACH", "side": "", "confidence": "street_proportional", "anchors_on_street": 0 }, "geometry": { "type": "Point", "coordinates": [ -76.617948045109685, 39.278365181116691 ] } },
{ "type": "Feature", "properties": { "surname": "Perry", "given": "laborer", "occupation": "", "house_no": 107, "street_raw": "York st", "street_matched": "YORK", "side": "", "confidence": "street_proportional", "anchors_on_street": 0 }, "geometry": { "type": "Point", "coordinates": [ -76.611781776861562, 39.281461033473938 ] } },
{ "type": "Feature", "properties": { "surname": "Wm.", "given": "carter", "occupation": "", "house_no": 198, "street_raw": "S. Sharp st", "street_matched": "SHARP, (S)", "side": "left", "confidence": "bracketed", "anchors_on_street": 5 }, "geometry": { "type": "Point", "coordinates": [ -76.617746907560729, 39.280423744394774 ] } },
{ "type": "Feature", "properties": { "surname": "Thomas", "given": "brickmaker", "occupation": "2 Guilford al. L., shoemaker", "house_no": 158, "street_raw": "W. Lombard st", "street_matched": "LOMBARD, (W)", "side": "left", "confidence": "extrapolated", "anchors_on_street": 8 }, "geometry": { "type": "Point", "coordinates": [ -76.6278169831551, 39.287030180865059 ] } },
{ "type": "Feature", "properties": { "surname": "Williams", "given": "Kev. Wm", "occupation": "", "house_no": 8, "street_raw": "Dover st", "street_matched": "DOVER", "side": "", "confidence": "street_proportional", "anchors_on_street": 0 }, "geometry": { "type": "Point", "coordinates": [ -76.616162858645623, 39.286062348067375 ] } },
{ "type": "Feature", "properties": { "surname": "Henry", "given": "laborer", "occupation": "", "house_no": 42, "street_raw": "Forrest st", "street_matched": "FORREST", "side": "", "confidence": "street_proportional", "anchors_on_street": 0 }, "geometry": { "type": "Point", "coordinates": [ -76.607945361135378, 39.300907251744611 ] } },
{ "type": "Feature", "properties": { "surname": "James", "given": "laborer", "occupation": "", "house_no": 121, "street_raw": "Aisquith st", "street_matched": "AISQUITH", "side": "left", "confidence": "bracketed", "anchors_on_street": 15 }, "geometry": { "type": "Point", "coordinates": [ -76.601822419531985, 39.296341899866228 ] } },
{ "type": "Feature", "properties": { "surname": "Elias", "given": "teacher", "occupation": "", "house_no": 56, "street_raw": ">'. Caroline st", "street_matched": "CAROLINE (S.)", "side": "left", "confidence": "bracketed", "anchors_on_street": 10 }, "geometry": { "type": "Point", "coordinates": [ -76.597028146631445, 39.289421645798818 ] } },
{ "type": "Feature", "properties": { "surname": "Joseph", "given": "oysterman", "occupation": "", "house_no": 201, "street_raw": "S. Strawberry al", "street_matched": "DALLAS (S)", "side": "left", "confidence": "bracketed", "anchors_on_street": 9 }, "geometry": { "type": "Point", "coordinates": [ -76.596021020500288, 39.285127780124299 ] } },
{ "type": "Feature", "properties": { "surname": "Diana", "given": "washerwoman", "occupation": "", "house_no": 26, "street_raw": "Apple al", "street_matched": "BETHEL, (S)", "side": "left", "confidence": "bracketed", "anchors_on_street": 9 }, "geometry": { "type": "Point", "coordinates": [ -76.594825693396103, 39.290612928021893 ] } },
{ "type": "Feature", "properties": { "surname": "George", "given": "coachman", "occupation": "", "house_no": 10, "street_raw": "Dover st", "street_matched": "DOVER", "side": "", "confidence": "street_proportional", "anchors_on_street": 0 }, "geometry": { "type": "Point", "coordinates": [ -76.616368068663704, 39.286054809858364 ] } },
{ "type": "Feature", "properties": { "surname": "Rezin", "given": "sawyer", "occupation": "", "house_no": 9, "street_raw": "Welcome al", "street_matched": "WELCOME", "side": "", "confidence": "street_proportional", "anchors_on_street": 0 }, "geometry": { "type": "Point", "coordinates": [ -76.613644024462829, 39.282721257992733 ] } },
{ "type": "Feature", "properties": { "surname": "Robert", "given": "porter", "occupation": "", "house_no": 25, "street_raw": "Wayne st", "street_matched": "WAYNE", "side": "", "confidence": "street_proportional", "anchors_on_street": 0 }, "geometry": { "type": "Point", "coordinates": [ -76.618969089441094, 39.283483050800356 ] } },
{ "type": "Feature", "properties": { "surname": "Joseph", "given": "laborer", "occupation": "", "house_no": 32, "street_raw": "Star al", "street_matched": "CHAPEL", "side": "", "confidence": "street_proportional", "anchors_on_street": 0 }, "geometry": { "type": "Point", "coordinates": [ -76.59018146531912, 39.297539203218591 ] } },
{ "type": "Feature", "properties": { "surname": "Elizabeth", "given": "washerwoman", "occupation": "", "house_no": 171, "street_raw": "Washington", "street_matched": "WASHINGTON", "side": "", "confidence": "street_proportional", "anchors_on_street": 0 }, "geometry": { "type": "Point", "coordinates": [ -76.589448053869532, 39.296217320785949 ] } },
{ "type": "Feature", "properties": { "surname": "Henry", "given": "sa%vyer", "occupation": "", "house_no": 141, "street_raw": "Lancaster st", "street_matched": "LANCASTER", "side": "", "confidence": "street_proportional", "anchors_on_street": 0 }, "geometry": { "type": "Point", "coordinates": [ -76.588640845266355, 39.282762537590067 ] } },
{ "type": "Feature", "properties": { "surname": "Absalom", "given": "ship carpenter", "occupation": "", "house_no": 234, "street_raw": "Apple al", "street_matched": "BETHEL, (S)", "side": "right", "confidence": "bracketed", "anchors_on_street": 9 }, "geometry": { "type": "Point", "coordinates": [ -76.594283132932631, 39.283080243146649 ] } },
{ "type": "Feature", "properties": { "surname": "Samuel", "given": "seaman", "occupation": "", "house_no": 91, "street_raw": "Happy al", "street_matched": "DURHAM (S)", "side": "left", "confidence": "bracketed", "anchors_on_street": 9 }, "geometry": { "type": "Point", "coordinates": [ -76.590919531985847, 39.288940647529614 ] } },
{ "type": "Feature", "properties": { "surname": "Ann", "given": "Maria", "occupation": "washerwoman", "house_no": 216, "street_raw": "Happy al", "street_matched": "DURHAM (S)", "side": "left", "confidence": "bracketed", "anchors_on_street": 9 }, "geometry": { "type": "Point", "coordinates": [ -76.590691035969797, 39.285444556363913 ] } },
{ "type": "Feature", "properties": { "surname": "Daniel", "given": "shoemaker", "occupation": "96 Da\\\"isst. . Betsey, washerwoman", "house_no": 106, "street_raw": "Davis st", "street_matched": "DAVIS", "side": "", "confidence": "street_proportional", "anchors_on_street": 0 }, "geometry": { "type": "Point", "coordinates": [ -76.612191150473976, 39.295214848420983 ] } },
{ "type": "Feature", "properties": { "surname": "Andrew", "given": "laborer", "occupation": "", "house_no": 12, "street_raw": "X. Spring st", "street_matched": "SPRING (S.)", "side": "right", "confidence": "bracketed", "anchors_on_street": 8 }, "geometry": { "type": "Point", "coordinates": [ -76.597913735587696, 39.291299503605195 ] } },
{ "type": "Feature", "properties": { "surname": "Williamson", "given": "Lucy", "occupation": "cake shop", "house_no": 26, "street_raw": "S'. Liberty st", "street_matched": "LIBERTY, (N)", "side": "left", "confidence": "bracketed", "anchors_on_street": 5 }, "geometry": { "type": "Point", "coordinates": [ -76.617418053132241, 39.290969720447031 ] } },
{ "type": "Feature", "properties": { "surname": "Sarah", "given": "washerwoman", "occupation": "", "house_no": 31, "street_raw": "Short st", "street_matched": "SHORT", "side": "", "confidence": "street_proportional", "anchors_on_street": 0 }, "geometry": { "type": "Point", "coordinates": [ -76.59859943458379, 39.29584670305384 ] } },
{ "type": "Feature", "properties": { "surname": "Wilmore", "given": "Mitchell", "occupation": "laborer", "house_no": 33, "street_raw": "Short st", "street_matched": "SHORT", "side": "", "confidence": "street_proportional", "anchors_on_street": 0 }, "geometry": { "type": "Point", "coordinates": [ -76.598679512952003, 39.295843321754042 ] } },
{ "type": "Feature", "properties": { "surname": "Wilson", "given": "Thomas", "occupation": "laborer", "house_no": 77, "street_raw": "S. Strawberry al", "street_matched": "DALLAS (S)", "side": "left", "confidence": "bracketed", "anchors_on_street": 9 }, "geometry": { "type": "Point", "coordinates": [ -76.596265248188047, 39.289166531087261 ] } },
{ "type": "Feature", "properties": { "surname": "John", "given": "E", "occupation": "caulker", "house_no": 140, "street_raw": "Happy al", "street_matched": "DURHAM (S)", "side": "left", "confidence": "bracketed", "anchors_on_street": 9 }, "geometry": { "type": "Point", "coordinates": [ -76.590861445553273, 39.287975244581304 ] } },
{ "type": "Feature", "properties": { "surname": "Sarah", "given": "cook", "occupation": "", "house_no": 30, "street_raw": "State st", "street_matched": "STATE", "side": "", "confidence": "street_proportional", "anchors_on_street": 0 }, "geometry": { "type": "Point", "coordinates": [ -76.620311851216101, 39.293537241014512 ] } },
{ "type": "Feature", "properties": { "surname": "Wm.", "given": "brickmaker", "occupation": "", "house_no": 32, "street_raw": "Vine st", "street_matched": "VINE", "side": "", "confidence": "street_proportional", "anchors_on_street": 0 }, "geometry": { "type": "Point", "coordinates": [ -76.629420653167088, 39.290593634318569 ] } },
{ "type": "Feature", "properties": { "surname": "James", "given": "shoemaker", "occupation": "", "house_no": 160, "street_raw": "Happy al", "street_matched": "DURHAM (S)", "side": "left", "confidence": "bracketed", "anchors_on_street": 9 }, "geometry": { "type": "Point", "coordinates": [ -76.590828840530264, 39.287448460267512 ] } },
{ "type": "Feature", "properties": { "surname": "James", "given": "laborer", "occupation": "", "house_no": 123, "street_raw": "Tyson st", "street_matched": "TYSON", "side": "", "confidence": "street_proportional", "anchors_on_street": 0 }, "geometry": { "type": "Point", "coordinates": [ -76.61921447861657, 39.298015162514453 ] } },
{ "type": "Feature", "properties": { "surname": "Wm.", "given": "brickmaker", "occupation": "", "house_no": 266, "street_raw": "Light st", "street_matched": "LIGHT-ST. WHF", "side": "right", "confidence": "extrapolated", "anchors_on_street": 4 }, "geometry": { "type": "Point", "coordinates": [ -76.612657663534307, 39.27948595951122 ] } },
{ "type": "Feature", "properties": { "surname": "Sophia", "given": "washervNoman", "occupation": "", "house_no": 81, "street_raw": "Hill st", "street_matched": "HILL", "side": "left", "confidence": "bracketed", "anchors_on_street": 5 }, "geometry": { "type": "Point", "coordinates": [ -76.61618755992734, 39.280961223046624 ] } },
{ "type": "Feature", "properties": { "surname": "James", "given": "coachman", "occupation": "", "house_no": 106, "street_raw": "Jasper st", "street_matched": "JASPER", "side": "", "confidence": "street_proportional", "anchors_on_street": 0 }, "geometry": { "type": "Point", "coordinates": [ -76.621811610078993, 39.292542308995827 ] } },
{ "type": "Feature", "properties": { "surname": "Thomas", "given": "laborer", "occupation": "", "house_no": 20, "street_raw": "Wayne st", "street_matched": "WAYNE", "side": "", "confidence": "street_proportional", "anchors_on_street": 0 }, "geometry": { "type": "Point", "coordinates": [ -76.619039021852458, 39.283479689243642 ] } },
{ "type": "Feature", "properties": { "surname": "Tliomas", "given": "laborer", "occupation": "", "house_no": 50, "street_raw": "Hill st", "street_matched": "HILL", "side": "left", "confidence": "bracketed", "anchors_on_street": 5 }, "geometry": { "type": "Point", "coordinates": [ -76.61483812452191, 39.281003263581177 ] } },
{ "type": "Feature", "properties": { "surname": "Harriet", "given": "washerwoman", "occupation": "", "house_no": 31, "street_raw": "Short st", "street_matched": "SHORT", "side": "", "confidence": "street_proportional", "anchors_on_street": 0 }, "geometry": { "type": "Point", "coordinates": [ -76.59859943458379, 39.29584670305384 ] } },
{ "type": "Feature", "properties": { "surname": "Charles", "given": "drayman", "occupation": "", "house_no": 20, "street_raw": "Forrest st", "street_matched": "FORREST", "side": "", "confidence": "street_proportional", "anchors_on_street": 0 }, "geometry": { "type": "Point", "coordinates": [ -76.608003005668209, 39.301126077731865 ] } },
{ "type": "Feature", "properties": { "surname": "Daniel", "given": "huckster", "occupation": "", "house_no": 193, "street_raw": "Alice Anna st", "street_matched": "ALICE ANNA", "side": "left", "confidence": "bracketed", "anchors_on_street": 15 }, "geometry": { "type": "Point", "coordinates": [ -76.594586895067593, 39.283475153743105 ] } },
{ "type": "Feature", "properties": { "surname": "Elizabeth", "given": "washerwoman", "occupation": "", "house_no": 1, "street_raw": "Tyson st", "street_matched": "TYSON", "side": "", "confidence": "street_proportional", "anchors_on_street": 0 }, "geometry": { "type": "Point", "coordinates": [ -76.619389187530317, 39.300718710388949 ] } },
{ "type": "Feature", "properties": { "surname": "Andrew", "given": "laborer", "occupation": "104 West st. I Isaac, grain measurer, 21 Johnson st. I Philip, grain measurer, 23 Johnson st. ; David, laborer, 95 Salisbury st. I John, laborer, 111 St. Paulst. > Susan, washerwoman, 344 X. Howard st. I Daniel, plasterer", "house_no": 52, "street_raw": "Orchard st", "street_matched": "ORCHARD", "side": "", "confidence": "street_proportional", "anchors_on_street": 0 }, "geometry": { "type": "Point", "coordinates": [ -76.622816602514789, 39.298315189091802 ] } },
{ "type": "Feature", "properties": { "surname": "James", "given": "laborer", "occupation": "92 Davis st. • Lucy, washerwoman, 14 Liberty al. j Henny, washer, 21 3Iechanics' court, I Wm., sawyer, IS Mechanics' court. ! • Jacob, laborer, 11 Falls st. ) John, porter", "house_no": 69, "street_raw": "Stirling st", "street_matched": "STIRLING", "side": "", "confidence": "street_proportional", "anchors_on_street": 0 }, "geometry": { "type": "Point", "coordinates": [ -76.602727873832649, 39.301573598396544 ] } },
{ "type": "Feature", "properties": { "surname": "Wood", "given": "James H", "occupation": "barber", "house_no": 62, "street_raw": "Hillen st", "street_matched": "HILLEN", "side": "left", "confidence": "bracketed", "anchors_on_street": 3 }, "geometry": { "type": "Point", "coordinates": [ -76.607808921639418, 39.295166640598623 ] } },
{ "type": "Feature", "properties": { "surname": "Woodland", "given": "Henry", "occupation": "laborer, 6 Asbury lane, J Woods Emeline, washerwoman, 3 N. Spring st. I Stephen, laborer. 104 Potter st. I Dabney, 205 l^jflxetei st. ] Woodyard Caleb, porter, 120 Jasper st. ) Woodyear Wm. H., brickmaker, 132 Hill st. I Woolford Solomon, laborer, 61 S. Caroline st. ; Stephen, laborer, 19 Scott st. > Henrietta, washerwoman, 2 Halfmoon al. \\ Worrell Henn, -, barber, 196 X. Gay st. I Worthington Brice, porter, 112 State st. I Vachel, laborer. 3 Scott st. I Wright Harrison, laborer", "house_no": 109, "street_raw": "S. Spring st", "street_matched": "SPRING (S.)", "side": "left", "confidence": "bracketed", "anchors_on_street": 8 }, "geometry": { "type": "Point", "coordinates": [ -76.597694290068588, 39.28782813645671 ] } },
{ "type": "Feature", "properties": { "surname": "Milley", "given": "washerwoman", "occupation": "495 Sarotoga st. .Tames, laborer", "house_no": 507, "street_raw": "Saratoga st", "street_matched": "SARATOGA", "side": "left", "confidence": "bracketed", "anchors_on_street": 16 }, "geometry": { "type": "Point", "coordinates": [ -76.635315962077016, 39.292409485674362 ] } },
{ "type": "Feature", "properties": { "surname": "Jane", "given": "Ann", "occupation": "washerwoman, 413 Lexington street. \\ Charles, sawyer, S Forrest st. I Ellen, washerwoman", "house_no": 30, "street_raw": "Wayne st", "street_matched": "WAYNE", "side": "", "confidence": "street_proportional", "anchors_on_street": 0 }, "geometry": { "type": "Point", "coordinates": [ -76.618899157023094, 39.283486412315412 ] } },
{ "type": "Feature", "properties": { "surname": "Robert", "given": "steward of steamboat", "occupation": "99 S. Spring. ! Henry, laborer, 14 Harford av. j Jacob, laborer, 15 Douglass st. I Rachel, washerwoman, 27 Star al. I Martha, huckster, 73 Stirling st. > Younger Marshall, laborer", "house_no": 87, "street_raw": "Happy al", "street_matched": "DURHAM (S)", "side": "left", "confidence": "bracketed", "anchors_on_street": 9 }, "geometry": { "type": "Point", "coordinates": [ -76.590924273805243, 39.289019455920055 ] } }
]
}
