{"type":"FeatureCollection","crs":{"type":"name","properties":{"name":"EPSG:4326"}},"features":[{"type":"Feature","id":1,"geometry":{"type":"Polygon","coordinates":[[[-76.6929265859565,39.3634139934073],[-76.6949584945228,39.3609278173627],[-76.696133241241,39.3619187279279],[-76.6961522251807,39.3619044741741],[-76.6968215065866,39.3614019562354],[-76.6968466831029,39.3613830525136],[-76.6975087716055,39.3619150105943],[-76.6977528009146,39.3617413084758],[-76.6984242255806,39.362280548853],[-76.6975793500308,39.3629175889439],[-76.6975328428517,39.3628520956608],[-76.6968289671469,39.3633369539855],[-76.6966042040339,39.3633799564891],[-76.6968632893445,39.3640634162762],[-76.696002219229,39.3641047757416],[-76.6956558700168,39.3641329349947],[-76.6952627323418,39.3641609719975],[-76.6941860641959,39.3642889244824],[-76.6942321931149,39.3644415832518],[-76.6939698705822,39.3645135381149],[-76.6939790395925,39.3645571441078],[-76.6939696823673,39.3645571197587],[-76.694089854832,39.3648988286213],[-76.6940989624116,39.3649569624157],[-76.6932089262845,39.3652016105624],[-76.6928562579437,39.365339818669],[-76.6926933783007,39.3654036498943],[-76.6926893638429,39.3653965740292],[-76.6922847666037,39.3646834704812],[-76.6929265859565,39.3634139934073]]]},"properties":{"OBJECTID":1,"GIS_ID":"1013_1","FTYPE":1013,"AREA_NAME":"Bancroft Park","AREA_TYPE":500,"ACRE":29.19933434,"CNTCT_NME":"[redacted]","CNTCT_DPT":"[redacted]","CNTCT_PHN":"[redacted]","CNTCT_EML":"[redacted]","CNTCT_ADDR":"[redacted]","CNTCT_AD_1":"8th Floor","CNTCT_CITY":"Baltimore","CNTCT_STAT":"MD","CNTCT_ZIP":"21202","SHAPE_Leng":5711.54369802,"GlobalID":"1414d388-3d7c-4e02-a5ea-73eb859944d6","URL":" ","CHAPcode":"A18","created_user":"[redacted]","created_date":1520858965000,"last_edited_user":"[redacted]","last_edited_date":1520858965000,"Shape__Area":1271917.9164428711,"Shape__Length":5711.5436979837032}},{"type":"Feature","id":2,"geometry":{"type":"Polygon","coordinates":[[[-76.6386019648261,39.316035871893],[-76.6375862661537,39.3149961474477],[-76.6372768432689,39.3146825488213],[-76.6374460268017,39.314585705836],[-76.6372006642482,39.3143294140988],[-76.6370344948119,39.3144271415785],[-76.636959978905,39.3143562284429],[-76.636916654819,39.3143610703552],[-76.6367598491313,39.3141831591179],[-76.6361260873531,39.3135390950195],[-76.6357668296668,39.3132031217474],[-76.6347051970685,39.3120994762444],[-76.633670157005,39.311047044772],[-76.6332031171318,39.3105667516883],[-76.6331623097183,39.3105136032306],[-76.6338490242523,39.3104737031604],[-76.6340420426611,39.3104811681659],[-76.6348431628463,39.3104440226296],[-76.63549288352,39.3104067335858],[-76.6357463973496,39.3103515018012],[-76.6364914562269,39.310328955318],[-76.6364996587273,39.3104755009062],[-76.6365092168943,39.3107274307588],[-76.6365172366598,39.3108521838291],[-76.6365287601563,39.3108516700126],[-76.636533928731,39.3109327610343],[-76.6365398653275,39.3110020068168],[-76.6368212330706,39.3109913678056],[-76.6368645622417,39.310989434479],[-76.6370486894956,39.311177802337],[-76.637187789683,39.311311662303],[-76.6372949751059,39.3113969261284],[-76.637405640002,39.3114396525986],[-76.6377778666485,39.311817900949],[-76.6382371408868,39.3122902313176],[-76.6395198284893,39.3136032517094],[-76.6399198474857,39.3140069479032],[-76.6403630648021,39.314455235122],[-76.640701118693,39.3141781158784],[-76.641045278292,39.3145266446036],[-76.6406676877009,39.3148460270292],[-76.6404221802023,39.3150819037491],[-76.6403206453625,39.3151605547886],[-76.6403190572358,39.3151606859416],[-76.6401588756625,39.3152545791119],[-76.6397632425659,39.3154515361434],[-76.6393895050308,39.3156407098712],[-76.6392233386311,39.3157371487375],[-76.6389717394326,39.3159524133924],[-76.6386965267941,39.316096721117],[-76.6386019648261,39.316035871893]]]},"properties":{"OBJECTID":2,"GIS_ID":"1013_3","FTYPE":1013,"AREA_NAME":"Eutaw Place/Madison Place","AREA_TYPE":500,"ACRE":39.90489013,"CNTCT_NME":"[redacted]","CNTCT_DPT":"[redacted]","CNTCT_PHN":"[redacted]","CNTCT_EML":"[redacted]","CNTCT_ADDR":"[redacted]","CNTCT_AD_1":"8th Floor","CNTCT_CITY":"Baltimore","CNTCT_STAT":"MD","CNTCT_ZIP":"21202","SHAPE_Leng":6771.7004132,"GlobalID":"fcc715a7-7435-4d59-ba35-ef9d48fd8f3a","URL":" ","CHAPcode":"A13","created_user":"[redacted]","created_date":1520858965000,"last_edited_user":"[redacted]","last_edited_date":1520858965000,"Shape__Area":1738250.0612792969,"Shape__Length":6771.7004132336615}},{"type":"Feature","id":3,"geometry":{"type":"Polygon","coordinates":[[[-76.6235241614516,39.2874133346285],[-76.6235849652281,39.2874103569977],[-76.623617483407,39.2880561424989],[-76.6227889108726,39.2880815516483],[-76.6222060548062,39.2881017481693],[-76.6221967978517,39.2879228571006],[-76.6221732010211,39.2874715452245],[-76.6224604001334,39.2874643176072],[-76.622804519348,39.2874494318476],[-76.6235241614516,39.2874133346285]]]},"properties":{"OBJECTID":3,"GIS_ID":"1013_4","FTYPE":1013,"AREA_NAME":"Loft","AREA_TYPE":500,"ACRE":2.12242964,"CNTCT_NME":"[redacted]","CNTCT_DPT":"[redacted]","CNTCT_PHN":"[redacted]","CNTCT_EML":"[redacted]","CNTCT_ADDR":"[redacted]","CNTCT_AD_1":"8th Floor","CNTCT_CITY":"Baltimore","CNTCT_STAT":"MD","CNTCT_ZIP":"21202","SHAPE_Leng":1265.21325868,"GlobalID":"7d73ad5d-f257-49cd-95c4-1c1d53268258","URL":" ","CHAPcode":"A07","created_user":"[redacted]","created_date":1520858965000,"last_edited_user":"[redacted]","last_edited_date":1520858965000,"Shape__Area":92452.665344238281,"Shape__Length":1265.2132587118047}},{"type":"Feature","id":4,"geometry":{"type":"Polygon","coordinates":[[[-76.6558683438703,39.2785797220329],[-76.6580487874194,39.2778549229676],[-76.6584954548298,39.2777127680825],[-76.6585724671265,39.2778480647985],[-76.6586627003442,39.2780102867151],[-76.658199740084,39.2781692093351],[-76.6574312632243,39.2784233327287],[-76.6559798485129,39.2788968140953],[-76.6558683438703,39.2785797220329]]]},"properties":{"OBJECTID":4,"GIS_ID":"1013_6","FTYPE":1013,"AREA_NAME":"Wilkens Avenue","AREA_TYPE":500,"ACRE":2.26187281,"CNTCT_NME":"[redacted]","CNTCT_DPT":"[redacted]","CNTCT_PHN":"[redacted]","CNTCT_EML":"[redacted]","CNTCT_ADDR":"[redacted]","CNTCT_AD_1":"8th Floor","CNTCT_CITY":"Baltimore","CNTCT_STAT":"MD","CNTCT_ZIP":"21202","SHAPE_Leng":1871.2351707,"GlobalID":"8cda652b-1c4b-4549-9ed9-012d9e1e28d9","URL":" ","CHAPcode":"A19","created_user":"[redacted]","created_date":1520858965000,"last_edited_user":"[redacted]","last_edited_date":1520858965000,"Shape__Area":98526.785339355469,"Shape__Length":1871.2351707115142}},{"type":"Feature","id":5,"geometry":{"type":"Polygon","coordinates":[[[-76.5852947447506,39.2900149389085],[-76.5852694779136,39.2895776254635],[-76.5850023612363,39.2895892036348],[-76.584677204994,39.2895978467138],[-76.5845619326777,39.2896009106613],[-76.5845302409236,39.289170876741],[-76.5845312501305,39.2891667917527],[-76.5852345204821,39.2891358153675],[-76.5860627481237,39.2891092222788],[-76.5860840850493,39.2895396579479],[-76.5861146196046,39.2899835130784],[-76.5852947447506,39.2900149389085]]]},"properties":{"OBJECTID":5,"GIS_ID":"1013_13","FTYPE":1013,"AREA_NAME":"Butcher's Hill","AREA_TYPE":500,"ACRE":2.44070036,"CNTCT_NME":"[redacted]","CNTCT_DPT":"[redacted]","CNTCT_PHN":"[redacted]","CNTCT_EML":"[redacted]","CNTCT_ADDR":"[redacted]","CNTCT_AD_1":"8th Floor","CNTCT_CITY":"Baltimore","CNTCT_STAT":"MD","CNTCT_ZIP":"21202","SHAPE_Leng":1503.42345025,"GlobalID":"66deb5dd-5d4c-4056-bd3e-f2009b8cd997","URL":" ","CHAPcode":"A12","created_user":"[redacted]","created_date":1520858965000,"last_edited_user":"[redacted]","last_edited_date":1520858965000,"Shape__Area":106316.48248291016,"Shape__Length":1503.4234502611425}},{"type":"Feature","id":6,"geometry":{"type":"Polygon","coordinates":[[[-76.6073916705957,39.3271518618272],[-76.6068365045059,39.3269341836436],[-76.6067504671521,39.3269004626675],[-76.6067462718242,39.3269070232087],[-76.6066772319021,39.3268806632313],[-76.6061061688341,39.3266614709537],[-76.606262653068,39.326414983328],[-76.6063019873987,39.3263513167216],[-76.6057323513649,39.3261277884375],[-76.6054808552375,39.3260275638258],[-76.605514821382,39.3259722645437],[-76.605673404849,39.325723148196],[-76.6056902813627,39.3256954481772],[-76.6058992905082,39.3257737110174],[-76.6061819341261,39.3258803578751],[-76.6062850065043,39.3259425316126],[-76.6063942412951,39.3260017002728],[-76.6065107954826,39.326045825576],[-76.6066357424717,39.3260925513949],[-76.6066746856223,39.3261066235383],[-76.6068348844882,39.3261640824506],[-76.6068579795608,39.3261275468896],[-76.607097299804,39.3262161757166],[-76.6071732031958,39.3262426547734],[-76.6072855991679,39.326061307523],[-76.607317916927,39.325994934694],[-76.6073248750553,39.3259786750702],[-76.6074473794856,39.3256953703181],[-76.6076203936936,39.3252883681957],[-76.6079860997848,39.3253971777664],[-76.6079722060308,39.3254254924665],[-76.608244291452,39.3254499299668],[-76.6083773018891,39.3254618668008],[-76.6082932525058,39.3257669133032],[-76.6082839232109,39.3258162883873],[-76.6084120851434,39.3258349934737],[-76.6084332869113,39.3258380870268],[-76.6084992121705,39.3258477086681],[-76.6084870772204,39.3259133176579],[-76.6084276367222,39.3261986242651],[-76.6086922607087,39.3262378324838],[-76.6086541210617,39.3263905457539],[-76.6086448316714,39.326421586213],[-76.608124758003,39.3263378409965],[-76.6081164506647,39.3263720364154],[-76.6080798089025,39.3265092922082],[-76.6080744689448,39.3265292962846],[-76.6080115961568,39.3265141215538],[-76.6077959128691,39.3268553539565],[-76.607754679977,39.3269162809363],[-76.6075874284989,39.3268500084296],[-76.6075505834065,39.3269066434996],[-76.6074079070176,39.3271268058416],[-76.6073916705957,39.3271518618272]]]},"properties":{"OBJECTID":6,"GIS_ID":"1013_19","FTYPE":1013,"AREA_NAME":"Better Waverly","AREA_TYPE":500,"ACRE":6.04712704,"CNTCT_NME":"[redacted]","CNTCT_DPT":"[redacted]","CNTCT_PHN":"[redacted]","CNTCT_EML":"[redacted]","CNTCT_ADDR":"[redacted]","CNTCT_AD_1":"8th Floor","CNTCT_CITY":"Baltimore","CNTCT_STAT":"MD","CNTCT_ZIP":"21202","SHAPE_Leng":3064.34623746,"GlobalID":"309df942-b7e8-40a2-a097-6f98f02c34ec","URL":" ","CHAPcode":"A29","created_user":"[redacted]","created_date":1520858965000,"last_edited_user":"[redacted]","last_edited_date":1520858965000,"Shape__Area":263411.80017089844,"Shape__Length":3064.3462374595751}},{"type":"Feature","id":7,"geometry":{"type":"Polygon","coordinates":[[[-76.7047684581586,39.3190540380899],[-76.7043896385928,39.3188694744882],[-76.703850203841,39.3191244398746],[-76.7032923438113,39.3193770188166],[-76.7030630537475,39.3190814372317],[-76.7029920993767,39.3190043663996],[-76.7028866400539,39.3190521448936],[-76.7028232613374,39.3189818280106],[-76.702403023978,39.3184709280233],[-76.7030793908298,39.3181431518985],[-76.7033990690062,39.3179989456822],[-76.7033309067371,39.3179301473496],[-76.7032919220633,39.3179072824942],[-76.7032475040252,39.3178812296656],[-76.703238490697,39.3178628487338],[-76.7031887777839,39.3177614663532],[-76.7031855353423,39.3177548538697],[-76.7031463708377,39.3176749827826],[-76.7031438792183,39.3176699025676],[-76.7031386513865,39.317645041289],[-76.7031287903948,39.31759814138],[-76.7031192022863,39.3175525401387],[-76.7031116004861,39.3175163846688],[-76.7030823985157,39.3173775026987],[-76.7031347780155,39.3172667356421],[-76.703166752004,39.3171991214737],[-76.7031430342715,39.3171243975353],[-76.7031048637538,39.3170041357139],[-76.7030948481924,39.3169900244892],[-76.7030756090594,39.3169629173646],[-76.7028970739805,39.3167113659779],[-76.7029151954921,39.3166489835294],[-76.7029159308454,39.3166464524801],[-76.7029394892435,39.3165653508786],[-76.7029361146631,39.3165465644191],[-76.7029227726989,39.3164722981059],[-76.7028838212717,39.3162554648268],[-76.7028782132644,39.3162242441713],[-76.7026991025811,39.3160140678121],[-76.7026702236472,39.3159801806009],[-76.7026042068302,39.3159440349063],[-76.7025024259267,39.3158883073173],[-76.7023683044556,39.3158148709625],[-76.7022911365011,39.3157772772656],[-76.7021680444945,39.315871094651],[-76.7026553434069,39.3164340839382],[-76.7024478011301,39.31644242563],[-76.702207477503,39.3164799249346],[-76.7019894591,39.3164805747914],[-76.7017633138282,39.3164686399624],[-76.7013973794197,39.3168890328494],[-76.7011675411337,39.3171909744291],[-76.701537850232,39.3173000891673],[-76.7014812998183,39.3174592385925],[-76.7010752790668,39.3173447895919],[-76.699805216714,39.3180485442815],[-76.6997714084355,39.3180130953983],[-76.6996735502414,39.3180681450788],[-76.6996641077919,39.3180738109829],[-76.6995677137999,39.3181316530366],[-76.6995347751893,39.318144947661],[-76.6994144044176,39.3181935316354],[-76.699355934671,39.3182171312354],[-76.6992421755595,39.3182630468123],[-76.6991280190287,39.3183091224956],[-76.6989772381627,39.3183198867673],[-76.6988721638705,39.3183273883539],[-76.6986889441237,39.3183404687318],[-76.6983338212313,39.3182908506106],[-76.6982481727461,39.318229460843],[-76.6981459644865,39.3181562007392],[-76.6980837607672,39.3181116150938],[-76.6976818049213,39.3178870337902],[-76.6976458623355,39.317866951893],[-76.6975445512801,39.3178329167027],[-76.6970614495023,39.3176706174956],[-76.6965394650291,39.3175393836358],[-76.6962264294434,39.3174249246347],[-76.6959564502332,39.3170183315262],[-76.6960421435011,39.3165314780922],[-76.6963379465189,39.3165376598901],[-76.6966452843619,39.3164925495893],[-76.6966853550616,39.3164850335713],[-76.6966668865789,39.3165901178339],[-76.6966658316365,39.316630440784],[-76.6966755647495,39.3167303329473],[-76.6967136987164,39.3168538476071],[-76.6967396891719,39.3169684765439],[-76.6967808187376,39.3170648503036],[-76.6968397126395,39.317191827807],[-76.696937381147,39.317296708096],[-76.6969381617076,39.317297217231],[-76.6969496064918,39.3173046752264],[-76.6970492944976,39.3173603580744],[-76.6972288637117,39.3174184751125],[-76.6974909272845,39.3174563878539],[-76.6977072312253,39.3174680146389],[-76.697828138063,39.3174729500195],[-76.6979897402306,39.3174803669389],[-76.6983406174061,39.3174865392775],[-76.698755442659,39.3174476703821],[-76.6987997030742,39.3174372162303],[-76.6989391452134,39.3174129164018],[-76.6990274391348,39.3173834241188],[-76.6991306865297,39.3173571244776],[-76.6991043008373,39.3173199379336],[-76.69859229953,39.3167780941347],[-76.6979027573739,39.3160484384508],[-76.6984418936285,39.3151106253394],[-76.6999420093478,39.3142790632845],[-76.7003097877277,39.3140725751313],[-76.7004537077014,39.3139838100973],[-76.7008815900215,39.3137007969377],[-76.7010425327458,39.3135680899504],[-76.7014467252246,39.3138500003466],[-76.7015651430784,39.3139277845861],[-76.7017741365632,39.3137397322061],[-76.7017832905033,39.3137310794065],[-76.702451241652,39.3131375213952],[-76.7051334989249,39.3133209544985],[-76.7054446799118,39.3130521546476],[-76.7055352705697,39.3129738596437],[-76.7052461218288,39.3127719737144],[-76.7056489191513,39.312423838826],[-76.7059097713627,39.3126073118898],[-76.7059393733566,39.3125834746382],[-76.7064170953597,39.3121777873432],[-76.7066916840196,39.3120770845025],[-76.7064117772982,39.3127926805562],[-76.7062693934108,39.3131616153898],[-76.7062339442531,39.3132469035198],[-76.7064504570514,39.313345082307],[-76.7066537955647,39.3135456034995],[-76.7068111397874,39.3137277783974],[-76.7068936668735,39.3139657922613],[-76.7069231033855,39.3141677895705],[-76.7068464250772,39.3144895687819],[-76.7068236877757,39.314860496808],[-76.7067403279873,39.3150311358843],[-76.7067175980956,39.3150235551968],[-76.7064980328756,39.3153331920153],[-76.7064975430447,39.3154053120383],[-76.7065033989115,39.3155142984871],[-76.7065128109603,39.3157001196693],[-76.7065100964178,39.3157407349067],[-76.7065354999184,39.3159389957304],[-76.7065504168652,39.3160754551336],[-76.7066569947032,39.3162481337118],[-76.7068595880222,39.3165763742794],[-76.706971358168,39.316828643112],[-76.706989725606,39.3168675283259],[-76.7069861013977,39.3169265697252],[-76.706980820001,39.3170125772323],[-76.7069326702926,39.3171134510024],[-76.7068983443927,39.3171853659047],[-76.7068689397214,39.3172250408369],[-76.706817617311,39.3172762005865],[-76.7066153031544,39.3174778770119],[-76.7071697534047,39.317856916976],[-76.7072829952657,39.3179343329383],[-76.7079831824175,39.3182870030577],[-76.7085294199655,39.3183706406566],[-76.7090571131178,39.3182885955691],[-76.7091038447212,39.3179943680614],[-76.7094172946674,39.3177513260063],[-76.7095211132587,39.3176708259854],[-76.7096759230886,39.3176498607626],[-76.7099730383928,39.3176096210804],[-76.7099779197366,39.3176041052286],[-76.7100671037315,39.3175033287728],[-76.710637782628,39.3178082607079],[-76.7111267714331,39.3180695387355],[-76.7112319093713,39.3181257165157],[-76.7112390012666,39.3185287434445],[-76.7112514847959,39.3192383732285],[-76.711248698807,39.3200395678625],[-76.7112226046089,39.3198700612423],[-76.7112010377136,39.319781438543],[-76.7111622222086,39.3196219421804],[-76.711158733122,39.3196053589302],[-76.711155058605,39.3195878942918],[-76.7111198368439,39.3194204774469],[-76.71111624199,39.3194033886143],[-76.7111111830258,39.319379341502],[-76.7111007067489,39.3193295466825],[-76.7110346051599,39.3192347028756],[-76.7109760217841,39.3191506468698],[-76.7108764771624,39.3189817124961],[-76.7108628011136,39.3189585034851],[-76.7108514710195,39.3189392752487],[-76.7108404234614,39.3189335157025],[-76.71081208424,39.3189187394479],[-76.7107072593077,39.3188640834432],[-76.710702011526,39.3188613475618],[-76.7106637507643,39.3188413981677],[-76.7104340940823,39.3187758894626],[-76.7104277952186,39.3187744048216],[-76.7104236952241,39.3187734381243],[-76.710225273641,39.3187266667805],[-76.7100585233336,39.3186126053263],[-76.709717696097,39.3185823383303],[-76.7096824225344,39.3185792057691],[-76.7096673911588,39.318598525732],[-76.7096467874149,39.3186250072923],[-76.7096326534047,39.3186613599276],[-76.709619039799,39.3187444987455],[-76.7096187865146,39.3188063489438],[-76.7095138111484,39.3189197406156],[-76.7093895671652,39.318986099685],[-76.7092732189735,39.3190589518363],[-76.709233470515,39.3191018264287],[-76.7091773038094,39.3191602577475],[-76.7089333612739,39.3193206167625],[-76.7089268897463,39.3193241830128],[-76.7089268552416,39.3193325887149],[-76.7088780851491,39.3194007005381],[-76.70880094462,39.3194537571934],[-76.7087801918585,39.319464429186],[-76.7087399948388,39.3194851008412],[-76.7086124252149,39.3195507050201],[-76.7084530959356,39.3196490652713],[-76.7084158125469,39.3196720814856],[-76.7083715907372,39.3196993806457],[-76.708334627011,39.3197221994624],[-76.7082606224997,39.3197318690742],[-76.7081419076477,39.3197443667611],[-76.7081308736976,39.3197443393599],[-76.7080678260077,39.3197747298601],[-76.7077957686907,39.3199058648273],[-76.7074398277454,39.3200511014768],[-76.7071469943012,39.3200990792507],[-76.7070154468327,39.320069530206],[-76.7069131246129,39.3200465464939],[-76.7068833491466,39.3200398580402],[-76.7068546303075,39.3200334073098],[-76.7068284063355,39.3200288120328],[-76.7068079196572,39.320025221886],[-76.7068052740829,39.3200247586066],[-76.7066309954393,39.3199942197884],[-76.706593544915,39.3199876571232],[-76.7064786590573,39.3199675258634],[-76.7061025527581,39.319934114864],[-76.7057892879124,39.3198683879978],[-76.7057719015272,39.319863572306],[-76.7055006255532,39.3197884387719],[-76.7054343547411,39.3197700838733],[-76.7053305857192,39.319591229582],[-76.7052153322523,39.319444697679],[-76.7051642462995,39.3193797471408],[-76.7051264287051,39.3193486259681],[-76.7047684581586,39.3190540380899]]]},"properties":{"OBJECTID":7,"GIS_ID":"1013_20","FTYPE":1013,"AREA_NAME":"Dickeyville","AREA_TYPE":500,"ACRE":112.08915044,"CNTCT_NME":"[redacted]","CNTCT_DPT":"[redacted]","CNTCT_PHN":"[redacted]","CNTCT_EML":"[redacted]","CNTCT_ADDR":"[redacted]","CNTCT_AD_1":"8th Floor","CNTCT_CITY":"Baltimore","CNTCT_STAT":"MD","CNTCT_ZIP":"21202","SHAPE_Leng":17554.93452184,"GlobalID":"f5a7f472-d23f-4512-bbea-f556265bc9b5","URL":" ","CHAPcode":"A04","created_user":"[redacted]","created_date":1520858965000,"last_edited_user":"[redacted]","last_edited_date":1520858965000,"Shape__Area":4882583.8625488281,"Shape__Length":17554.934521880237}},{"type":"Feature","id":8,"geometry":{"type":"Polygon","coordinates":[[[-76.6099309834326,39.3150390111102],[-76.6099200498974,39.314837887877],[-76.6094925511488,39.3148504973448],[-76.6094920736809,39.3148504471175],[-76.6094913135956,39.3148991906778],[-76.6093760930051,39.3148995112391],[-76.609014496767,39.3148942977106],[-76.60879338346,39.3148911100082],[-76.6087931754915,39.3149288076591],[-76.6086182617484,39.3149357285409],[-76.6086181440342,39.3149234409678],[-76.6084855585392,39.3149275814688],[-76.6081137179578,39.3149386265749],[-76.6080636301551,39.3145857315739],[-76.6093777449722,39.3145282557745],[-76.609383668319,39.3145279962294],[-76.6094997205611,39.3145235214475],[-76.6094965957512,39.3144127201511],[-76.609500961678,39.3141976967983],[-76.6099104017683,39.3141840923854],[-76.6099065328539,39.3140119869148],[-76.6106097866857,39.3139918724377],[-76.6106675986344,39.3139883231505],[-76.6106907739355,39.3141530099884],[-76.6111146625872,39.3141394483442],[-76.611160430431,39.3147952349914],[-76.6107449729492,39.3148078888544],[-76.6107499140837,39.3150043145437],[-76.6099309834326,39.3150390111102]]]},"properties":{"OBJECTID":8,"GIS_ID":"1013_24","FTYPE":1013,"AREA_NAME":"Barclay/Greenmount -  People's Homestead","AREA_TYPE":500,"ACRE":4.43462669,"CNTCT_NME":"[redacted]","CNTCT_DPT":"[redacted]","CNTCT_PHN":"[redacted]","CNTCT_EML":"[redacted]","CNTCT_ADDR":"[redacted]","CNTCT_AD_1":"8th Floor","CNTCT_CITY":"Baltimore","CNTCT_STAT":"MD","CNTCT_ZIP":"21202","SHAPE_Leng":2510.31968241,"GlobalID":"a55122c2-0ec9-4b9f-8109-bed2fbc6408a","URL":" ","CHAPcode":"A27","created_user":"[redacted]","created_date":1520858965000,"last_edited_user":"[redacted]","last_edited_date":1520858965000,"Shape__Area":193171.56585693359,"Shape__Length":2510.3196824079678}},{"type":"Feature","id":9,"geometry":{"type":"Polygon","coordinates":[[[-76.6241621666961,39.3031182051422],[-76.6235536664043,39.3026300325087],[-76.6240431964036,39.3022770846405],[-76.6241736517662,39.3021659667096],[-76.6247166169668,39.3026038574583],[-76.6251694732412,39.30296637476],[-76.6252448575418,39.3030391594245],[-76.6252497191468,39.303035587218],[-76.6256612005394,39.3027021246914],[-76.6257016330567,39.3027376207947],[-76.6275524131117,39.3042591942523],[-76.6280275350327,39.3046440843716],[-76.6280602997512,39.3047002574292],[-76.6284509571895,39.3050196330455],[-76.628540720045,39.3050915764556],[-76.6304965700255,39.3066304845622],[-76.6311035594974,39.3071415515682],[-76.6314299827814,39.3073952943653],[-76.6318924854048,39.3077772796893],[-76.6323951106531,39.3081818147436],[-76.6333486738112,39.3089875120526],[-76.6343345589428,39.309783005422],[-76.6349160017356,39.3102827131533],[-76.6340700474438,39.3103350071731],[-76.6338202838783,39.3103472423378],[-76.6250103384775,39.3107576176402],[-76.6248000684583,39.3107649496664],[-76.6247589223658,39.3107307364501],[-76.6209391687464,39.3075543507899],[-76.6209112699163,39.3075311501125],[-76.6208568263355,39.3074858736458],[-76.6200290546896,39.3067974683333],[-76.6200287857364,39.306797244977],[-76.6192513162248,39.3061506565892],[-76.6192091719047,39.3060321337041],[-76.6191297978657,39.3058414062529],[-76.6190347288291,39.3055305129642],[-76.6189155988246,39.3052574624578],[-76.6186647941241,39.3044168676269],[-76.6203716301571,39.3043637418055],[-76.6206640972958,39.3043488042255],[-76.6206942812887,39.3043472622901],[-76.6207629748838,39.3043437539888],[-76.6209189349442,39.304335787439],[-76.6209224465719,39.3043356078077],[-76.6221559586836,39.3042725943113],[-76.6234673897105,39.3039765136677],[-76.6243061485754,39.3037289567416],[-76.6246241689279,39.30348878038],[-76.6245750071746,39.3034494025882],[-76.6241621666961,39.3031182051422]]]},"properties":{"OBJECTID":9,"GIS_ID":"1013_25","FTYPE":1013,"AREA_NAME":"Bolton Hill","AREA_TYPE":500,"ACRE":164.19506774,"CNTCT_NME":"[redacted]","CNTCT_DPT":"[redacted]","CNTCT_PHN":"[redacted]","CNTCT_EML":"[redacted]","CNTCT_ADDR":"[redacted]","CNTCT_AD_1":"8th Floor","CNTCT_CITY":"Baltimore","CNTCT_STAT":"MD","CNTCT_ZIP":"21202","SHAPE_Leng":12672.52311703,"GlobalID":"6aaaa2a0-9876-4974-8a1c-341235cebaf1","URL":" ","CHAPcode":"A02","created_user":"[redacted]","created_date":1520858965000,"last_edited_user":"[redacted]","last_edited_date":1520858965000,"Shape__Area":7152308.5415039063,"Shape__Length":12672.523117008843}},{"type":"Feature","id":10,"geometry":{"type":"Polygon","coordinates":[[[-76.5871167584247,39.2923862931779],[-76.5871040242287,39.2921971499093],[-76.5870516964453,39.2921993602093],[-76.5865307900036,39.2922202965822],[-76.5865314029651,39.2922257105106],[-76.5861990048454,39.2922373408903],[-76.5861973559214,39.2922044456014],[-76.5858395381796,39.292215584587],[-76.5858376970304,39.2921922132601],[-76.5851802591485,39.292213728744],[-76.5851791883826,39.2921938478724],[-76.5847275087967,39.292210285369],[-76.584731634389,39.2922805836234],[-76.58454561455,39.2922886426005],[-76.5845435986985,39.2922763698104],[-76.584536955875,39.2921666210277],[-76.5845283141014,39.2920025312696],[-76.5845220353364,39.2919052475945],[-76.5847019641802,39.2918977066814],[-76.5847048269612,39.2918975843896],[-76.584705602661,39.2918975511013],[-76.5847090301137,39.2918974046834],[-76.5847028849431,39.2918148813581],[-76.5846851739695,39.2915770205308],[-76.5846817759155,39.291531164282],[-76.5846990994441,39.291530281526],[-76.5847655851581,39.2915268918777],[-76.5848115458493,39.2915245484007],[-76.5851060696389,39.291513180935],[-76.5851660447998,39.2915108651942],[-76.5851594378499,39.2913718364104],[-76.585647556254,39.2913529397095],[-76.5856560196968,39.2915313193535],[-76.5857465164356,39.291527812063],[-76.5859020934522,39.2915217813936],[-76.5859157493988,39.2915188912454],[-76.5860957365299,39.2915118933667],[-76.586220108942,39.2915086798053],[-76.5863228581927,39.2915055881406],[-76.5866065481007,39.2914971557799],[-76.5865899766935,39.2912951954793],[-76.5867990047675,39.2912809656208],[-76.5868089044656,39.2914343649176],[-76.5873964954671,39.2914136651546],[-76.5874193446195,39.2917871063161],[-76.5874495355687,39.2921489326808],[-76.5874662907853,39.2923737592564],[-76.5874457754833,39.2923744951976],[-76.5871167584247,39.2923862931779]]]},"properties":{"OBJECTID":10,"GIS_ID":"1013_26","FTYPE":1013,"AREA_NAME":"Butcher's Hill","AREA_TYPE":500,"ACRE":5.19715069,"CNTCT_NME":"[redacted]","CNTCT_DPT":"[redacted]","CNTCT_PHN":"[redacted]","CNTCT_EML":"[redacted]","CNTCT_ADDR":"[redacted]","CNTCT_AD_1":"8th Floor","CNTCT_CITY":"Baltimore","CNTCT_STAT":"MD","CNTCT_ZIP":"21202","SHAPE_Leng":2641.25158518,"GlobalID":"337c97ca-4c9d-46eb-9d00-08c1ddbb320f","URL":" ","CHAPcode":"A12","created_user":"[redacted]","created_date":1520858965000,"last_edited_user":"[redacted]","last_edited_date":1520858965000,"Shape__Area":226386.97845458984,"Shape__Length":2641.2515850633558}},{"type":"Feature","id":11,"geometry":{"type":"Polygon","coordinates":[[[-76.7092369948333,39.3072659345312],[-76.708191234691,39.3065658924772],[-76.7072723340551,39.3059387864948],[-76.706048189751,39.3050899129683],[-76.7060035702543,39.3050601719754],[-76.7059833736381,39.3050735255432],[-76.7059428483851,39.3050459412655],[-76.7052789783773,39.3045940727279],[-76.7059748217644,39.3039873213152],[-76.7067612284344,39.3033015741053],[-76.7069323936608,39.3031486370981],[-76.7073723995088,39.3027547029645],[-76.7074901860125,39.3026492478019],[-76.70917768297,39.30286256455],[-76.7096519794374,39.3029225152763],[-76.7096471378509,39.302654331944],[-76.7096435682348,39.3024566383878],[-76.7100650018192,39.3023879157077],[-76.7104055689985,39.3024696648553],[-76.7107380982378,39.3027378131258],[-76.7111892640278,39.3028827327074],[-76.7111891586403,39.3030734633331],[-76.711189038271,39.3033031776046],[-76.7111889172104,39.3035322072862],[-76.711188155327,39.3049515468919],[-76.7111879342606,39.3053617256609],[-76.7111983412914,39.3057378136019],[-76.7111872441643,39.3066244869062],[-76.7110504109858,39.306529197715],[-76.710818110361,39.3063674249256],[-76.7106875282284,39.3064805739537],[-76.7104948468489,39.3066475753529],[-76.7104266037185,39.3066012751739],[-76.7103057938604,39.3067563247244],[-76.7099108624606,39.3064993602313],[-76.7098542241019,39.3064597016883],[-76.709308405677,39.3073036896869],[-76.7092369948333,39.3072659345312]]]},"properties":{"OBJECTID":11,"GIS_ID":"1013_27","FTYPE":1013,"AREA_NAME":"Franklintown","AREA_TYPE":500,"ACRE":43.76732845,"CNTCT_NME":"[redacted]","CNTCT_DPT":"[redacted]","CNTCT_PHN":"[redacted]","CNTCT_EML":"[redacted]","CNTCT_ADDR":"[redacted]","CNTCT_AD_1":"8th Floor","CNTCT_CITY":"Baltimore","CNTCT_STAT":"MD","CNTCT_ZIP":"21202","SHAPE_Leng":5989.08045446,"GlobalID":"a82e99be-4540-4a3a-b324-447edd13083c","URL":" ","CHAPcode":"A20","created_user":"[redacted]","created_date":1520858965000,"last_edited_user":"[redacted]","last_edited_date":1520858965000,"Shape__Area":1906497.2014770508,"Shape__Length":5989.0804544440352}},{"type":"Feature","id":12,"geometry":{"type":"Polygon","coordinates":[[[-76.6327457939555,39.2865242433221],[-76.6323632540839,39.2865425941542],[-76.6323616322998,39.2865144484222],[-76.6323587809413,39.2864717182326],[-76.6323563767509,39.2864310494809],[-76.6323534795843,39.2863835162919],[-76.6323503567109,39.2863453160758],[-76.6324623604766,39.2863400863503],[-76.6324590387351,39.2862959621136],[-76.6324505067048,39.2861561067623],[-76.6327128932246,39.2861435277274],[-76.6327223096991,39.2862832498089],[-76.6327262852504,39.2863258240717],[-76.6327323548698,39.2863254962555],[-76.6327355933644,39.2863651353369],[-76.6327457939555,39.2865242433221]]]},"properties":{"OBJECTID":12,"GIS_ID":"1013_29","FTYPE":1013,"AREA_NAME":"Railroad","AREA_TYPE":500,"ACRE":0.29385896,"CNTCT_NME":"[redacted]","CNTCT_DPT":"[redacted]","CNTCT_PHN":"[redacted]","CNTCT_EML":"[redacted]","CNTCT_ADDR":"[redacted]","CNTCT_AD_1":"8th Floor","CNTCT_CITY":"Baltimore","CNTCT_STAT":"MD","CNTCT_ZIP":"21202","SHAPE_Leng":494.4212052,"GlobalID":"cac101d6-9995-446a-a66f-121cf730bd3c","URL":" ","CHAPcode":"A21","created_user":"[redacted]","created_date":1520858965000,"last_edited_user":"[redacted]","last_edited_date":1520858965000,"Shape__Area":12800.445007324219,"Shape__Length":494.42120520298437}},{"type":"Feature","id":13,"geometry":{"type":"Polygon","coordinates":[[[-76.5931285582506,39.2891403861046],[-76.5931201253129,39.2889843828563],[-76.5930848212715,39.2889855513652],[-76.5930713492583,39.2887419126825],[-76.5929194307945,39.2887490725416],[-76.5929070411785,39.2884597311287],[-76.5927480992977,39.2884660125039],[-76.592743887482,39.2884239260318],[-76.5927400917105,39.2883218890117],[-76.592769742035,39.2883205640928],[-76.5927671471634,39.2882496120135],[-76.5928376123114,39.2882468080881],[-76.5928389090611,39.2882054640209],[-76.5928370225729,39.2881710285711],[-76.5929072405301,39.2881680598087],[-76.5929901674499,39.287994747863],[-76.592991156265,39.2879702893038],[-76.59296645524,39.287971272924],[-76.5929613465389,39.28789457428],[-76.5929582876618,39.2878489049705],[-76.5929519340584,39.2877556433064],[-76.5929358739648,39.2876597466051],[-76.5929349213529,39.2876540567951],[-76.5929197197545,39.2875632911003],[-76.5929057227001,39.2872876743274],[-76.5928822562471,39.2872888828943],[-76.5928683914491,39.2870363053405],[-76.592703653206,39.2870426683442],[-76.5926327149785,39.2869881784818],[-76.5926181935982,39.2867481696307],[-76.5926089458819,39.2866600151083],[-76.5930271048264,39.2866417558684],[-76.5930144069168,39.2865348427636],[-76.5930058815863,39.286370190847],[-76.5928819133138,39.286375910779],[-76.5928793886953,39.2863108877211],[-76.5928630189803,39.2859002194417],[-76.5924103935824,39.2859237666788],[-76.5924044572041,39.28592407576],[-76.5924103928014,39.2860499931919],[-76.5919652236268,39.2860667476187],[-76.5914310756475,39.2860867065941],[-76.5914202226919,39.2859376206122],[-76.591005355614,39.285956519721],[-76.5910018377135,39.2859231495417],[-76.590778034043,39.2859339295888],[-76.5907071283865,39.2859337095813],[-76.5903528397358,39.2859463121342],[-76.5903413069431,39.2858147885341],[-76.5900983509534,39.2858206805139],[-76.590107692187,39.2859952051921],[-76.5894756564808,39.2860220134665],[-76.5894731782163,39.2859775638924],[-76.5893106262164,39.285984864764],[-76.5893158964591,39.2860555786234],[-76.589201454533,39.2860619963411],[-76.589099354823,39.2860675977926],[-76.5888147672306,39.286080326001],[-76.5888126525714,39.2860324088492],[-76.5878765788389,39.286065500415],[-76.5878629449613,39.2858403277238],[-76.5878621253263,39.2858267863879],[-76.587861626154,39.2858185372552],[-76.587855332973,39.285818809725],[-76.5877368558584,39.2858239345766],[-76.5874025051218,39.2858440673252],[-76.5872567782537,39.285852841349],[-76.587139898736,39.2858598790271],[-76.5870576525386,39.2858648305718],[-76.5870576506136,39.2858647630079],[-76.5870575135079,39.2858624304517],[-76.5870570765218,39.2858546652434],[-76.5870328807463,39.2854326548878],[-76.5870199979328,39.2852077684272],[-76.5869985357604,39.2848279602227],[-76.5869968255714,39.2848025680119],[-76.58699370824,39.2847562731563],[-76.5869844767506,39.2846191914353],[-76.5869781268745,39.284480299398],[-76.5869775819062,39.2844683884956],[-76.5869730734224,39.2843697823419],[-76.5869730576777,39.2843689031419],[-76.5869292374508,39.2838013881706],[-76.5868980766754,39.283224800081],[-76.5869310334726,39.2819951280418],[-76.5869135237591,39.2810060171284],[-76.5868828975975,39.2792759380141],[-76.5868913985934,39.2792702039222],[-76.5868949881868,39.2792677826818],[-76.5873900669818,39.2789338404131],[-76.5911305154515,39.2796952625792],[-76.5928825459718,39.2797013482265],[-76.5951439813472,39.2785968941166],[-76.5968394870536,39.2782058006996],[-76.5967920681476,39.2783751698404],[-76.5965574060596,39.2792133149117],[-76.5964382196985,39.2796390090968],[-76.596430784333,39.2796655650889],[-76.5963224622603,39.2797626690131],[-76.5962891670079,39.2797925166854],[-76.5962910983269,39.279793664591],[-76.5963805258175,39.2798468242303],[-76.5964153298156,39.2798702006381],[-76.5964689271381,39.2799062000482],[-76.596538284899,39.2799166799881],[-76.5965100584492,39.2800222588224],[-76.5964427130207,39.2800121163605],[-76.5963951347241,39.2801940485615],[-76.5963930233724,39.2802023382404],[-76.5962306884883,39.2801782253585],[-76.5961348963449,39.2801639963508],[-76.5959298432754,39.2801143868753],[-76.596039043246,39.2803284146031],[-76.5960963439722,39.2804409260623],[-76.5961403386117,39.2805273101321],[-76.596239343888,39.2807635523497],[-76.59639960493,39.2811424705942],[-76.5964812040231,39.2813557679577],[-76.5964937695617,39.2814090678526],[-76.5964966323093,39.2814319012268],[-76.5965069855768,39.2815144962492],[-76.5965103891115,39.281559425401],[-76.5965137010607,39.2816031364055],[-76.5965164253884,39.2816391024303],[-76.5965208844203,39.2816979592034],[-76.5965241030397,39.2817670506899],[-76.5965543508441,39.2824163255464],[-76.5965885501089,39.2828850577238],[-76.5965892168024,39.2828941883447],[-76.5967331505644,39.2828865865126],[-76.5971467033232,39.2828676987477],[-76.5973295830546,39.2828593451974],[-76.5973524578681,39.2828573437487],[-76.5973663976093,39.2829782775081],[-76.5973900945167,39.2832217223205],[-76.5973985607298,39.2833637962186],[-76.5974350239174,39.2838795042207],[-76.5974381657085,39.2838793780718],[-76.5974903774012,39.2838772825659],[-76.5978310842321,39.2838636094704],[-76.5980739433523,39.2838538630385],[-76.5981881966287,39.2838492772013],[-76.5981959258872,39.2838489676557],[-76.5981972231804,39.2838489153451],[-76.5982258371278,39.2842418654737],[-76.5982306224259,39.2843076555148],[-76.5982338810066,39.284352403927],[-76.5982313246405,39.2843525104812],[-76.5981992998992,39.28435384937],[-76.5974707150583,39.2843842922443],[-76.5974713201627,39.2843926560957],[-76.5975066994438,39.2848818156356],[-76.5975057650097,39.2848818529682],[-76.5967349171405,39.2849125896508],[-76.5967765779584,39.2854359052995],[-76.5967931729031,39.2857026211911],[-76.596832180053,39.2864607283044],[-76.5968328709366,39.2864717325817],[-76.5954221017896,39.2865280863429],[-76.5945533544119,39.2865735232796],[-76.5945589720359,39.2866492769345],[-76.5945654582355,39.2867367263761],[-76.5945921520535,39.2870968566376],[-76.594747354625,39.2891903071481],[-76.5947488817989,39.28921090472],[-76.5947232843913,39.2892132998137],[-76.5945903408797,39.2892171440359],[-76.5937912320917,39.2892528947333],[-76.5937702984597,39.2892537789554],[-76.5937702393284,39.2892537814532],[-76.5936963310258,39.2892569028099],[-76.5936389191823,39.2892593281478],[-76.5936227334419,39.2892600116835],[-76.593126583485,39.2892743026612],[-76.5931249551444,39.2892542469749],[-76.5931199552523,39.2891926860395],[-76.5931171421296,39.2891409239528],[-76.5931285582506,39.2891403861046]]]},"properties":{"OBJECTID":13,"GIS_ID":"1013_33","FTYPE":1013,"AREA_NAME":"Fells Point","AREA_TYPE":500,"ACRE":175.24398753,"CNTCT_NME":"[redacted]","CNTCT_DPT":"[redacted]","CNTCT_PHN":"[redacted]","CNTCT_EML":"[redacted]","CNTCT_ADDR":"[redacted]","CNTCT_AD_1":"8th Floor","CNTCT_CITY":"Baltimore","CNTCT_STAT":"MD","CNTCT_ZIP":"21202","SHAPE_Leng":15297.28336731,"GlobalID":"83b5d917-1c5d-4d48-8cb4-d74fb2ae800f","URL":" ","CHAPcode":"A31","created_user":"[redacted]","created_date":1520858965000,"last_edited_user":"[redacted]","last_edited_date":1520858965000,"Shape__Area":7633597.5623168945,"Shape__Length":15297.283367273159}},{"type":"Feature","id":14,"geometry":{"type":"Polygon","coordinates":[[[-76.6735819006535,39.3339790931129],[-76.6735150158178,39.3339005451786],[-76.6733481338516,39.33370504125],[-76.6729476983528,39.3332371414272],[-76.6729472034379,39.333236562672],[-76.6724841361948,39.3327166363559],[-76.6723947923822,39.3326276891058],[-76.6722779927596,39.332488522496],[-76.6719325450973,39.3320947199725],[-76.6718608512853,39.3320129905947],[-76.671369207931,39.3314727103673],[-76.671360011991,39.3314626044018],[-76.6711483443005,39.3312272904523],[-76.6709052691663,39.330958356973],[-76.6708233060196,39.3308676744766],[-76.6699710318692,39.329895717906],[-76.6699139682168,39.3298276026082],[-76.6694902138183,39.329337609667],[-76.6691751470379,39.3289631086417],[-76.6691303686024,39.3289118381651],[-76.6682869398633,39.328664576567],[-76.6671421634728,39.3283216846425],[-76.6670143228944,39.3282837100307],[-76.6668112197228,39.3282233770785],[-76.6664208509479,39.3281091981112],[-76.6661918173836,39.3280337786275],[-76.666056705315,39.3279976666816],[-76.6657287291359,39.3279000634627],[-76.6654630917019,39.3278182944639],[-76.6652827330958,39.3277604700173],[-76.665196108702,39.3277197545064],[-76.6651210003738,39.3277034874146],[-76.6650247412253,39.3276737037263],[-76.6649941838244,39.3275658430461],[-76.6643985498716,39.3273855940331],[-76.6643537619258,39.3272213930846],[-76.6642825760104,39.3269461265281],[-76.6642547159697,39.3267063722665],[-76.6642685594084,39.3264072201621],[-76.6643015904171,39.3259923064015],[-76.6644890800592,39.3248861541093],[-76.6646914796631,39.3236915721222],[-76.6648470119217,39.322771920259],[-76.6649194389487,39.3223458579396],[-76.6649428657523,39.3222091972663],[-76.6655364091793,39.3223846126658],[-76.6659907572871,39.3225149316763],[-76.6663739840674,39.3226331391526],[-76.6664989908588,39.3226788745779],[-76.6665610037614,39.3227399663955],[-76.6667901974844,39.3228132852375],[-76.6669777344482,39.3228677446172],[-76.6672118239657,39.3229388723703],[-76.6675799651521,39.3230567935724],[-76.6676680464458,39.3230829094729],[-76.6685206364981,39.3233356893334],[-76.6685800268204,39.3233529656432],[-76.6694918475065,39.3236182096513],[-76.6695786571744,39.3236432558504],[-76.6704683709444,39.3238999441331],[-76.6705407284556,39.3239208380797],[-76.6714667637919,39.324188242198],[-76.6714995275185,39.3241979231446],[-76.6731076155403,39.324673069342],[-76.673685772728,39.3248500155877],[-76.6746473227718,39.3251339903019],[-76.6755666634729,39.3254088466316],[-76.6764909416569,39.3256782994244],[-76.677646774687,39.3260304275138],[-76.6788016496393,39.3263682079491],[-76.6787808560816,39.3264102430698],[-76.6783632087598,39.327254527428],[-76.6779319339037,39.3281053085925],[-76.6774448542935,39.3290891256301],[-76.6769575569116,39.3300879858629],[-76.6766514583292,39.3306762064958],[-76.6764900078977,39.3310134638898],[-76.676446151662,39.3311050761143],[-76.6759383703446,39.3321155344491],[-76.6759005435329,39.3321993743113],[-76.6755878287008,39.3328250824656],[-76.6754913486769,39.3330237774631],[-76.6754697078501,39.3331388123479],[-76.6754892943003,39.3335372015128],[-76.6754916307937,39.3335847295159],[-76.6754914590804,39.3335847407516],[-76.6753491007773,39.3335985902692],[-76.6747726953815,39.333631144227],[-76.6746090816156,39.3336536856871],[-76.6742493365659,39.333755815735],[-76.6737337419165,39.3339216876639],[-76.6736773256361,39.3339430165577],[-76.6735819006535,39.3339790931129]]]},"properties":{"OBJECTID":14,"GIS_ID":"1013_35","FTYPE":1013,"AREA_NAME":"Ashburton","AREA_TYPE":500,"ACRE":204.36495543,"CNTCT_NME":"[redacted]","CNTCT_DPT":"[redacted]","CNTCT_PHN":"[redacted]","CNTCT_EML":"[redacted]","CNTCT_ADDR":"[redacted]","CNTCT_AD_1":"8th Floor","CNTCT_CITY":"Baltimore","CNTCT_STAT":"MD","CNTCT_ZIP":"21202","SHAPE_Leng":13179.67970304,"GlobalID":"505d796a-4d6d-4cae-a783-251a109a77eb","URL":" ","CHAPcode":"A33","created_user":"[redacted]","created_date":1520858965000,"last_edited_user":"[redacted]","last_edited_date":1520858965000,"Shape__Area":8902101.84991455,"Shape__Length":13179.679703037153}},{"type":"Feature","id":15,"geometry":{"type":"Polygon","coordinates":[[[-76.616543302538,39.2788970370751],[-76.6163604812864,39.278898842426],[-76.6159881202769,39.2789184819081],[-76.615781535352,39.2789258042045],[-76.615677222766,39.2789254368186],[-76.6156456130387,39.2784839891484],[-76.6156004156015,39.2777792686549],[-76.6155719805552,39.2772410531643],[-76.6155183644679,39.2767051538876],[-76.6158500094443,39.2766715857616],[-76.6161877172869,39.2766333849682],[-76.6162659211369,39.276624545482],[-76.6164395956669,39.2765983438676],[-76.6165399113272,39.2765832287237],[-76.6166859992467,39.2766162303505],[-76.617084075087,39.2767171325463],[-76.6171995694578,39.2767533729197],[-76.6174493673093,39.2768320640995],[-76.6175678593425,39.2765805676296],[-76.6178500254941,39.2766609414867],[-76.6179612274395,39.2766939478156],[-76.6178396464205,39.2769517624835],[-76.6173718429335,39.2779695181716],[-76.6167612820598,39.277800657599],[-76.6167223199237,39.277882817903],[-76.6165276418984,39.2783181447183],[-76.6167263057689,39.2783715229239],[-76.6167106957762,39.2783997910813],[-76.6166852221202,39.2784530817765],[-76.6166997865205,39.2784572475949],[-76.6166274607813,39.2786038972046],[-76.6166176407433,39.2786234135149],[-76.616543302538,39.2788970370751]]]},"properties":{"OBJECTID":15,"GIS_ID":"1013_36","FTYPE":1013,"AREA_NAME":"Sharp-Leadenhall","AREA_TYPE":500,"ACRE":8.50149625,"CNTCT_NME":"[redacted]","CNTCT_DPT":"[redacted]","CNTCT_PHN":"[redacted]","CNTCT_EML":"[redacted]","CNTCT_ADDR":"[redacted]","CNTCT_AD_1":"8th Floor","CNTCT_CITY":"Baltimore","CNTCT_STAT":"MD","CNTCT_ZIP":"21202","SHAPE_Leng":2977.02387249,"GlobalID":"e47bb3cf-a06d-480c-a1ed-397c1011983d","URL":" ","CHAPcode":"A32","created_user":"[redacted]","created_date":1520858965000,"last_edited_user":"[redacted]","last_edited_date":1520858965000,"Shape__Area":370323.69543457031,"Shape__Length":2977.0238724487845}},{"type":"Feature","id":16,"geometry":{"type":"Polygon","coordinates":[[[-76.6502328469316,39.3197210756061],[-76.6501606857626,39.3197884396495],[-76.6492302531275,39.3193853205024],[-76.6484867999572,39.3189351323972],[-76.648212267335,39.3187660849065],[-76.648134336273,39.3187109427282],[-76.6480865912897,39.3186720197373],[-76.6480388463589,39.3186330967265],[-76.6479161681615,39.3185143291414],[-76.6472588985655,39.3178608187607],[-76.6466583010249,39.3172740521858],[-76.6463059072456,39.3169735607247],[-76.6457837360823,39.3164677715718],[-76.6452884572439,39.3159937838507],[-76.644822741265,39.3155633932312],[-76.6443047193384,39.3150806780291],[-76.64454666329,39.3148487295555],[-76.6446298801579,39.3149049215446],[-76.6451276726498,39.3153686980913],[-76.6455880636336,39.3158038760786],[-76.6460603443614,39.3162486963158],[-76.646580096372,39.3167427347989],[-76.6467852989371,39.3166041414465],[-76.647126527166,39.3169379347946],[-76.6474338558507,39.3172391461186],[-76.6477306257879,39.3175314012106],[-76.6480370708873,39.3178336368964],[-76.6483901463386,39.3181771945105],[-76.6485234860659,39.3182843251673],[-76.6486409489255,39.318374060637],[-76.6487643452859,39.3184491738112],[-76.6489608058348,39.3185687617153],[-76.6493230832854,39.3187821268456],[-76.6494915209452,39.3188852473677],[-76.6496628304634,39.3189921026111],[-76.6497836616681,39.3190678925193],[-76.6498968981032,39.319145434156],[-76.65038628521,39.3195208917244],[-76.6504056128999,39.3195362142406],[-76.6503877038864,39.3195553793852],[-76.6502328469316,39.3197210756061]]]},"properties":{"OBJECTID":16,"GIS_ID":"1013_35","FTYPE":1013,"AREA_NAME":"Auchentoroly Terrace","AREA_TYPE":500,"ACRE":8.41671555,"CNTCT_NME":"[redacted]","CNTCT_DPT":"[redacted]","CNTCT_PHN":"[redacted]","CNTCT_EML":"[redacted]","CNTCT_ADDR":"[redacted]","CNTCT_AD_1":"8th Floor","CNTCT_CITY":"Baltimore","CNTCT_STAT":"MD","CNTCT_ZIP":"21202","SHAPE_Leng":5093.98209444,"GlobalID":"0731f2fd-c48c-4c78-976a-bf6e7bef0eec","URL":" ","CHAPcode":"A26","created_user":"[redacted]","created_date":1520858965000,"last_edited_user":"[redacted]","last_edited_date":1520858965000,"Shape__Area":366630.66296386719,"Shape__Length":5093.9820944392795}},{"type":"Feature","id":17,"geometry":{"type":"MultiPolygon","coordinates":[[[[-76.6980956528214,39.2934583215936],[-76.6979948710786,39.2930630503269],[-76.6992646039462,39.2928653712787],[-76.7006280291369,39.2926507569927],[-76.7018150175728,39.2924844119211],[-76.7019386423357,39.2926002088971],[-76.7022574193722,39.2928343851581],[-76.7028743150282,39.29328072054],[-76.7024906844438,39.293586530973],[-76.7023471773076,39.2937009264919],[-76.702098994773,39.2938987628061],[-76.7018473749808,39.2940993362696],[-76.7015454179504,39.2943400333977],[-76.7014806114957,39.2943916919329],[-76.7014621511643,39.294406449848],[-76.7014492435666,39.2944145968117],[-76.7014349951738,39.2944212613257],[-76.7014159935086,39.2944236153509],[-76.7013797860113,39.2944211210095],[-76.7013529566087,39.2944051643801],[-76.7012790176313,39.2943469569189],[-76.7011073426645,39.2942092378865],[-76.7008519688044,39.2940043739341],[-76.700346223687,39.2935977547748],[-76.7003101494631,39.2935643726151],[-76.7003005025664,39.2935478758797],[-76.7002630154459,39.2934255737624],[-76.7002616438509,39.2934209664984],[-76.7002301041874,39.2934255411339],[-76.7000207308213,39.2934567439524],[-76.6998049206412,39.293488918981],[-76.699593672331,39.2935204207035],[-76.699402822834,39.2935488702356],[-76.6990221493989,39.293605470145],[-76.6988820009272,39.293626414802],[-76.6989328961249,39.2937229396527],[-76.6990257331515,39.2938602338635],[-76.6990384096995,39.2938789903539],[-76.6991255376483,39.2939802756431],[-76.6991944208719,39.2940588367191],[-76.6992374645683,39.2940986738616],[-76.6993598731298,39.2942125427676],[-76.6994886861387,39.2943153612359],[-76.699540729164,39.2943576920557],[-76.6996439403146,39.2944406786836],[-76.699663275408,39.2944556905688],[-76.6997882290104,39.2945527628197],[-76.6999112316217,39.2946512837705],[-76.7000756095552,39.2947836804561],[-76.7003565735402,39.2950117796535],[-76.7006422245076,39.2952435696882],[-76.7009217497939,39.2954703478235],[-76.7012122264096,39.2956981394526],[-76.7015788356051,39.2959962466534],[-76.7015656670458,39.2960060116213],[-76.7022910674189,39.2965933492349],[-76.7024949280664,39.2967557457453],[-76.7022456738528,39.2969852230273],[-76.7022036192441,39.2970232093734],[-76.7020863312148,39.2971149394732],[-76.7018539030078,39.2972916346921],[-76.7015380901928,39.29752635056],[-76.701476236659,39.2975775400527],[-76.7014029020271,39.2976382303216],[-76.7013692065708,39.2976623632794],[-76.7013190432059,39.2976931478742],[-76.7012455583358,39.2977357757237],[-76.7011890183953,39.2977685752505],[-76.7011615642243,39.2977845010296],[-76.7011271698498,39.2978217723523],[-76.7011021544475,39.2978520857739],[-76.7010674154446,39.2979059219849],[-76.7010454232566,39.2979734073312],[-76.7010386489901,39.2980268886275],[-76.7010400883686,39.2981018125744],[-76.7010531223026,39.2981529806898],[-76.7011181214479,39.2983068436495],[-76.7012974223376,39.2987720269065],[-76.7012264703051,39.2988389401126],[-76.7011923468538,39.2989689214],[-76.7011649386067,39.2990836276423],[-76.7011581959822,39.299108682996],[-76.7011269791286,39.2991791290704],[-76.7010473502498,39.2993125984589],[-76.7009549577872,39.29943625311],[-76.7008462969222,39.2995413368446],[-76.7006863614299,39.2996557270702],[-76.700594343344,39.2997107611094],[-76.7004306145134,39.2997873663795],[-76.7004097019573,39.2997965854236],[-76.7003210345424,39.2998248564698],[-76.7002271723511,39.2998519765425],[-76.700127892297,39.2998744978728],[-76.7000760104299,39.2998843124776],[-76.6999989421676,39.2998952337338],[-76.6999083609564,39.2999025525388],[-76.6998602109136,39.2999041463869],[-76.6997514081127,39.2999055456038],[-76.6996486443398,39.2999017177671],[-76.699614199157,39.2998999128717],[-76.6994243867661,39.299871630163],[-76.6990006255791,39.2997664937762],[-76.6985039192485,39.2996432571925],[-76.6981463112639,39.2995545298507],[-76.697732318909,39.2994518117753],[-76.6973649605732,39.2993606627551],[-76.6971348678766,39.2993035718327],[-76.6967628926312,39.2992112749706],[-76.6963180911948,39.2991009060324],[-76.6959473270214,39.2990129837725],[-76.6959771740462,39.2987496848114],[-76.6959956830927,39.2985945290411],[-76.6960515768197,39.2980931792418],[-76.696097289232,39.2976834755587],[-76.6961522725687,39.2972213844417],[-76.6962199470118,39.2966748180836],[-76.696233451963,39.2965661318254],[-76.6962757257403,39.2962245089099],[-76.6962828996325,39.2961664863734],[-76.696299626701,39.2960313685433],[-76.6963423753497,39.2956861752821],[-76.6963498411666,39.2956227597621],[-76.6964509184862,39.2956209753412],[-76.6965361834506,39.2948932930833],[-76.6965886441974,39.2945032229219],[-76.6966435694705,39.2939970020574],[-76.696733719937,39.2939794808982],[-76.697506291786,39.2938448000048],[-76.6980687204765,39.2937467771857],[-76.6981912856149,39.2937150990565],[-76.6980956528214,39.2934583215936]]],[[[-76.7021272107474,39.2940394576609],[-76.7022329626367,39.2939546700613],[-76.7023617862776,39.2940480968263],[-76.7023976615979,39.2941211633467],[-76.7023834904988,39.2941384516863],[-76.7023771360657,39.2941538114913],[-76.7023750137851,39.2941628641159],[-76.7023738763938,39.294173130752],[-76.702303262423,39.2941856903322],[-76.7022097657904,39.2941699414652],[-76.7020809792234,39.2940765146309],[-76.7021272107474,39.2940394576609]]]]},"properties":{"OBJECTID":17,"GIS_ID":"1013_17","FTYPE":1013,"AREA_NAME":"Hunting Ridge","AREA_TYPE":500,"ACRE":76.12805574,"CNTCT_NME":"[redacted]","CNTCT_DPT":"[redacted]","CNTCT_PHN":"[redacted]","CNTCT_EML":"[redacted]","CNTCT_ADDR":"[redacted]","CNTCT_AD_1":"8th Floor","CNTCT_CITY":"Baltimore","CNTCT_STAT":"MD","CNTCT_ZIP":"21202","SHAPE_Leng":10059.56678234,"GlobalID":"9a40bf2e-8bac-4f1f-930b-6e1787b15db1","URL":" ","CHAPcode":"A25","created_user":"[redacted]","created_date":1520858965000,"last_edited_user":"[redacted]","last_edited_date":1520858965000,"Shape__Area":3316124.8441162109,"Shape__Length":10059.566782327121}},{"type":"Feature","id":18,"geometry":{"type":"Polygon","coordinates":[[[-76.6070347478876,39.2918359972221],[-76.6068514940129,39.2919076944176],[-76.6066422409873,39.2919982481612],[-76.6064917249298,39.2920633842778],[-76.60628050161,39.292136165087],[-76.6057001197463,39.2908726507958],[-76.605493230925,39.2908825014221],[-76.6046447998012,39.2911169095065],[-76.6042767323591,39.2902753976606],[-76.6042090547425,39.2902497231822],[-76.6034790594091,39.2903923515141],[-76.6035106920425,39.2904703452442],[-76.6035754028971,39.2906251089135],[-76.6034404841372,39.2906605101323],[-76.6033666859784,39.2906794111642],[-76.6032531573247,39.2904393714589],[-76.6031334405449,39.2904444581258],[-76.6028698517923,39.2905180341454],[-76.6021877214405,39.2907084340624],[-76.6024517329471,39.2912767924602],[-76.6026396849946,39.2916714254092],[-76.6017095615172,39.2919297231768],[-76.6012437552887,39.2920580551882],[-76.600296225148,39.2923217448971],[-76.600261890716,39.2922340967026],[-76.6001696809279,39.2920322891505],[-76.5998279774157,39.2921265891828],[-76.5997357698408,39.2921495858367],[-76.5996996560494,39.2915370232124],[-76.5996736751495,39.2912884653103],[-76.59964974055,39.2907564377861],[-76.5999863174991,39.2906705852473],[-76.6000104959961,39.2910035616726],[-76.5999099292708,39.2910254364809],[-76.5999114671733,39.2910444045298],[-76.599916231744,39.2911212159976],[-76.5999181315989,39.2911518492267],[-76.5999455650677,39.291230546616],[-76.5999825483789,39.2913124661074],[-76.6009518232122,39.291052236011],[-76.6010675931841,39.2910254739707],[-76.6010228221635,39.2909322850764],[-76.6008290719449,39.2905163123134],[-76.6008036027883,39.2904616775057],[-76.6003880589207,39.2905678957211],[-76.6003662689419,39.2905147667946],[-76.6002548712875,39.2902571584523],[-76.600422184733,39.2902100936271],[-76.6004179816839,39.2902034893653],[-76.6006091471781,39.2901304779183],[-76.6006643461283,39.2902166819145],[-76.6008218426613,39.2901559366247],[-76.600799813749,39.2901215427849],[-76.6008649394655,39.2900939260594],[-76.6007477669762,39.289908588196],[-76.6007044544148,39.2898402705063],[-76.6011315739577,39.2896781180888],[-76.6011755046488,39.2897678812347],[-76.6013178853015,39.2901070785042],[-76.6014020661505,39.2903086985921],[-76.6021761594852,39.2901043114997],[-76.6026805722792,39.2899764017929],[-76.602704545097,39.2900241997676],[-76.6027651065457,39.2901553166203],[-76.6027855781646,39.2901496083618],[-76.6028064972767,39.2901937830365],[-76.6028753029482,39.2901746006546],[-76.6029444878877,39.2901522659512],[-76.6030813267035,39.2903689838805],[-76.6031754491773,39.2903526395824],[-76.6035299972146,39.2902906879438],[-76.6033947768867,39.2900705909417],[-76.6034650620609,39.2900560557299],[-76.6034480043932,39.2900293950859],[-76.6034807843632,39.2900198838069],[-76.6035351319318,39.2900041282729],[-76.6035263913092,39.2899876247623],[-76.6035451158939,39.2899825491147],[-76.6034478085776,39.2897778524912],[-76.6039425634984,39.2896492706319],[-76.604125542399,39.2899403980246],[-76.6046562937235,39.2898006191059],[-76.604595153627,39.2897563147938],[-76.6044174908195,39.2894580341653],[-76.6041870183887,39.2891096947807],[-76.6038688481347,39.2886137874862],[-76.6034511537399,39.2879647147741],[-76.6030919682211,39.2873586909499],[-76.6034541234618,39.2872233874106],[-76.6034977840283,39.2872864520702],[-76.603821777435,39.2877898133152],[-76.6038970543073,39.2879124076541],[-76.6040335187827,39.2878584788487],[-76.6041739915203,39.2880801873136],[-76.6044107030097,39.2879856877416],[-76.6045604196666,39.288222662333],[-76.6046310072627,39.2883261163362],[-76.6044999332646,39.2883784263942],[-76.6046249769002,39.2885712057344],[-76.6051431343671,39.2893700336306],[-76.6052281191759,39.2895010502614],[-76.6052892920632,39.2896063655832],[-76.6054228810591,39.2895746409841],[-76.605467647838,39.2896317518416],[-76.6056284053314,39.2898668965358],[-76.6057103190859,39.2899828237514],[-76.6062882523769,39.2907263275279],[-76.6070347478876,39.2918359972221]]]},"properties":{"OBJECTID":18,"GIS_ID":"1013_15","FTYPE":1013,"AREA_NAME":"Jonestown","AREA_TYPE":500,"ACRE":23.16433547,"CNTCT_NME":"[redacted]","CNTCT_DPT":"[redacted]","CNTCT_PHN":"[redacted]","CNTCT_EML":"[redacted]","CNTCT_ADDR":"[redacted]","CNTCT_AD_1":"8th Floor","CNTCT_CITY":"Baltimore","CNTCT_STAT":"MD","CNTCT_ZIP":"21202","SHAPE_Leng":10504.76105542,"GlobalID":"a3251a48-08c8-4604-bdb8-9dd5f260b261","URL":" ","CHAPcode":"A23","created_user":"[redacted]","created_date":1520858965000,"last_edited_user":"[redacted]","last_edited_date":1520858965000,"Shape__Area":1009034.4174804688,"Shape__Length":10504.76105546498}},{"type":"Feature","id":19,"geometry":{"type":"Polygon","coordinates":[[[-76.6321155170049,39.3068886530257],[-76.6322738684951,39.3067724774986],[-76.6327320194025,39.3071431946419],[-76.6330082807222,39.3073674882027],[-76.6332394331215,39.3075596797307],[-76.6336174355,39.3078658697731],[-76.6340857217293,39.3082482147899],[-76.6342058734688,39.3083525404436],[-76.6347852366204,39.3088172852318],[-76.6351825210493,39.3091409632039],[-76.6354423420423,39.3093477504076],[-76.635882405405,39.3097135364891],[-76.6361419747053,39.3099258906788],[-76.6366258073443,39.3103217108306],[-76.6363368940657,39.3103372900713],[-76.63608709791,39.3103433021399],[-76.6357463973496,39.3103515018012],[-76.6354797514269,39.3102913837478],[-76.6351872931807,39.310286948827],[-76.6349728772241,39.3102836536794],[-76.6345579194026,39.3099605723135],[-76.6344627239861,39.3098824961225],[-76.6344135235888,39.3098421766425],[-76.6343175919879,39.309769316108],[-76.6337804682236,39.3093358696077],[-76.6333486738112,39.3089875120526],[-76.6330298789749,39.3087025207803],[-76.6323951106531,39.3081818147436],[-76.6319068405557,39.3077891362542],[-76.6314299827814,39.3073952943653],[-76.6318610379698,39.3070733629036],[-76.6319714180807,39.3069992360527],[-76.6321155170049,39.3068886530257]]]},"properties":{"OBJECTID":19,"GIS_ID":"1013_5","FTYPE":1013,"AREA_NAME":"Madison Park","AREA_TYPE":500,"ACRE":12.4225876,"CNTCT_NME":"[redacted]","CNTCT_DPT":"[redacted]","CNTCT_PHN":"[redacted]","CNTCT_EML":"[redacted]","CNTCT_ADDR":"[redacted]","CNTCT_AD_1":"8th Floor","CNTCT_CITY":"Baltimore","CNTCT_STAT":"MD","CNTCT_ZIP":"21202","SHAPE_Leng":4039.43404958,"GlobalID":"b098b936-2597-4165-a0fe-41a3ee4871fd","URL":" ","CHAPcode":"A06","created_user":"[redacted]","created_date":1520858965000,"last_edited_user":"[redacted]","last_edited_date":1520858965000,"Shape__Area":541125.75146484375,"Shape__Length":4039.4340495896263}},{"type":"Feature","id":20,"geometry":{"type":"Polygon","coordinates":[[[-76.6119433941284,39.303606727023],[-76.6119157150178,39.3032562412513],[-76.6118916152058,39.3028977000795],[-76.6118635120401,39.3025442952661],[-76.6118504026926,39.3021952284442],[-76.6118120340813,39.3015382362631],[-76.6117869530664,39.3011983967648],[-76.6124536055587,39.301178804608],[-76.6124381363596,39.3010188268255],[-76.61240868408,39.3006779353245],[-76.6123834536362,39.3003276348837],[-76.6123520829297,39.2997916427697],[-76.6123415405412,39.2996967284777],[-76.6124017575785,39.2995858979462],[-76.6124532859947,39.2995392312224],[-76.6124378388321,39.2993008145435],[-76.6124013650547,39.2992567651678],[-76.6123184497559,39.2991568011358],[-76.6123110721379,39.2990517610368],[-76.6122951034848,39.2988185048251],[-76.6122900591759,39.2987334836521],[-76.6123777665086,39.2987288693176],[-76.6124599825388,39.2987250375788],[-76.6124458859457,39.298630082718],[-76.6124080164911,39.2981040601163],[-76.6123832887022,39.2977605915087],[-76.612376347333,39.2976603745675],[-76.6122705124508,39.2976641129897],[-76.6119026586329,39.2976829277176],[-76.6115150060348,39.2977064291319],[-76.6114229374873,39.2965061054561],[-76.6121762702642,39.2964820285233],[-76.6128084566962,39.2964570017163],[-76.6130901792276,39.2964398840225],[-76.6133426022895,39.2964297618042],[-76.6133230540968,39.296369466447],[-76.6132778389506,39.2957515764493],[-76.6137726260122,39.2957319263381],[-76.6142683383621,39.2957047261217],[-76.6149641167167,39.2956800685471],[-76.6152740477693,39.2956626624519],[-76.6153390566843,39.2956601090846],[-76.6155424105574,39.2956551936055],[-76.6162518674546,39.2956326323018],[-76.6168986338876,39.2956050567631],[-76.6176094322118,39.295579918171],[-76.6182716336755,39.2955563315364],[-76.6183091204198,39.2961061511086],[-76.6183231325077,39.2962459673109],[-76.6186717759608,39.2962375270572],[-76.6194238362339,39.2962015401538],[-76.6197067767714,39.2961909104191],[-76.619806884916,39.2962195479513],[-76.6198817517616,39.29626062968],[-76.6199180671597,39.296407288833],[-76.6199454809684,39.2967315189664],[-76.6200484167109,39.2967265329233],[-76.6205450112508,39.2967010259152],[-76.6205814926023,39.2972527896068],[-76.6205879169301,39.2973499643099],[-76.6207014573416,39.2973450119383],[-76.6207181430589,39.2976942608329],[-76.6207398986926,39.2980194172712],[-76.620750368841,39.2981472424759],[-76.6208473361864,39.2981452918333],[-76.6213514281207,39.2981263279778],[-76.6214714027042,39.2981224557872],[-76.621486373676,39.2983979602295],[-76.6212655645082,39.2983949111899],[-76.621090175003,39.2983967741316],[-76.6208656292124,39.2984067759785],[-76.6207647469603,39.2983952044369],[-76.6205737212978,39.2984023810495],[-76.6203483206041,39.2984128907776],[-76.6201504575847,39.2984254203305],[-76.620024685833,39.2984362271758],[-76.6200398250728,39.2988257961776],[-76.6200668474904,39.2995281051143],[-76.6200931669913,39.3000591569507],[-76.6201125867064,39.3003328031335],[-76.6201648620462,39.3011286559153],[-76.6198951873031,39.3010068094454],[-76.6197660732794,39.3009483937395],[-76.6196159273276,39.3008649876556],[-76.6196091179149,39.3008612049496],[-76.6195461865896,39.3009296776142],[-76.6194365261625,39.3010368908865],[-76.6194262961078,39.301046824628],[-76.6193898851438,39.3010825631208],[-76.6193823536542,39.3010897600925],[-76.619353473589,39.3011179728238],[-76.6193308466059,39.301140000492],[-76.6193241661174,39.3011465399622],[-76.6192957481744,39.3011743974764],[-76.6192828867309,39.3011870690871],[-76.6192682177636,39.3012012697292],[-76.6192397986221,39.301229126325],[-76.6192184833097,39.30124997823],[-76.6191941104148,39.3012752159156],[-76.6195582189487,39.3014897883516],[-76.6192051960128,39.3018092574699],[-76.6191159478156,39.3017543264807],[-76.6187601487819,39.3015483026154],[-76.6186446105615,39.301546845864],[-76.6186596709342,39.3018799324877],[-76.6186780181659,39.3022857063991],[-76.6186091065596,39.3022863402568],[-76.6182429192957,39.3022931786084],[-76.6180096017041,39.3023036122175],[-76.6178540859364,39.3023092839162],[-76.6177753831142,39.3023230995417],[-76.6176304790188,39.3023272597656],[-76.6175741248684,39.3023742661063],[-76.6174919241502,39.3024637427308],[-76.6174252526101,39.3025403989475],[-76.6173898035131,39.302601888973],[-76.6173706658543,39.3026689177137],[-76.6173872227987,39.3030394438225],[-76.617410055602,39.3033921445346],[-76.6183131353223,39.303356986784],[-76.6184426416092,39.3035885460017],[-76.6184640915904,39.303706844431],[-76.6186135686408,39.3042529312876],[-76.6186647941241,39.3044168676269],[-76.6181673450514,39.3044272628521],[-76.6181950274329,39.3049272598284],[-76.6181574074532,39.3049275798535],[-76.6176385616381,39.3049475810393],[-76.6175145480701,39.3049519892631],[-76.6175473029791,39.3053825725719],[-76.6172381343469,39.3053916615459],[-76.616862070352,39.305399729029],[-76.6165169714137,39.305415630261],[-76.6161794222962,39.3054294185483],[-76.6159359376718,39.3054456094169],[-76.6157035440913,39.3054525726807],[-76.6153792426932,39.3054645527444],[-76.6148976676194,39.305478761177],[-76.6145742436038,39.3054916003157],[-76.6144699418308,39.305501038555],[-76.6142019995994,39.3055055294342],[-76.6138846116351,39.3055108480661],[-76.6137507233935,39.3055130913857],[-76.6136481419512,39.3055210591125],[-76.6134183769116,39.3055423710411],[-76.6132212098788,39.3055477671773],[-76.6128731662516,39.3055609952925],[-76.6127485939199,39.3055610991418],[-76.6126447845857,39.3055616144952],[-76.6125556070343,39.3055515400737],[-76.6124408933527,39.3055223510878],[-76.6123448391208,39.305481349783],[-76.6122937236436,39.3054499789444],[-76.6122261055315,39.3054066420245],[-76.6121837470001,39.30537425696],[-76.6121609219508,39.3053481002295],[-76.6121249203649,39.3053074851986],[-76.6120891981689,39.3052507727636],[-76.6120409609485,39.3051508853842],[-76.6120194292533,39.3050494017491],[-76.6119892924616,39.3046637289964],[-76.6119567896259,39.3039839369651],[-76.6119433941284,39.303606727023]],[[-76.6204653623536,39.2973548289037],[-76.6204585592212,39.2972565495413],[-76.6204532120876,39.2971793003734],[-76.6203957838651,39.2971811730706],[-76.6203926397917,39.2971084077835],[-76.6200727882618,39.2971212942227],[-76.6199680481689,39.2971234550792],[-76.6199748056625,39.2972764283568],[-76.6199539366922,39.2973784599734],[-76.6202640904887,39.2973628177186],[-76.6204653623536,39.2973548289037]]]},"properties":{"OBJECTID":20,"GIS_ID":"1013_30","FTYPE":1013,"AREA_NAME":"Mount Vernon","AREA_TYPE":500,"ACRE":164.87852196,"CNTCT_NME":"[redacted]","CNTCT_DPT":"[redacted]","CNTCT_PHN":"[redacted]","CNTCT_EML":"[redacted]","CNTCT_ADDR":"[redacted]","CNTCT_AD_1":"8th Floor","CNTCT_CITY":"Baltimore","CNTCT_STAT":"MD","CNTCT_ZIP":"21202","SHAPE_Leng":14425.01214726,"GlobalID":"27525506-723a-4a0e-8c13-65a5d0141eb2","URL":" ","CHAPcode":"A01","created_user":"[redacted]","created_date":1520858965000,"last_edited_user":"[redacted]","last_edited_date":1520858965000,"Shape__Area":7182079.6879882813,"Shape__Length":14425.012147285599}},{"type":"Feature","id":21,"geometry":{"type":"Polygon","coordinates":[[[-76.6267397490196,39.3133004847015],[-76.6265646549309,39.313076339813],[-76.6264713954316,39.3129373733248],[-76.6264537546456,39.3129110864089],[-76.6263944500247,39.3128472362276],[-76.6264410183116,39.3127288126752],[-76.6264701251519,39.3126297295266],[-76.6265082123395,39.3125000763099],[-76.6265143437221,39.3124792055189],[-76.6265331707928,39.3123431912035],[-76.6265308864537,39.3122295926004],[-76.6265226469966,39.3121753995911],[-76.6265006085512,39.3120671643389],[-76.6264358539982,39.3118641348839],[-76.6263571119699,39.3117283310046],[-76.6262772828656,39.3116074409937],[-76.6262518374759,39.3115737268193],[-76.6261485399649,39.311475075547],[-76.6260539487262,39.3114009884225],[-76.6259218137367,39.3113255819087],[-76.625799252447,39.3112718409398],[-76.6256904172065,39.3112241182649],[-76.6255193646101,39.3111564806304],[-76.6253654741536,39.311101595389],[-76.6251259265885,39.310870723019],[-76.626270381693,39.3108216895497],[-76.6263638101528,39.3109484516171],[-76.626458553399,39.3111067747995],[-76.6265310941266,39.311227994639],[-76.626551300914,39.3112500246427],[-76.6265724343852,39.3112636454463],[-76.6265900881732,39.3112671343177],[-76.6266187853927,39.3112701421438],[-76.6267482323399,39.3112688374357],[-76.6267676188961,39.3112788514411],[-76.6268983469063,39.3114541209217],[-76.6270710737898,39.311450934672],[-76.6275570989766,39.3114419678741],[-76.6275810157478,39.3117668708122],[-76.6275944486781,39.3118170196121],[-76.6276118219143,39.3118735294085],[-76.6276345101657,39.3121800683369],[-76.6273093126963,39.312188991671],[-76.6273207069165,39.3123748622904],[-76.6276472492172,39.3123621690261],[-76.6276546083327,39.3124751009056],[-76.6277041985839,39.3125384035484],[-76.6277088808915,39.312597577173],[-76.6277199059296,39.3127369190364],[-76.6277286430963,39.3128473520695],[-76.6277642799512,39.3128467758796],[-76.6281625403066,39.3128348262597],[-76.6288686672826,39.312805656364],[-76.6288741077569,39.312863501015],[-76.6288823632416,39.3128899524892],[-76.6289147762315,39.3129264488863],[-76.6292310196904,39.3132574560791],[-76.6292720806721,39.3133004344549],[-76.6296697624066,39.3137099096989],[-76.629233775747,39.3139509969999],[-76.6290918919001,39.3140490448228],[-76.6285605885532,39.3143536606027],[-76.6293923543708,39.3152243799874],[-76.6297112923138,39.3155560732806],[-76.6300668590244,39.3159257486075],[-76.6301373659643,39.3159870397477],[-76.6301768115329,39.3160213294267],[-76.6302064508833,39.3166914969112],[-76.6301344649908,39.3166859505365],[-76.6300620937021,39.3166695929758],[-76.6300162406331,39.3166516029249],[-76.6299390881344,39.3166199579798],[-76.6298276318141,39.3165348867034],[-76.6297679119976,39.3164883215442],[-76.6294775414007,39.3161696146578],[-76.6290635227303,39.3157321263846],[-76.628883546385,39.3155338735956],[-76.628376373101,39.3150163638495],[-76.6278803664495,39.3144741876202],[-76.6271954200019,39.3137691788974],[-76.62697616511,39.3135404358318],[-76.6267397490196,39.3133004847015]]]},"properties":{"OBJECTID":21,"GIS_ID":"1013_7","FTYPE":1013,"AREA_NAME":"Mt. Royal Terrace","AREA_TYPE":500,"ACRE":16.99964973,"CNTCT_NME":"[redacted]","CNTCT_DPT":"[redacted]","CNTCT_PHN":"[redacted]","CNTCT_EML":"[redacted]","CNTCT_ADDR":"[redacted]","CNTCT_AD_1":"8th Floor","CNTCT_CITY":"Baltimore","CNTCT_STAT":"MD","CNTCT_ZIP":"21202","SHAPE_Leng":6335.01812586,"GlobalID":"d7b5b803-888f-4182-9359-239af8f26783","URL":" ","CHAPcode":"A09","created_user":"[redacted]","created_date":1520858965000,"last_edited_user":"[redacted]","last_edited_date":1520858965000,"Shape__Area":740501.78021240234,"Shape__Length":6335.0181258529847}},{"type":"Feature","id":22,"geometry":{"type":"Polygon","coordinates":[[[-76.6622359770476,39.3677514212633],[-76.662238858515,39.3678740972551],[-76.662244583013,39.3681202156402],[-76.6622501319805,39.3683583718918],[-76.6622548890959,39.3685627842656],[-76.6622631656665,39.3689264704235],[-76.6622687218274,39.3691926034995],[-76.6622761420902,39.3697583789716],[-76.6622800357858,39.3700546233085],[-76.6622823266328,39.3702196870448],[-76.6622846082205,39.3703864522356],[-76.6622871000743,39.3705687566147],[-76.6622890226027,39.3707073808695],[-76.6622901045907,39.3707920261155],[-76.6622895837287,39.3708621081654],[-76.6622975592544,39.3708585623506],[-76.6623170189332,39.37084990991],[-76.6623210862375,39.3709035243703],[-76.6623217726297,39.3709160726887],[-76.6623226065473,39.3709320000902],[-76.6623327943347,39.3711265990541],[-76.6623342205979,39.3711541125162],[-76.6623514615632,39.3713960356435],[-76.6623780710799,39.3716536061975],[-76.6625930730385,39.3720007550122],[-76.6616652560552,39.3720007784095],[-76.6614574430785,39.3720007578027],[-76.6610054214311,39.3720006916594],[-76.660400660875,39.3720006215254],[-76.6604932144456,39.3719377165422],[-76.6603224634548,39.371783999417],[-76.6600065951113,39.3719973699335],[-76.6599016076828,39.3719975861237],[-76.6595708926548,39.3716265099221],[-76.6594937509053,39.3715595763349],[-76.6593735358031,39.3714577315472],[-76.6593187050345,39.3714146797062],[-76.6591837559924,39.3713115508255],[-76.6590827791536,39.371242771639],[-76.6588914517117,39.3711126478666],[-76.6585767929092,39.370901566177],[-76.6585295509469,39.3709409803396],[-76.658068251778,39.3713471465295],[-76.6577696319335,39.3711589835059],[-76.6574550498868,39.3709655570588],[-76.6579262644126,39.3706227870333],[-76.6579840166013,39.3705786468857],[-76.6577958166244,39.3704940103488],[-76.657755248389,39.3704719278586],[-76.6575093072718,39.3703111169135],[-76.6573965376932,39.370224479042],[-76.6573609641721,39.3701966903875],[-76.6571883328875,39.3700618578582],[-76.6570445280199,39.369949402349],[-76.6569864697639,39.3699006941664],[-76.6568967106878,39.3698103470214],[-76.6568272458896,39.3697291546563],[-76.6567761008727,39.3696562502421],[-76.6565721269238,39.3693654943159],[-76.6563794453893,39.3691643429317],[-76.6562041141835,39.3690095082647],[-76.6561006920346,39.3689324811646],[-76.6554946364234,39.3685472873232],[-76.6552643327074,39.3683890619347],[-76.6548560957865,39.368114036134],[-76.6546761359361,39.3680258247494],[-76.6546169275369,39.3680054194372],[-76.6544447810167,39.3679594256575],[-76.6543016894535,39.3679277774978],[-76.6542274582799,39.3679182924998],[-76.6541116991689,39.3679148436667],[-76.6539419791442,39.3679141039017],[-76.6536845094989,39.3679213283616],[-76.6535878031207,39.3677159925965],[-76.6534526127728,39.3673336322832],[-76.6533587720962,39.3670850639433],[-76.6533210872395,39.3669252026214],[-76.6531980320095,39.3668652983877],[-76.6528612105991,39.3667592913301],[-76.6525695108017,39.3666487832139],[-76.6524653288977,39.3666115253512],[-76.6523867831072,39.3665856122962],[-76.6523421822082,39.3665750138922],[-76.6522838571828,39.3665674644243],[-76.6522064978677,39.3665653459317],[-76.6521120819657,39.3665600747958],[-76.6520482963646,39.3665583692554],[-76.6519783377972,39.3665598790607],[-76.6519434538921,39.3665616511625],[-76.6518890301863,39.366570411887],[-76.6518614543756,39.3665767146871],[-76.651665951411,39.3666213996531],[-76.6517428505288,39.3665377201033],[-76.6517947789231,39.3664966903477],[-76.6518364765871,39.3664685036209],[-76.6519562288486,39.3664078664438],[-76.6520275035684,39.3663717767336],[-76.6521112570732,39.3663324262941],[-76.6520851040469,39.3662994954318],[-76.651890463682,39.3660407509929],[-76.651582393619,39.3656312722529],[-76.6514055027279,39.365396150033],[-76.6512534917027,39.3651940728142],[-76.6515865850352,39.3650438487461],[-76.6519078865151,39.3648987617672],[-76.6517783895038,39.364714048702],[-76.6519875551368,39.3646720025976],[-76.6519462525076,39.3644470561786],[-76.6519318034871,39.364364594088],[-76.6523010380131,39.3643189884652],[-76.6527460478419,39.3642640216025],[-76.6531336408716,39.364216037383],[-76.6534497907133,39.3641766893303],[-76.6535883406989,39.3641594448622],[-76.6538959433023,39.3641211585253],[-76.6539996182383,39.3640903025632],[-76.6542327198583,39.3640200730405],[-76.6544118385919,39.363966624613],[-76.6545452987211,39.3638838822081],[-76.6546827646425,39.3637986563683],[-76.6548041729327,39.3637210701326],[-76.6547886635011,39.3636012399519],[-76.6548398361235,39.363457281061],[-76.6548796422525,39.363243141997],[-76.6549731924519,39.363137694151],[-76.6551017603809,39.3629927722946],[-76.6552969027848,39.3627728076789],[-76.6553200915234,39.3627606021855],[-76.6554377408513,39.3626950336204],[-76.6556301858525,39.3625877798352],[-76.655718880732,39.3625383737146],[-76.6560819326739,39.3623344549726],[-76.6563552511306,39.3621809367576],[-76.6564015349021,39.3621515241725],[-76.6563614247085,39.3621222014287],[-76.6563072670873,39.3620769170643],[-76.6562047324777,39.3619794952249],[-76.6561340700797,39.3619022259402],[-76.6560197924774,39.3617772484281],[-76.6560633293423,39.3617584089142],[-76.656652235845,39.3615374455911],[-76.6566348957287,39.3615032137326],[-76.6568735943292,39.3614142437142],[-76.6569526493093,39.3615728602349],[-76.6572033434068,39.361490100906],[-76.6574185063661,39.3614190993671],[-76.6575288130664,39.3613826876329],[-76.6573740597118,39.3607586599282],[-76.6573657226496,39.3606653353062],[-76.6575801098899,39.360662349595],[-76.6577687363092,39.3606601910668],[-76.6578985435583,39.3606645563317],[-76.6579842698918,39.3606723556799],[-76.6581163620952,39.3606911004392],[-76.6582733205394,39.3607275528768],[-76.6584819691365,39.3607820763293],[-76.6587195579346,39.3608591973664],[-76.6588135818907,39.360894267536],[-76.6589185573242,39.3609360393643],[-76.6590388393708,39.360998179747],[-76.6591097935823,39.3610442006225],[-76.6592053280455,39.3611271851437],[-76.6593380786989,39.3612850909479],[-76.6593072612752,39.3616254376113],[-76.6593036065673,39.3618003432313],[-76.6593052418391,39.3618620557588],[-76.6593122311786,39.3619048908074],[-76.6593152304403,39.3619232799646],[-76.6593181260541,39.3619410238927],[-76.6593373203936,39.3619946166857],[-76.6594776423672,39.3623115560563],[-76.6595226391437,39.3624159612095],[-76.6595786198355,39.3625636245656],[-76.659621106241,39.3626095005428],[-76.6596240136676,39.362615385374],[-76.6597087686055,39.3627868573798],[-76.6598494066934,39.3630656878048],[-76.6600209383152,39.3634057017038],[-76.660117240508,39.3635965942309],[-76.6601410603864,39.3636438103947],[-76.6601607606959,39.3636828593677],[-76.66017515071,39.3637321668084],[-76.6600134442576,39.3638029126646],[-76.6597462672366,39.3639230432955],[-76.659787083572,39.3639875407154],[-76.6597973808348,39.3640012986489],[-76.659840503221,39.3640589670202],[-76.6598951819222,39.3641320993343],[-76.6599499014786,39.364205204717],[-76.6600045827262,39.3642783369835],[-76.6600592664075,39.3643514692296],[-76.6601139838522,39.3644246015458],[-76.6601710569011,39.3645008977268],[-76.6602257037897,39.3645740306837],[-76.6602779264756,39.3646438310872],[-76.6600762444577,39.3647125177389],[-76.6603195740175,39.3650378988606],[-76.6596651770161,39.365223081994],[-76.6596560078843,39.3652104532414],[-76.659549743489,39.3652585206738],[-76.6590486394025,39.365485161817],[-76.6590125820521,39.3654369831197],[-76.6585277306838,39.3656155418623],[-76.6583995384755,39.3656627753531],[-76.6583771807906,39.365671000797],[-76.658203137235,39.365735096888],[-76.6579008658191,39.3658463967402],[-76.6577510239709,39.3659016110303],[-76.6576453959681,39.3659411675231],[-76.6574181424933,39.3660226223801],[-76.6573376519111,39.3659184734241],[-76.6571766169606,39.3659255540949],[-76.6571571365449,39.3660918986199],[-76.6571461915531,39.3661897507343],[-76.6570707964254,39.3661803379887],[-76.6568865022964,39.366166417305],[-76.6566906245967,39.3661703070253],[-76.6565349576364,39.3661789463523],[-76.6563324126009,39.3662042778719],[-76.6561712593909,39.3662360532372],[-76.6560251512408,39.3662792099668],[-76.6559820630098,39.3662968500769],[-76.6558559277934,39.3663478654032],[-76.6557442384096,39.3664048506322],[-76.6556507123642,39.3664647992199],[-76.6553621444119,39.36664976613],[-76.6551867569955,39.3667621855698],[-76.6553469603437,39.3668208238667],[-76.6553934295508,39.3668324939765],[-76.6553853796865,39.3668773550216],[-76.6553222460471,39.36721843047],[-76.6554214090429,39.3671924744717],[-76.6554790284965,39.3671849284635],[-76.6555217306184,39.3671826377705],[-76.6556152559208,39.3671813182686],[-76.655746231368,39.3671955946915],[-76.6557997700468,39.3672053883794],[-76.6558474558582,39.3672215673546],[-76.6559309874125,39.367249919259],[-76.6560393687603,39.367291120737],[-76.6561012952147,39.3673154839186],[-76.6561783721826,39.3673506317477],[-76.6562382815932,39.3673812788059],[-76.6562729272213,39.3673995019946],[-76.6563199151272,39.3674323387674],[-76.656347478835,39.3674519662042],[-76.6564714493384,39.3675471579638],[-76.6565066428087,39.3675783127606],[-76.6563915434574,39.3676722242429],[-76.6562045834839,39.367842239597],[-76.6563691275211,39.367970335967],[-76.6564830169099,39.3680511918386],[-76.6564568852406,39.3680851120169],[-76.6562402428954,39.3683693748116],[-76.6563522651298,39.3684560738235],[-76.6564758444382,39.3685518940144],[-76.6565625275552,39.368619932105],[-76.6566007010806,39.3686545543918],[-76.6567354394411,39.3687765985005],[-76.6568343946508,39.3688662520469],[-76.6569352553044,39.3689576404787],[-76.657073128119,39.3690825486628],[-76.6570626681725,39.3691606255226],[-76.6570681201738,39.3692001558251],[-76.6571296160157,39.3691920978844],[-76.6572162745245,39.3691923504864],[-76.6573480589569,39.3691966319905],[-76.6576698129869,39.3691944677207],[-76.6578396881571,39.3691915932975],[-76.6579109210189,39.3691816762329],[-76.6579201982059,39.3691464853247],[-76.6579406681779,39.3690720773804],[-76.6580273951878,39.3687568232241],[-76.6580855927001,39.3685452743089],[-76.6582451159475,39.3686464006755],[-76.6583423766809,39.3687080567406],[-76.6584949335194,39.3687766306244],[-76.658527353677,39.3687912040967],[-76.6586392605933,39.368829088765],[-76.658729238288,39.3688595488779],[-76.6587961635081,39.3688958130457],[-76.6588904580149,39.3688636474462],[-76.65897624764,39.3688466354203],[-76.6590732250186,39.3688291720676],[-76.6592054796173,39.368817372008],[-76.6591995835711,39.3687893375163],[-76.6591145050943,39.3687400845857],[-76.6588241260692,39.3686195698356],[-76.6589433454972,39.3681965937543],[-76.6587899436795,39.3680718354373],[-76.6588575410756,39.3678579408319],[-76.6590119291869,39.3678878750727],[-76.6592069193961,39.3679256676998],[-76.6594045265099,39.3679639629864],[-76.6595970800317,39.3680013092492],[-76.6597893869794,39.3680385725153],[-76.6599824708239,39.3680760025469],[-76.6601608889027,39.3681105894937],[-76.6602160067743,39.3681233500518],[-76.6602297841488,39.368092007291],[-76.6604070233228,39.3677365273541],[-76.660446638959,39.367690866297],[-76.6604774346849,39.3676317578864],[-76.6605208419726,39.3675227499261],[-76.6605414298525,39.3674501910524],[-76.6605945004359,39.3674597686293],[-76.6606439755073,39.3674687251079],[-76.6609307931025,39.3675197936566],[-76.6611886700685,39.3675657268028],[-76.66144919619,39.3676119966774],[-76.661649010601,39.3676474112914],[-76.6617067560238,39.3676576530466],[-76.661965341206,39.3677034784335],[-76.6622359770476,39.3677514212633]]]},"properties":{"OBJECTID":22,"GIS_ID":"1013_9","FTYPE":1013,"AREA_NAME":"Mount Washington","AREA_TYPE":500,"ACRE":121.83187089,"CNTCT_NME":"[redacted]","CNTCT_DPT":"[redacted]","CNTCT_PHN":"[redacted]","CNTCT_EML":"[redacted]","CNTCT_ADDR":"[redacted]","CNTCT_AD_1":"8th Floor","CNTCT_CITY":"Baltimore","CNTCT_STAT":"MD","CNTCT_ZIP":"21202","SHAPE_Leng":17565.51152186,"GlobalID":"eac7beb8-0d9e-4025-a79e-06c881017564","URL":" ","CHAPcode":"A17","created_user":"[redacted]","created_date":1520858965000,"last_edited_user":"[redacted]","last_edited_date":1520858965000,"Shape__Area":5306975.0686645508,"Shape__Length":17565.511521787845}},{"type":"Feature","id":23,"geometry":{"type":"Polygon","coordinates":[[[-76.6025652721378,39.2980500312232],[-76.6018955061776,39.298077965235],[-76.60188480807,39.2977805552373],[-76.6018771632962,39.2974900193397],[-76.6018543393248,39.2971801998764],[-76.6018422778744,39.2970164704025],[-76.6020083556765,39.2970158314937],[-76.6021499227675,39.2969753012154],[-76.6026923501376,39.2965747461585],[-76.6033165215656,39.2961135066309],[-76.6033748623212,39.296160254825],[-76.6036580218312,39.2963901292902],[-76.6036886653522,39.2964396338852],[-76.6040155199009,39.296754067661],[-76.6029864326284,39.2975358131586],[-76.6029262984242,39.2976262118514],[-76.6028658789807,39.2976886400909],[-76.6027848715886,39.297720624214],[-76.6026348844595,39.2977659350244],[-76.602599411942,39.2977900103244],[-76.602563441589,39.2978247218888],[-76.6025543348589,39.2978734239253],[-76.6025652721378,39.2980500312232]]]},"properties":{"OBJECTID":23,"GIS_ID":"1013_28","FTYPE":1013,"AREA_NAME":"Oldtown Mall","AREA_TYPE":500,"ACRE":5.01005146,"CNTCT_NME":"[redacted]","CNTCT_DPT":"[redacted]","CNTCT_PHN":"[redacted]","CNTCT_EML":"[redacted]","CNTCT_ADDR":"[redacted]","CNTCT_AD_1":"8th Floor","CNTCT_CITY":"Baltimore","CNTCT_STAT":"MD","CNTCT_ZIP":"21202","SHAPE_Leng":2084.86407055,"GlobalID":"a606458e-2b9c-4ad6-9b7b-6d3c8c0f490e","URL":" ","CHAPcode":"A28","created_user":"[redacted]","created_date":1520858965000,"last_edited_user":"[redacted]","last_edited_date":1520858965000,"Shape__Area":218236.96844482422,"Shape__Length":2084.864070556072}},{"type":"Feature","id":24,"geometry":{"type":"Polygon","coordinates":[[[-76.6175898621868,39.2831522443734],[-76.6168447168019,39.2831827642515],[-76.6163809182398,39.2832044144876],[-76.6159599826774,39.2832208858387],[-76.6159384103228,39.2828825998862],[-76.6159236695974,39.282668916141],[-76.6159093796207,39.282453344055],[-76.6159012408928,39.2823253074235],[-76.6158984002229,39.2821161231258],[-76.6158596882953,39.2818438456124],[-76.6158581978966,39.2817928774058],[-76.6158503208597,39.2815347724093],[-76.61581672587,39.2809704564272],[-76.6157672344792,39.2804059162954],[-76.6158445898251,39.2803912391692],[-76.6161272779903,39.2803775782104],[-76.6171347501189,39.2803369380074],[-76.617293773753,39.2803271605227],[-76.6173392020449,39.280337089008],[-76.6173805881636,39.2803600455508],[-76.6174279516359,39.2804207734115],[-76.6174577259961,39.281057155556],[-76.6174810162112,39.2814714569183],[-76.6175184853988,39.2820570618165],[-76.6175561475994,39.2826069763321],[-76.6175712011605,39.282845886719],[-76.6175898621868,39.2831522443734]]]},"properties":{"OBJECTID":24,"GIS_ID":"1013_10","FTYPE":1013,"AREA_NAME":"Otterbein","AREA_TYPE":500,"ACRE":10.95608709,"CNTCT_NME":"[redacted]","CNTCT_DPT":"[redacted]","CNTCT_PHN":"[redacted]","CNTCT_EML":"[redacted]","CNTCT_ADDR":"[redacted]","CNTCT_AD_1":"8th Floor","CNTCT_CITY":"Baltimore","CNTCT_STAT":"MD","CNTCT_ZIP":"21202","SHAPE_Leng":2972.1255075,"GlobalID":"4d44d874-3409-4f23-b7aa-2e51523e9d50","URL":" ","CHAPcode":"A14","created_user":"[redacted]","created_date":1520858965000,"last_edited_user":"[redacted]","last_edited_date":1520858965000,"Shape__Area":477245.24468994141,"Shape__Length":2972.1255075204708}},{"type":"Feature","id":25,"geometry":{"type":"Polygon","coordinates":[[[-76.5872185051013,39.3143092369037],[-76.5868792026601,39.3143099325976],[-76.586535908133,39.3143133587673],[-76.5864346780834,39.3128839655396],[-76.5867855690419,39.3128647806647],[-76.5871191895592,39.3128525698645],[-76.5872185051013,39.3143092369037]]]},"properties":{"OBJECTID":25,"GIS_ID":"1013_18","FTYPE":1013,"AREA_NAME":"Perlman Place","AREA_TYPE":500,"ACRE":2.33930475,"CNTCT_NME":"[redacted]","CNTCT_DPT":"[redacted]","CNTCT_PHN":"[redacted]","CNTCT_EML":"[redacted]","CNTCT_ADDR":"[redacted]","CNTCT_AD_1":"8th Floor","CNTCT_CITY":"Baltimore","CNTCT_STAT":"MD","CNTCT_ZIP":"21202","SHAPE_Leng":1439.90676141,"GlobalID":"45aca97f-35e4-4ac1-a222-dbbb386b36c6","URL":" ","CHAPcode":"A24","created_user":"[redacted]","created_date":1520858965000,"last_edited_user":"[redacted]","last_edited_date":1520858965000,"Shape__Area":101899.70758056641,"Shape__Length":1439.9067613940088}},{"type":"Feature","id":26,"geometry":{"type":"Polygon","coordinates":[[[-76.6246608211601,39.2852304219092],[-76.6244289282277,39.2852417680448],[-76.6242023063224,39.2852529774561],[-76.6238193803592,39.2852617061165],[-76.6234691024164,39.2852765417551],[-76.6234624586187,39.2850306234736],[-76.6234619781771,39.2847350434428],[-76.6234612160819,39.2842665054918],[-76.6234536787333,39.2841459414394],[-76.6234306980636,39.283775988088],[-76.6234084987226,39.2834158825202],[-76.6233800889487,39.2829429825292],[-76.6233566090725,39.2825427636318],[-76.6233187777826,39.281897918359],[-76.6233051336697,39.2815335820999],[-76.6233107314964,39.2813358602403],[-76.6233221511842,39.2812645114582],[-76.6238605422145,39.2814173359837],[-76.6241669875388,39.2815000736575],[-76.6243922654794,39.2815815178347],[-76.6245190952078,39.2816365878731],[-76.6247155223195,39.2817355400865],[-76.6249370035161,39.2818746378603],[-76.6250059807709,39.2819231641482],[-76.6250920777128,39.281992845385],[-76.6252091279428,39.2820873431308],[-76.6253067806033,39.2821831957808],[-76.6253910072528,39.2822658679179],[-76.6254607312446,39.2823605702643],[-76.6255541111484,39.2824874015854],[-76.6256588092731,39.2826577639783],[-76.6258248465328,39.2829431741912],[-76.6261142298375,39.2834599014384],[-76.626263388261,39.2837278554169],[-76.6269260165348,39.2849182000768],[-76.6273065760057,39.2856070562268],[-76.62753939707,39.2860453950719],[-76.6272363751999,39.2860595342502],[-76.6266789044319,39.2860869350683],[-76.6258519807176,39.286127374973],[-76.6253691754665,39.2861491722385],[-76.6250564349549,39.2861632748014],[-76.6247136513789,39.2861800269762],[-76.6246967714751,39.2856971039581],[-76.6246827104876,39.2855172266078],[-76.6246608211601,39.2852304219092]]]},"properties":{"OBJECTID":26,"GIS_ID":"1013_21","FTYPE":1013,"AREA_NAME":"Ridgely's Delight","AREA_TYPE":500,"ACRE":28.6895179,"CNTCT_NME":"[redacted]","CNTCT_DPT":"[redacted]","CNTCT_PHN":"[redacted]","CNTCT_EML":"[redacted]","CNTCT_ADDR":"[redacted]","CNTCT_AD_1":"8th Floor","CNTCT_CITY":"Baltimore","CNTCT_STAT":"MD","CNTCT_ZIP":"21202","SHAPE_Leng":5158.12830631,"GlobalID":"7c527a3f-b943-4766-b7e5-c21556fd22c8","URL":" ","CHAPcode":"A10","created_user":"[redacted]","created_date":1520858965000,"last_edited_user":"[redacted]","last_edited_date":1520858965000,"Shape__Area":1249710.4008789063,"Shape__Length":5158.1283062935663}},{"type":"Feature","id":27,"geometry":{"type":"Polygon","coordinates":[[[-76.622884649986,39.2982736753224],[-76.6227611721127,39.2983969430408],[-76.6226534145537,39.298276698057],[-76.622609709058,39.2982293786957],[-76.622415933587,39.2980391439154],[-76.6223747111711,39.2979834148611],[-76.6223590327685,39.2979418377344],[-76.622354841636,39.2978926798204],[-76.6223737603699,39.2978227472454],[-76.6223833654282,39.2977898094808],[-76.6223836882229,39.2977291769074],[-76.6222398087552,39.2976857788645],[-76.6217488618328,39.2973978078534],[-76.621633456983,39.2973389221206],[-76.6215271267956,39.2973166155616],[-76.6214167075542,39.2973160886683],[-76.6214001245008,39.2971126954205],[-76.6213880489475,39.2967926504953],[-76.6213840427175,39.2966588218586],[-76.6212858035775,39.296583003685],[-76.6212226616177,39.2965519122361],[-76.6211154132423,39.296509240696],[-76.6210213358048,39.2964814821601],[-76.6209292292742,39.2964615196646],[-76.6209103477817,39.2961770100948],[-76.6208867200635,39.2958209901879],[-76.6212114381987,39.2958082739697],[-76.6212308610538,39.2958075141967],[-76.6213237146083,39.2957885949323],[-76.6212945473036,39.2954206095567],[-76.6212766599902,39.2951020923236],[-76.6212675451651,39.2948933760899],[-76.6216806223323,39.294872227651],[-76.6219324164271,39.2948646305131],[-76.6219474346314,39.2948641645076],[-76.6221246280744,39.294858669752],[-76.6226264299988,39.2948375186869],[-76.6229813355391,39.2948211536991],[-76.6233640955631,39.2948071333396],[-76.6237104386962,39.2947909656915],[-76.6239809172091,39.2947778573192],[-76.6241295950457,39.2949758387946],[-76.6243247869804,39.2951378060624],[-76.6247543086246,39.295491804009],[-76.6249160329522,39.2956253309111],[-76.6250803326437,39.2957632371816],[-76.625381627321,39.2960142685656],[-76.6254980764752,39.2961120126715],[-76.6252307292082,39.2963271583642],[-76.6251308145352,39.2964075637448],[-76.6248691315875,39.2966135002112],[-76.6247996234205,39.2966705493515],[-76.624650066028,39.2967932989392],[-76.6245637835057,39.2968679446987],[-76.6244645089942,39.2969543677124],[-76.6242825916297,39.2971007042214],[-76.6240973229125,39.2972484033779],[-76.6239700515796,39.297351027496],[-76.623747203007,39.2975387543892],[-76.623379472793,39.297833920991],[-76.6232193806615,39.2979684411918],[-76.6230533596982,39.2981105148194],[-76.6229242346073,39.2982341582263],[-76.622884649986,39.2982736753224]]]},"properties":{"OBJECTID":27,"GIS_ID":"1013_22","FTYPE":1013,"AREA_NAME":"Seton Hill","AREA_TYPE":500,"ACRE":23.47877461,"CNTCT_NME":"[redacted]","CNTCT_DPT":"[redacted]","CNTCT_PHN":"[redacted]","CNTCT_EML":"[redacted]","CNTCT_ADDR":"[redacted]","CNTCT_AD_1":"8th Floor","CNTCT_CITY":"Baltimore","CNTCT_STAT":"MD","CNTCT_ZIP":"21202","SHAPE_Leng":4231.04049001,"GlobalID":"224c9ade-2560-4ea0-a626-56df1d88d167","URL":" ","CHAPcode":"A03","created_user":"[redacted]","created_date":1520858965000,"last_edited_user":"[redacted]","last_edited_date":1520858965000,"Shape__Area":1022731.3308105469,"Shape__Length":4231.0404900278581}},{"type":"Feature","id":28,"geometry":{"type":"Polygon","coordinates":[[[-76.6030387874909,39.2974939498519],[-76.6040155199009,39.296754067661],[-76.6042532850899,39.2969671316993],[-76.6044330030038,39.2971340124808],[-76.6046264132956,39.2973014542883],[-76.6043850334796,39.2974984906882],[-76.6043145038586,39.2975526481891],[-76.6041153222147,39.2977863753136],[-76.6040024239077,39.2979924243834],[-76.6038791953132,39.2979975756687],[-76.6034442453555,39.2980157548682],[-76.6029805459337,39.2980351351071],[-76.6025652721378,39.2980500312232],[-76.6025543348589,39.2978734239253],[-76.602563441589,39.2978247218888],[-76.602599411942,39.2977900103244],[-76.6026348844595,39.2977659350244],[-76.6027848715886,39.297720624214],[-76.6028658789807,39.2976886400909],[-76.6029262984242,39.2976262118514],[-76.6029864326284,39.2975358131586],[-76.6030387874909,39.2974939498519]]]},"properties":{"OBJECTID":28,"GIS_ID":"1013_11","FTYPE":1013,"AREA_NAME":"Stirling Street","AREA_TYPE":500,"ACRE":3.24927789,"CNTCT_NME":"[redacted]","CNTCT_DPT":"[redacted]","CNTCT_PHN":"[redacted]","CNTCT_EML":"[redacted]","CNTCT_ADDR":"[redacted]","CNTCT_AD_1":"8th Floor","CNTCT_CITY":"Baltimore","CNTCT_STAT":"MD","CNTCT_ZIP":"21202","SHAPE_Leng":1637.96871348,"GlobalID":"431befde-4acc-41ba-9004-51138c129ed7","URL":" ","CHAPcode":"A11","created_user":"[redacted]","created_date":1520858965000,"last_edited_user":"[redacted]","last_edited_date":1520858965000,"Shape__Area":141537.97869873047,"Shape__Length":1637.9687134696849}},{"type":"Feature","id":29,"geometry":{"type":"Polygon","coordinates":[[[-76.7052285195047,39.2920770813485],[-76.7049077934033,39.2921254340533],[-76.7045395248333,39.2921865435376],[-76.7040255869774,39.2922562907306],[-76.7039420995342,39.29225951225],[-76.70383125069,39.2922582032894],[-76.7036497992406,39.2922414438247],[-76.7032171844943,39.2921916190237],[-76.7029234892865,39.2921903623874],[-76.7024073814402,39.2922503148039],[-76.7020224162368,39.2923178055075],[-76.7017059814594,39.2923681375207],[-76.7015528711339,39.2923925275696],[-76.7012877773039,39.2924347559577],[-76.7011729402959,39.2924530483188],[-76.7006285606817,39.2925248082907],[-76.7001968099494,39.2925871484651],[-76.7001701757942,39.2924566626814],[-76.7000279841222,39.2919082128112],[-76.6996816051759,39.291962430747],[-76.6996128926316,39.2916930846903],[-76.6995693200145,39.2914198773656],[-76.6995055690034,39.291389046255],[-76.6992495672214,39.2912529263611],[-76.6988277362398,39.2910286102516],[-76.698615163765,39.2909155812921],[-76.6983210197979,39.2907591557102],[-76.6982976045803,39.2906656393462],[-76.6982293732071,39.2903931634644],[-76.6981828546383,39.290207336685],[-76.6981356425329,39.2900186544957],[-76.6980884303298,39.2898300542447],[-76.6980412174678,39.2896413954127],[-76.6979939689044,39.2894527409624],[-76.6979467576886,39.2892640856771],[-76.6978995466089,39.2890754573847],[-76.6978377192523,39.2888429461993],[-76.6983298890427,39.2886901860743],[-76.6984066824025,39.2886568759735],[-76.6983465716122,39.2885647461904],[-76.6984215853967,39.2885295633383],[-76.6989582350623,39.2882699362855],[-76.6988245770827,39.2881692889357],[-76.6988257241397,39.2881404622291],[-76.6988334551278,39.2879423396934],[-76.6988348492693,39.2879050023591],[-76.6988411850436,39.2877441865172],[-76.6988473693554,39.2875857311649],[-76.698848915953,39.2875460621556],[-76.6988566446119,39.2873479116542],[-76.6988607680168,39.2872426857879],[-76.698906822294,39.2872379991958],[-76.6989020500474,39.2871801393947],[-76.6988620862771,39.2871817123652],[-76.6989456065238,39.286989959622],[-76.6990261402201,39.2868444332613],[-76.6990634866037,39.2867769892089],[-76.699097005923,39.2865627054833],[-76.6991194499492,39.2864188975026],[-76.6991650958891,39.2862854175746],[-76.6992003781142,39.2861850211533],[-76.6990868464113,39.2859978509969],[-76.6990458871488,39.2857539090243],[-76.6992238467694,39.2858609749528],[-76.6998606836611,39.2859210828308],[-76.6999401553308,39.285936032167],[-76.6999355436473,39.2859600616219],[-76.6999056212121,39.2863522509206],[-76.6999969062487,39.2863572274754],[-76.7004039073709,39.2863733376696],[-76.7008114651418,39.286206655244],[-76.7009619040473,39.286342698766],[-76.7009568550306,39.2865148234657],[-76.7010389593847,39.286657798977],[-76.7016327567874,39.2866382507482],[-76.7016281512818,39.2863723911537],[-76.7018129577029,39.2860872435553],[-76.7021848770427,39.2858919668082],[-76.7026347306042,39.2858822333794],[-76.7029622198167,39.285978715229],[-76.7032077273584,39.2860872627896],[-76.7034550594178,39.2862078908995],[-76.7035883691074,39.286297980675],[-76.7038350273411,39.2865634076055],[-76.70395972819,39.2868290752738],[-76.7040269574582,39.2870414190665],[-76.7040818794407,39.2872568601359],[-76.7041345096218,39.2874632616949],[-76.7044012011719,39.2874160533055],[-76.7043085533887,39.2870969014869],[-76.7043623238982,39.2870381443816],[-76.7045670721937,39.2868143780144],[-76.704771786623,39.2865906400179],[-76.7049765693102,39.2863669009236],[-76.7055529896808,39.2866854544428],[-76.7056309616415,39.2867285070094],[-76.7056969467491,39.2867649953968],[-76.7057902145565,39.2868169811585],[-76.7059481288316,39.2869049590231],[-76.7059840444063,39.2869249817869],[-76.7061060746822,39.2869929637738],[-76.7061994137869,39.2870449511855],[-76.7062439322961,39.2870697712015],[-76.7063817543881,39.2871465513534],[-76.7064147469239,39.2871648912683],[-76.7065196126026,39.2872233575533],[-76.7066300816054,39.2872849138238],[-76.7066574341322,39.2873001373753],[-76.7067952568959,39.2873769710816],[-76.7068454531751,39.2874048811244],[-76.7069331162254,39.2874537236469],[-76.7069889859398,39.2874848598823],[-76.7070709756339,39.2875305291927],[-76.7071325561272,39.2875648367539],[-76.7072087995198,39.287607307463],[-76.7073466235852,39.2876841143938],[-76.7074197644602,39.2877248486812],[-76.7074844839968,39.2877608933274],[-76.7076165610993,39.2878344717237],[-76.7077022896887,39.2878818532247],[-76.7077532968245,39.287910065744],[-76.7078914414761,39.2879864332537],[-76.7079901775461,39.2880410133102],[-76.7080411502484,39.2880691985943],[-76.7081657586134,39.2881380927793],[-76.7083039412523,39.2882144580893],[-76.708436376207,39.2882876797385],[-76.7084664788774,39.2883043373881],[-76.7085688125905,39.2883609021404],[-76.7087012492512,39.2884341234906],[-76.7088394307212,39.2885104890591],[-76.7090782505448,39.2886427290881],[-76.709155086845,39.2886895803647],[-76.7080427166503,39.2892939836051],[-76.7066006903991,39.2900605057168],[-76.706100043055,39.2903382682122],[-76.7051391305723,39.2908441231213],[-76.7050043449425,39.2909205021895],[-76.7051984979557,39.2911341779293],[-76.7052583759802,39.2912001788813],[-76.7055309460371,39.2915110217013],[-76.7051399127117,39.2916501445685],[-76.7049762387304,39.2917560130056],[-76.7051170082381,39.2919164578642],[-76.7051305446153,39.2919576185748],[-76.7051350802372,39.2919713574858],[-76.7052285195047,39.2920770813485]]]},"properties":{"OBJECTID":29,"GIS_ID":"1013_14","FTYPE":1013,"AREA_NAME":"Ten Hills","AREA_TYPE":500,"ACRE":111.67630559,"CNTCT_NME":"[redacted]","CNTCT_DPT":"[redacted]","CNTCT_PHN":"[redacted]","CNTCT_EML":"[redacted]","CNTCT_ADDR":"[redacted]","CNTCT_AD_1":"8th Floor","CNTCT_CITY":"Baltimore","CNTCT_STAT":"MD","CNTCT_ZIP":"21202","SHAPE_Leng":10802.0031147,"GlobalID":"7f1ac6f7-2556-46bd-a2f3-d983632f8265","URL":" ","CHAPcode":"A22","created_user":"[redacted]","created_date":1520858965000,"last_edited_user":"[redacted]","last_edited_date":1520858965000,"Shape__Area":4864600.4127197266,"Shape__Length":10802.003114641966}},{"type":"Feature","id":30,"geometry":{"type":"MultiPolygon","coordinates":[[[[-76.635220033975,39.2892448613779],[-76.6349575214654,39.2892572609883],[-76.6347547420115,39.2892701880327],[-76.6343673336574,39.2892880285607],[-76.6338032635659,39.2893068647584],[-76.633792588825,39.289075601975],[-76.6335691449179,39.2890850459718],[-76.6335681787406,39.2890725962606],[-76.6335511303833,39.2888640487319],[-76.6335469303881,39.2887734723429],[-76.6335423794567,39.2886841892483],[-76.6335326435515,39.2885168472434],[-76.6334915442972,39.288518779063],[-76.6334891128797,39.2884767348163],[-76.6334871029819,39.2884417250173],[-76.6334854658401,39.2884166814873],[-76.6334850463845,39.2884087994304],[-76.6334830489814,39.28837137203],[-76.6334805846246,39.2883354807694],[-76.6334789761695,39.2883051102339],[-76.6334768727214,39.2882754209298],[-76.6337499251344,39.2882608263134],[-76.6337268677866,39.287765531003],[-76.6336927758991,39.287269341881],[-76.6336826833477,39.287066206999],[-76.6334695985894,39.2870757308355],[-76.6334690012032,39.2870697587327],[-76.6334549664235,39.2868797797312],[-76.6334482611325,39.2867888883078],[-76.633668373161,39.2867781604916],[-76.63441493579,39.2867355293048],[-76.6351729809526,39.2866930983801],[-76.6358992190393,39.2866515944545],[-76.636620148068,39.2866124737477],[-76.6373237793958,39.2865875353339],[-76.6380234424463,39.2865603501967],[-76.6380174400449,39.2864545959636],[-76.6379917827483,39.2860149242622],[-76.6382246382587,39.2860069276661],[-76.6383976009794,39.2860000046214],[-76.6383691609725,39.2855673530177],[-76.638364363533,39.2855675706448],[-76.6383117018322,39.2855699603659],[-76.6383032230414,39.2854724341455],[-76.6382815216257,39.2852316399782],[-76.6382803246586,39.2852167908579],[-76.6383641802036,39.2852133487181],[-76.6386587995955,39.2852010429973],[-76.6386633580688,39.2852595713238],[-76.6389743432221,39.2852421655037],[-76.6390171850887,39.2852410973517],[-76.6390386565077,39.2852464733146],[-76.6390453105094,39.2853645429271],[-76.6390487953957,39.2853644131167],[-76.6392541632715,39.2853573010397],[-76.6393748994387,39.2853523779867],[-76.6393712866093,39.2852903468345],[-76.6394833595063,39.2852845341453],[-76.6397090976371,39.2852738600295],[-76.6397232313512,39.2852732178996],[-76.6400391136137,39.2852582905627],[-76.6400717459995,39.2852568088183],[-76.640070463106,39.2852350623313],[-76.6400682150374,39.2851972559306],[-76.6404114172721,39.2851810475489],[-76.6404185444577,39.2853015703973],[-76.6404235940802,39.2853014462367],[-76.6406671258576,39.2852927199455],[-76.6407858820142,39.2852896422503],[-76.6407855233338,39.2852835646236],[-76.6409016033616,39.2852792968302],[-76.6411239330112,39.2852712452016],[-76.641129053001,39.285271186981],[-76.6411217395697,39.2851517283082],[-76.6414835563987,39.2851364095688],[-76.64148248571,39.2851173119811],[-76.6417748903371,39.2851036153261],[-76.6417829268073,39.2852251731317],[-76.6417882501808,39.2852250065106],[-76.642071781597,39.2852144500317],[-76.6421970147765,39.2852097161321],[-76.6421970544454,39.2852018508131],[-76.6423043251177,39.2851992049942],[-76.6425655861137,39.2851915457118],[-76.6425734007465,39.2851908425762],[-76.6425638026652,39.2850506766709],[-76.6428886615565,39.2850373642359],[-76.6428903430559,39.2850685158412],[-76.6435953259763,39.2850368027219],[-76.6435787026135,39.2847414505896],[-76.6436948725799,39.2847356787437],[-76.6439801471679,39.2847228404243],[-76.6442848530518,39.2847091901207],[-76.6443039489971,39.2850217208289],[-76.6445700777853,39.2850100229124],[-76.6448351672267,39.2849980050838],[-76.6448349498924,39.2849937231127],[-76.6448989805348,39.2849908405945],[-76.6450170170674,39.2849855027458],[-76.6450169037562,39.2849833621968],[-76.6450159640349,39.2849654666534],[-76.6451232177453,39.2849614823827],[-76.6452290171899,39.2849567234719],[-76.6452423653201,39.2851486203276],[-76.6452486700516,39.2852431002969],[-76.6450314669073,39.2852515310224],[-76.6450458409073,39.2855063292692],[-76.6451623525606,39.2855001363475],[-76.6455151252803,39.2854842329097],[-76.6455336858295,39.2854837673778],[-76.6455394667589,39.2856054513994],[-76.6459172565046,39.2855884125176],[-76.6459261765877,39.2856943733003],[-76.6459347488777,39.285833562971],[-76.6455404429498,39.2858515402102],[-76.6455599438796,39.2862282509626],[-76.6455573225049,39.2862283790679],[-76.6455423872879,39.2862291068553],[-76.6455620243698,39.2865414694898],[-76.6457326025487,39.2865360966728],[-76.6459100773252,39.2865305065958],[-76.6459409814368,39.2865321436475],[-76.6459723220733,39.2865354988549],[-76.645983211283,39.286750709692],[-76.6455883937897,39.2867670524832],[-76.6456240639364,39.2872678726386],[-76.6456507287549,39.2872610640643],[-76.6458142635639,39.2872347875661],[-76.6461138394017,39.2872034297119],[-76.6468767070343,39.2871676322489],[-76.6469079184571,39.2876399565066],[-76.6467617271856,39.2876429479981],[-76.6454091945447,39.2877016777514],[-76.6454098166321,39.2877302742427],[-76.6454174903677,39.2878278451643],[-76.6454424343596,39.2881459065805],[-76.6454493024745,39.2882404845348],[-76.6454234909949,39.2882418388375],[-76.6454310646872,39.288327900438],[-76.6454521228351,39.2886261423774],[-76.6452393205518,39.2886365288291],[-76.6452318254342,39.2884997961422],[-76.6451031658587,39.2885036392932],[-76.6447605875141,39.288513339098],[-76.6447419151703,39.2885146743053],[-76.6447413141631,39.288500669282],[-76.6445156239652,39.2885075232026],[-76.6445170842969,39.2885325426114],[-76.6438051363234,39.2885640726738],[-76.6438116773188,39.2886924390135],[-76.6436803700963,39.2886925353288],[-76.6431084595246,39.2887193055775],[-76.6431046054711,39.2886957840478],[-76.6428497236921,39.2887070210535],[-76.6424040218506,39.2887252278682],[-76.6424054515104,39.2887472170558],[-76.6420923708845,39.2887566466741],[-76.6420918689114,39.2887470097209],[-76.642001085509,39.2887507405772],[-76.6417831547148,39.2887596585219],[-76.6417496894092,39.288760958053],[-76.6417496568304,39.2887674091929],[-76.6416584534382,39.2887702881868],[-76.6415903961961,39.2887724135349],[-76.6415437530884,39.2887738358395],[-76.6415254471231,39.2887744393363],[-76.6415239710866,39.2887031883607],[-76.6414972522528,39.2887046723449],[-76.6414668254234,39.2887063638908],[-76.6414581664312,39.2887068581023],[-76.6414144486334,39.2887092792183],[-76.641374550113,39.2887114912914],[-76.6413544402467,39.2887126098936],[-76.6412775079482,39.2887162464621],[-76.6412175367718,39.2887188637796],[-76.6412197291431,39.2887604918689],[-76.6410997899018,39.2887657822711],[-76.6409882540154,39.2887686391591],[-76.6409908334068,39.2888036253341],[-76.6403141244758,39.2888281529595],[-76.6402889795194,39.2888225840372],[-76.6395804897837,39.2888432368384],[-76.6395632321339,39.288502223874],[-76.6390858319969,39.2885308363058],[-76.6390914464038,39.2886124966046],[-76.6390992856757,39.288717535745],[-76.6391031577007,39.2887671119356],[-76.6388658014615,39.2887771745107],[-76.6388697977919,39.2888610475107],[-76.6388384416935,39.2888624130475],[-76.6386697090597,39.2888679049494],[-76.6386568754148,39.2886894078886],[-76.6382792681162,39.2887016157679],[-76.6381594152111,39.2887044975055],[-76.6381633776599,39.2887793952609],[-76.638039897596,39.2887854679052],[-76.637692241992,39.2887994965407],[-76.6376039581923,39.2887978523725],[-76.6375429995148,39.2888004098221],[-76.637483807202,39.2888030006144],[-76.6374574810157,39.2888045191206],[-76.637458731694,39.2888235794507],[-76.6374156814007,39.2888250832651],[-76.6372964137496,39.2888302061184],[-76.6373150984148,39.2890593503876],[-76.6373044974425,39.2890594554746],[-76.6373081536366,39.289125385247],[-76.6373101285325,39.2891692006847],[-76.636836191005,39.289183121486],[-76.6367629474738,39.2891693386074],[-76.6367527950473,39.2889385497265],[-76.6366369523152,39.2889427916497],[-76.6365945094615,39.2889447213],[-76.6365985845476,39.2890113405749],[-76.6366063215526,39.2891354054076],[-76.6366075935005,39.2891491387193],[-76.6366107203491,39.2891763990705],[-76.6363397595928,39.2891889647945],[-76.636064569834,39.2892040767512],[-76.6360620221443,39.2891749049661],[-76.6360514004957,39.2890068731895],[-76.6360089946893,39.2890088009417],[-76.6359983917538,39.2890092896284],[-76.6358928355579,39.2890139049796],[-76.6358920170909,39.2890010531068],[-76.6358895364123,39.2889681001347],[-76.6358892792289,39.2889608446195],[-76.6357397463581,39.2889674466112],[-76.6357452287433,39.289047662744],[-76.6357570733512,39.2892209623793],[-76.6355938658698,39.2892283721035],[-76.6355919942964,39.2891991735807],[-76.6355899878656,39.2891632828963],[-76.6355875668115,39.2891257443368],[-76.6355854614662,39.289095345276],[-76.6355834276767,39.2890647815979],[-76.6355830091432,39.2890568995537],[-76.635528695829,39.2890589568346],[-76.6355189793161,39.2890592815877],[-76.6355185516916,39.2890527191279],[-76.6354832129844,39.2890540092606],[-76.6354633528405,39.2890549916149],[-76.6353803051626,39.2890586602927],[-76.6353396655179,39.2890604275454],[-76.6352999102799,39.2890621993312],[-76.6352548514772,39.2890642834141],[-76.6352124456148,39.2890662108788],[-76.6352066273226,39.2890665360009],[-76.635220033975,39.2892448613779]]],[[[-76.6352200697531,39.2892453424946],[-76.635220033975,39.2892448613779],[-76.6352204233774,39.2892453264782],[-76.6352200697531,39.2892453424946]]]]},"properties":{"OBJECTID":30,"GIS_ID":"1013_23","FTYPE":1013,"AREA_NAME":"Union Square","AREA_TYPE":500,"ACRE":89.91202683,"CNTCT_NME":"[redacted]","CNTCT_DPT":"[redacted]","CNTCT_PHN":"[redacted]","CNTCT_EML":"[redacted]","CNTCT_ADDR":"[redacted]","CNTCT_AD_1":"8th Floor","CNTCT_CITY":"Baltimore","CNTCT_STAT":"MD","CNTCT_ZIP":"21202","SHAPE_Leng":12801.6937594,"GlobalID":"9815666b-5bc7-4380-88c9-ee4cab4a1dea","URL":" ","CHAPcode":"A05","created_user":"[redacted]","created_date":1520858965000,"last_edited_user":"[redacted]","last_edited_date":1520858965000,"Shape__Area":3916552.2220458984,"Shape__Length":12801.693759348287}},{"type":"Feature","id":31,"geometry":{"type":"Polygon","coordinates":[[[-76.6299246359812,39.3055056014319],[-76.6298381240289,39.3054335324205],[-76.6289732650958,39.3047196158934],[-76.6286664051064,39.304944979412],[-76.6284975233076,39.3050558096032],[-76.628199679725,39.3048244173294],[-76.6280602997512,39.3047002574292],[-76.6280499688114,39.3046588142858],[-76.6275524131117,39.3042591942523],[-76.6277488017609,39.3041252869019],[-76.6279980899474,39.3039280569303],[-76.628268119638,39.303734323023],[-76.6284286167555,39.3036214074833],[-76.6287785262067,39.3033567139018],[-76.6289173532578,39.3032483609093],[-76.6291292822348,39.3030976840903],[-76.6291825187129,39.3030544365695],[-76.6294322076806,39.3028635560123],[-76.6295239923166,39.3027969228687],[-76.6289603114019,39.3023358342032],[-76.6285554439747,39.3020088207833],[-76.6285827120329,39.3019473042518],[-76.628829837114,39.3017392556013],[-76.6290352617054,39.3015652188478],[-76.6293990424467,39.3018560203753],[-76.629188819847,39.3020182003634],[-76.6296352723733,39.3023804712715],[-76.6296629309098,39.3024129901793],[-76.6298551918426,39.3025606516596],[-76.6301832942356,39.3028276672757],[-76.6301997759872,39.3028134250506],[-76.63021470412,39.3028038618654],[-76.6302268667546,39.3027948169177],[-76.6303262067195,39.3028733340483],[-76.6304528031928,39.3027779801013],[-76.6304953822048,39.3027455300577],[-76.6306772118998,39.3028970972728],[-76.6306789239916,39.3029383464731],[-76.6305273556713,39.3030526154803],[-76.6308510484866,39.3033166275036],[-76.6305067143027,39.3035811141739],[-76.6314907331694,39.3043755985115],[-76.6318041465785,39.3041427907935],[-76.6320615832433,39.3043520951139],[-76.6321223349181,39.3043048902743],[-76.6322829123971,39.3044344864984],[-76.6323349623762,39.3044763543591],[-76.6323861662945,39.3045175043491],[-76.6324335716859,39.3045555951777],[-76.6324782996018,39.3045915374167],[-76.6325201775934,39.3046252710803],[-76.6324803686108,39.3046545103029],[-76.6327902271521,39.3049018879294],[-76.6328013210816,39.3048941400718],[-76.6332297566194,39.3052450171923],[-76.6332035848991,39.3052831725615],[-76.6332120654524,39.305290009645],[-76.6332545093021,39.3053241024036],[-76.6332893845565,39.3053521328626],[-76.633325244829,39.3053809356296],[-76.6333588903425,39.3054080020246],[-76.6333941883251,39.3054363616454],[-76.6334309307728,39.3054658814305],[-76.6334663002583,39.3054943259231],[-76.6334854959297,39.3055097445773],[-76.6334370730661,39.3055444545571],[-76.6336757816151,39.3057383776523],[-76.6335141735065,39.3058554060556],[-76.6334267566788,39.3059311508059],[-76.6331145440704,39.3061686909434],[-76.6330719927088,39.306196528324],[-76.6328279481762,39.3059968594533],[-76.6321046542508,39.3054148097774],[-76.6315434375787,39.3049716225997],[-76.6311315590823,39.3046392396232],[-76.6308802149227,39.3048083301188],[-76.6307821884927,39.3048857546397],[-76.6307363849725,39.3049442958292],[-76.6306392149326,39.3048569918498],[-76.6297555342298,39.3041355743433],[-76.6295649077321,39.3042655560897],[-76.6293826192863,39.304407233114],[-76.6303573208145,39.3052089043044],[-76.6299246359812,39.3055056014319]]]},"properties":{"OBJECTID":31,"GIS_ID":"1013_12","FTYPE":1013,"AREA_NAME":"Upton's Marble Hill","AREA_TYPE":500,"ACRE":18.92362156,"CNTCT_NME":"[redacted]","CNTCT_DPT":"[redacted]","CNTCT_PHN":"[redacted]","CNTCT_EML":"[redacted]","CNTCT_ADDR":"[redacted]","CNTCT_AD_1":"8th Floor","CNTCT_CITY":"Baltimore","CNTCT_STAT":"MD","CNTCT_ZIP":"21202","SHAPE_Leng":7223.20537804,"GlobalID":"a793bbd9-37f7-4602-9c4b-7941792e5b52","URL":" ","CHAPcode":"A15","created_user":"[redacted]","created_date":1520858965000,"last_edited_user":"[redacted]","last_edited_date":1520858965000,"Shape__Area":824309.65783691406,"Shape__Length":7223.2053780547722}},{"type":"Feature","id":32,"geometry":{"type":"Polygon","coordinates":[[[-76.5996891368916,39.2925399614481],[-76.5993802725723,39.2925746192411],[-76.5987933709259,39.2927347577336],[-76.5984631200025,39.2928255502151],[-76.5984565892576,39.2928273456277],[-76.5984309860747,39.2927402500886],[-76.5983575826461,39.2924500984956],[-76.5984133404049,39.2924433703666],[-76.5984475122243,39.2925984719762],[-76.5984944084119,39.2925965731208],[-76.5984841516467,39.2925548067469],[-76.5984730318041,39.2925094668081],[-76.5984624625882,39.292466381551],[-76.5984528978916,39.2924272801853],[-76.5984413625262,39.2923804021245],[-76.5984324860086,39.2923442404875],[-76.598489164618,39.2923372137156],[-76.5984791333551,39.2922992367063],[-76.5984707965525,39.2922676626867],[-76.5984600039771,39.2922267718156],[-76.5984517032044,39.2921953888783],[-76.5984419822275,39.2921585100507],[-76.5984318477019,39.2921201489583],[-76.5984222647389,39.2920838759109],[-76.5984088544092,39.2920371058293],[-76.5979846083806,39.2921013770131],[-76.5975036662942,39.2921780720883],[-76.5975714750122,39.2924296183178],[-76.5975743725214,39.2924666927273],[-76.5973728625429,39.292474265867],[-76.597228374263,39.2924797525421],[-76.5972552925353,39.2929147922164],[-76.5965284387638,39.2930060619401],[-76.5965064810098,39.2925831669699],[-76.5964988392583,39.2923402921362],[-76.5959453871203,39.2924272769733],[-76.595883188819,39.2924140209278],[-76.5958533288893,39.2923838895618],[-76.5958474097599,39.2923375385889],[-76.5957936240751,39.2918553413117],[-76.5957666454025,39.2914746519206],[-76.5953364441265,39.2914800337545],[-76.5949004455536,39.2914951762834],[-76.5949285758913,39.2919829468665],[-76.5944956130284,39.2919920984029],[-76.5940910933406,39.2920006467312],[-76.5940102380192,39.2920056881308],[-76.5937650328366,39.2920126536893],[-76.5937972858768,39.292636250001],[-76.5938771556148,39.2939602121864],[-76.5934437968227,39.293973812773],[-76.5928098842145,39.2939949542782],[-76.5925912281703,39.2940000313521],[-76.5923667675946,39.29401624019],[-76.5919205709428,39.2940354536945],[-76.5918827979709,39.2934615085218],[-76.5918592356503,39.2930271187735],[-76.5918358893422,39.2927097583168],[-76.5918136174658,39.2922820664951],[-76.5917885559441,39.2918789016416],[-76.5917830239616,39.2916120500688],[-76.5911128923382,39.291636147012],[-76.5911366108405,39.2920425672314],[-76.5910800946677,39.2920396259085],[-76.5904823826761,39.2920658557106],[-76.590455558084,39.2916631996095],[-76.5898159144198,39.2916853344962],[-76.5897968489994,39.2913165099336],[-76.589747504427,39.2905316333417],[-76.5903836087484,39.2905089703792],[-76.5910356181838,39.2904848172407],[-76.5917079754287,39.2904554113102],[-76.5923029931917,39.2904346542957],[-76.5923873707078,39.2904308297122],[-76.5925321941851,39.2904371654461],[-76.5926894603696,39.2904301615358],[-76.5931506084719,39.2904182021381],[-76.5936842172451,39.2903925450876],[-76.5938798776357,39.2903747686589],[-76.5938127418447,39.2892526142081],[-76.5947487578488,39.289210890781],[-76.5948253269052,39.2903421406521],[-76.5952966586785,39.2903279200229],[-76.5957423681993,39.2903097783998],[-76.5961547555354,39.2903002507163],[-76.5963823972618,39.2902949916429],[-76.5967353417957,39.2902826481746],[-76.597052037133,39.2902765278798],[-76.5971028194631,39.2902777307214],[-76.5978639272872,39.2902508241993],[-76.5983419058427,39.2902298097611],[-76.5986400482055,39.2902243090324],[-76.5991047687484,39.2902049603428],[-76.5993984868471,39.2902008135498],[-76.5995295339431,39.2902216805991],[-76.599606083676,39.291370256413],[-76.5996891368916,39.2925399614481]]]},"properties":{"OBJECTID":32,"GIS_ID":"1013_16","FTYPE":1013,"AREA_NAME":"Washington Hill","AREA_TYPE":500,"ACRE":52.60921743,"CNTCT_NME":"[redacted]","CNTCT_DPT":"[redacted]","CNTCT_PHN":"[redacted]","CNTCT_EML":"[redacted]","CNTCT_ADDR":"[redacted]","CNTCT_AD_1":"8th Floor","CNTCT_CITY":"Baltimore","CNTCT_STAT":"MD","CNTCT_ZIP":"21202","SHAPE_Leng":11024.57639495,"GlobalID":"00560898-5ad7-45bb-a3ff-0985ccfa3a33","URL":" ","CHAPcode":"A16","created_user":"[redacted]","created_date":1520858965000,"last_edited_user":"[redacted]","last_edited_date":1520858965000,"Shape__Area":2291648.3442993164,"Shape__Length":11024.576394959187}},{"type":"Feature","id":33,"geometry":{"type":"Polygon","coordinates":[[[-76.6082144821817,39.3303869968344],[-76.6081457339153,39.3303799733195],[-76.6076895434956,39.3303374072083],[-76.6076943998439,39.3303032147538],[-76.6076213768875,39.3303070342987],[-76.607558053506,39.3303081388964],[-76.6075141104107,39.3303089001332],[-76.6075000847606,39.3304029401834],[-76.6074126837425,39.3303924365106],[-76.6073471147451,39.330384555725],[-76.6072886450021,39.3303775246084],[-76.6072815782218,39.3303766777135],[-76.6072934410667,39.3302968785172],[-76.6072268047936,39.330290314597],[-76.6071615457822,39.3302838633317],[-76.6070738865739,39.3302751969729],[-76.6069861554791,39.3302665303082],[-76.6068985345923,39.3302578630458],[-76.6068786405298,39.330255902237],[-76.6068133827366,39.3302494516829],[-76.6067334600352,39.3302415522649],[-76.6066637137953,39.3302346740675],[-76.6065451751451,39.3302229387117],[-76.6063699276493,39.3302056322679],[-76.6063284123918,39.3302015398462],[-76.6062129108664,39.3301901151768],[-76.6061424936519,39.3301831533544],[-76.6061480932483,39.3299580964131],[-76.6061482803065,39.3298594937792],[-76.606327327282,39.3298559744406],[-76.6063236779184,39.3291603240059],[-76.6067458205078,39.3290555197685],[-76.6069182794736,39.3290332752257],[-76.6077867560924,39.3290576033703],[-76.6077853997997,39.3291134570415],[-76.6077718821341,39.3293906257767],[-76.6077715328095,39.3294042925871],[-76.608338563552,39.3294223860145],[-76.608299915832,39.3297793423073],[-76.6082495886664,39.3301702349942],[-76.6082144821817,39.3303869968344]]]},"properties":{"OBJECTID":33,"GIS_ID":"1013_2","FTYPE":1013,"AREA_NAME":"Waverly","AREA_TYPE":500,"ACRE":5.47358186,"CNTCT_NME":"[redacted]","CNTCT_DPT":"[redacted]","CNTCT_PHN":"[redacted]","CNTCT_EML":"[redacted]","CNTCT_ADDR":"[redacted]","CNTCT_AD_1":"8th Floor","CNTCT_CITY":"Baltimore","CNTCT_STAT":"MD","CNTCT_ZIP":"21202","SHAPE_Leng":2150.29493862,"GlobalID":"e2874e26-20c4-4dfd-9831-ebbfd7b998fe","URL":" ","CHAPcode":"A08","created_user":"[redacted]","created_date":1520858965000,"last_edited_user":"[redacted]","last_edited_date":1520858965000,"Shape__Area":238428.27203369141,"Shape__Length":2150.2949386385726}},{"type":"Feature","id":34,"geometry":{"type":"Polygon","coordinates":[[[-76.6339033224682,39.3560930052512],[-76.6336388830121,39.356111056689],[-76.6322854283487,39.3561732383094],[-76.6321810532867,39.3557568027736],[-76.63206870007,39.3553451457764],[-76.6336694940375,39.355234491269],[-76.6337857245034,39.3556679486284],[-76.6338065056301,39.3556668144603],[-76.6338523411069,39.3558646302461],[-76.6339033224682,39.3560930052512]]]},"properties":{"OBJECTID":34,"GIS_ID":"1013_31","FTYPE":1013,"AREA_NAME":"Wyndhurst","AREA_TYPE":500,"ACRE":3.27399087,"CNTCT_NME":"[redacted]","CNTCT_DPT":"[redacted]","CNTCT_PHN":"[redacted]","CNTCT_EML":"[redacted]","CNTCT_ADDR":"[redacted]","CNTCT_AD_1":"8th Floor","CNTCT_CITY":"Baltimore","CNTCT_STAT":"MD","CNTCT_ZIP":"21202","SHAPE_Leng":1545.49839245,"GlobalID":"d96382e4-67aa-4633-8035-165752b6cb47","URL":" ","CHAPcode":"A30","created_user":"[redacted]","created_date":1520858965000,"last_edited_user":"[redacted]","last_edited_date":1520858965000,"Shape__Area":142614.47174072266,"Shape__Length":1545.4983924452692}},{"type":"Feature","id":35,"geometry":{"type":"Polygon","coordinates":[[[-76.6286744808897,39.354096733837],[-76.6287323838192,39.3544947139763],[-76.6287062377939,39.3544970111795],[-76.6282150869131,39.3545682410174],[-76.6281234935478,39.354581427379],[-76.6282101388428,39.3549603155242],[-76.6281250830312,39.3549599817085],[-76.6275829652182,39.3549579092916],[-76.627538830123,39.3549850592702],[-76.6275013262126,39.3550081399711],[-76.6270660042636,39.3552760629592],[-76.6269816383583,39.3553279834253],[-76.6269084060485,39.3553730538879],[-76.6268720176543,39.3552119443794],[-76.6263492454155,39.3552830390621],[-76.6263167038986,39.3552870790639],[-76.6262152982177,39.3548004724494],[-76.6261658513318,39.3545819006872],[-76.6261402790473,39.3545860429628],[-76.6256170002056,39.3546531785246],[-76.6255241634408,39.3546650843544],[-76.6255541562859,39.3547900578104],[-76.625470728951,39.3548017098277],[-76.6247732630512,39.3548929138817],[-76.6247451393669,39.354896591937],[-76.6247253427602,39.354808438913],[-76.6247048399188,39.3548115954305],[-76.6240080614518,39.3549057623849],[-76.6238871728531,39.3549221115567],[-76.6236778587994,39.3539822364233],[-76.6236546431936,39.353858958616],[-76.6244940038562,39.3537904312235],[-76.6253161350669,39.3537185840578],[-76.6257292007982,39.3536799174238],[-76.6265875664847,39.3536110951066],[-76.6267326190695,39.3535991992787],[-76.6270963201351,39.3535697694719],[-76.6271073012711,39.3536511800361],[-76.6271619815648,39.3540596858918],[-76.6271802873665,39.3541962216453],[-76.6271821974587,39.3542104864455],[-76.6273231159596,39.3542006133576],[-76.6278661193045,39.3541674996109],[-76.6280235765388,39.3541503243679],[-76.6281385689072,39.3541388478322],[-76.6284636687297,39.3541009247214],[-76.6285215968574,39.3540969886505],[-76.6286744808897,39.354096733837]]]},"properties":{"OBJECTID":35,"GIS_ID":"1013_32","FTYPE":1013,"AREA_NAME":"Wyndhurst","AREA_TYPE":500,"ACRE":12.23288018,"CNTCT_NME":"[redacted]","CNTCT_DPT":"[redacted]","CNTCT_PHN":"[redacted]","CNTCT_EML":"[redacted]","CNTCT_ADDR":"[redacted]","CNTCT_AD_1":"8th Floor","CNTCT_CITY":"Baltimore","CNTCT_STAT":"MD","CNTCT_ZIP":"21202","SHAPE_Leng":4127.55507022,"GlobalID":"19eb4f62-8590-497f-a3f3-bb0e1fb502ff","URL":" ","CHAPcode":"A30","created_user":"[redacted]","created_date":1520858965000,"last_edited_user":"[redacted]","last_edited_date":1520858965000,"Shape__Area":532862.12908935547,"Shape__Length":4127.5550701935}},{"type":"Feature","id":36,"geometry":{"type":"Polygon","coordinates":[[[-76.6072924514708,39.2807873147391],[-76.6071939087672,39.2807646292041],[-76.6071760677743,39.2807548349944],[-76.6070011740482,39.2775870837742],[-76.6070129961998,39.2775861189779],[-76.609019714035,39.2773820966809],[-76.6123403588426,39.2770452779203],[-76.6143709591584,39.2768287170678],[-76.6155183644679,39.2767051538876],[-76.6156004156015,39.2777792686549],[-76.615677222766,39.2789254368186],[-76.6157323157269,39.27983907273],[-76.6157672344792,39.2804059162954],[-76.614198418832,39.2804625482884],[-76.6130813709038,39.2805142997589],[-76.6129054961275,39.2805256346824],[-76.6128435123463,39.2805296297538],[-76.6127255964102,39.2805589842272],[-76.6124915543114,39.2805617838712],[-76.611408004957,39.2805946724888],[-76.611249612812,39.2806867098704],[-76.609889443087,39.280702963856],[-76.6091173592191,39.2807367752973],[-76.6081102598189,39.2807785117928],[-76.6075091701164,39.2808053697721],[-76.6072924514708,39.2807873147391]]]},"properties":{"OBJECTID":36,"GIS_ID":null,"FTYPE":null,"AREA_NAME":"Federal Hill","AREA_TYPE":null,"ACRE":null,"CNTCT_NME":"[redacted]","CNTCT_DPT":"[redacted]","CNTCT_PHN":"[redacted]","CNTCT_EML":"[redacted]","CNTCT_ADDR":"[redacted]","CNTCT_AD_1":"8th Floor","CNTCT_CITY":"Baltimore","CNTCT_STAT":"MD","CNTCT_ZIP":"21202","SHAPE_Leng":null,"GlobalID":"b770189a-e17f-4c89-ac86-aec3930e09b6","URL":null,"CHAPcode":"A34","created_user":"[redacted]","created_date":1520858965000,"last_edited_user":"[redacted]","last_edited_date":1520858965000,"Shape__Area":3069838.9586181641,"Shape__Length":7387.0978358578923}},{"type":"Feature","id":37,"geometry":{"type":"Polygon","coordinates":[[[-76.618244956384,39.2950146907437],[-76.6182269548264,39.2945024220697],[-76.6181955095447,39.2940259724426],[-76.6189619757675,39.2939944851128],[-76.6197302313917,39.2939581930273],[-76.6203314633946,39.2939352567854],[-76.6203884268933,39.2949277743861],[-76.6197849662076,39.2949529349065],[-76.6190228942269,39.2949871873908],[-76.618244956384,39.2950146907437]]]},"properties":{"OBJECTID":37,"GIS_ID":null,"FTYPE":null,"AREA_NAME":"Howard Street Commercial","AREA_TYPE":null,"ACRE":null,"CNTCT_NME":"[redacted]","CNTCT_DPT":"[redacted]","CNTCT_PHN":"[redacted]","CNTCT_EML":"[redacted]","CNTCT_ADDR":"[redacted]","CNTCT_AD_1":"8th Floor","CNTCT_CITY":"Baltimore","CNTCT_STAT":"MD","CNTCT_ZIP":"21202","SHAPE_Leng":null,"GlobalID":"fa1136e7-9540-4616-a781-f33a2ee3b881","URL":null,"CHAPcode":"A35","created_user":"[redacted]","created_date":1520858965000,"last_edited_user":"[redacted]","last_edited_date":1520858965000,"Shape__Area":219069.498046875,"Shape__Length":1935.1871962836433}},{"type":"Feature","id":38,"geometry":{"type":"Polygon","coordinates":[[[-76.6180704370255,39.2923185398119],[-76.6177303674216,39.2923169194227],[-76.6174358450031,39.2923261041637],[-76.6170288725485,39.2923434608493],[-76.6169546067369,39.2923411262657],[-76.6169738782181,39.2923038291977],[-76.617015964741,39.2922122853014],[-76.6172286174165,39.2917488556734],[-76.6173179528535,39.2915626164994],[-76.6175292511444,39.2911150982638],[-76.6175529909819,39.2910566684986],[-76.617746974146,39.2906284777967],[-76.6178728600579,39.2906223802502],[-76.6180884581938,39.290608309778],[-76.6193633129478,39.2905599528249],[-76.6196561983432,39.290549398725],[-76.6198988182198,39.2905401576166],[-76.6199289731813,39.2909923032828],[-76.6203082160118,39.2909782707398],[-76.6203100417725,39.2910061992911],[-76.6203108749605,39.291015344695],[-76.6203293186563,39.2912005347388],[-76.6203358733179,39.2912101652261],[-76.6203493643807,39.2914156270583],[-76.6203506277939,39.2914303747743],[-76.6203568643312,39.2915325906067],[-76.6202253761692,39.2915353741262],[-76.620128436897,39.2915188299253],[-76.619571768416,39.2915469563508],[-76.6188403255342,39.2915755337799],[-76.6187999907288,39.2915806228098],[-76.6186568571723,39.2916062595921],[-76.6182138573849,39.2916245825308],[-76.6180327028736,39.291616249844],[-76.6180704370255,39.2923185398119]]]},"properties":{"OBJECTID":38,"GIS_ID":null,"FTYPE":null,"AREA_NAME":"Five & Dime","AREA_TYPE":null,"ACRE":null,"CNTCT_NME":"[redacted]","CNTCT_DPT":"[redacted]","CNTCT_PHN":"[redacted]","CNTCT_EML":"[redacted]","CNTCT_ADDR":"[redacted]","CNTCT_AD_1":"8th Floor","CNTCT_CITY":"Baltimore","CNTCT_STAT":"MD","CNTCT_ZIP":"21202","SHAPE_Leng":null,"GlobalID":"d7b2dc37-5433-4e51-9b54-3bc0f1f4b10e","URL":null,"CHAPcode":"A36","created_user":"[redacted]","created_date":1520858965000,"last_edited_user":"[redacted]","last_edited_date":1520858965000,"Shape__Area":338083.31622314453,"Shape__Length":2980.6006923088212}}]}